district,district_label,school_code,school_name,admission_track,program,address,website
tp,基北區,170404,國立基隆商工,基北區,高中,基隆市七堵區東新街22號,https://www.klcivs.kl.edu.tw/
tp,基北區,170301,國立基隆女中,基北區,高中,基隆市信義區東信路324號,http://www.klgsh.kl.edu.tw
tp,基北區,170302,國立基隆高中,基北區,高中,基隆市暖暖區源遠路20號,https://www.klsh.kl.edu.tw/
tp,基北區,170403,國立海洋大學附屬基隆海事,基北區,技術型高中,基隆市中正區祥豐街246號,http://www.klms.ntou.edu.tw/
tp,基北區,173304,市立中山高中,基北區,高中,基隆市中山區文化路162號,https://csjh.kl.edu.tw/
tp,基北區,173314,市立八斗高中,基北區,高中,基隆市中正區新豐街100號,https://bdjh.kl.edu.tw/
tp,基北區,173306,市立安樂高中,基北區,高中,基隆市安樂區安一路360號,https://aljh.kl.edu.tw/
tp,基北區,173307,市立暖暖高中,基北區,高中,基隆市暖暖區暖中路112號,https://nnjh.kl.edu.tw/
tp,基北區,171306,私立二信高中,基北區,高中,基隆市中正區立德路243號,https://www.essh.kl.edu.tw/
tp,基北區,171407,私立培德工家,基北區,高中,基隆市信義區培德路73號,http://www.ptvs.kl.edu.tw
tp,基北區,171308,輔大聖心高中,基北區,高中,基隆市中山區西定路166號,http://www.shsh.kl.edu.tw
tp,基北區,020409,國立頭城家商,基北區共同就學區,高中,宜蘭縣頭城鎮新興路111號,http://www.tcvs.ilc.edu.tw
tp,基北區,010301,國立華僑高級中等學校,基北區,高中,新北市板橋區大觀路一段32號,http://www.nocsh.ntpc.edu.tw
tp,基北區,014357,市立三民高中,基北區,高中,新北市蘆洲區三民路96號,http://www.smsh.ntpc.edu.tw
tp,基北區,013430,市立三重商工,基北區,高中,新北市三重區中正北路163號,http://www.scvs.ntpc.edu.tw
tp,基北區,014311,市立三重高中,基北區,高中,新北市三重區集美街212號,https://www3.schs.ntpc.edu.tw/
tp,基北區,013336,市立中和高中,基北區,高中,新北市中和區連城路460號,http://www.chshs.ntpc.edu.tw
tp,基北區,014353,市立丹鳳高中,基北區,高中,新北市新莊區龍安路72號,http://www.dfsh.ntpc.edu.tw/
tp,基北區,014363,市立光復高中,基北區,高中,新北市板橋區光環路一段7號,http://www.gfhs.ntpc.edu.tw/
tp,基北區,014381,市立北大高級中學,基北區,高中,新北市三峽區大義路277號,http://www.bdsh.ntpc.edu.tw
tp,基北區,014343,市立安康高中,基北區,高中,新北市新店區安興路25號,http://www.akhs.ntpc.edu.tw
tp,基北區,013338,市立新北高中,基北區,高中,新北市三重區三信路1號,http://www.ntsh.ntpc.edu.tw/
tp,基北區,013433,市立新北高工,基北區,高中,新北市土城區學府路一段241號,https://www.ntvs.ntpc.edu.tw/
tp,基北區,013335,市立新店高中,基北區,高中,新北市新店區中央路93號,http://www.htsh.ntpc.edu.tw
tp,基北區,013337,市立新莊高中,基北區,高中,新北市新莊區中平路135號,http://www.hcsh.ntpc.edu.tw
tp,基北區,014326,市立明德高中,基北區,高中,新北市三峽區中正路二段399號,http://www.mdhs.ntpc.edu.tw
tp,基北區,013304,市立板橋高中,基北區,高中,新北市板橋區文化路一段25號,http://www.pcsh.ntpc.edu.tw
tp,基北區,013339,市立林口高中,基北區,高中,新北市林口區仁愛路二段173號,http://www.lksh.ntpc.edu.tw
tp,基北區,014468,市立樟樹國際實中,基北區,高中,新北市汐止區樟樹二路135號,http://www.ctjhs.ntpc.edu.tw/
tp,基北區,014322,市立樹林高中,基北區,高中,新北市樹林區中華路8號,http://www.slsh.ntpc.edu.tw
tp,基北區,014315,市立永平高中,基北區,高中,新北市永和區永平路205號,https://www.yphs.ntpc.edu.tw/
tp,基北區,013303,市立泰山高中,基北區,高中,新北市泰山區辭修路7號,http://www.tssh.ntpc.edu.tw
tp,基北區,014302,市立海山高中,基北區,高中,新北市板橋區漢生東路215號,http://www.hshs.ntpc.edu.tw
tp,基北區,013434,市立淡水商工,基北區,高中,新北市淡水區商工路307號,http://www.tsvs.ntpc.edu.tw
tp,基北區,014356,市立清水高中,基北區,高中,新北市土城區明德路一段72號,http://www.cssh.ntpc.edu.tw
tp,基北區,013402,市立瑞芳高工,基北區,高中,新北市瑞芳區瑞芳街60號,https://web.jfvs.ntpc.edu.tw/
tp,基北區,014348,市立石碇高中,基北區,高中,新北市石碇區隆盛里八分寮45號,http://www.sdhs.ntpc.edu.tw
tp,基北區,014332,市立秀峰高中,基北區,高中,新北市汐止區忠孝東路201號,https://www.sfhs.ntpc.edu.tw/
tp,基北區,014364,市立竹圍高中,基北區,高中,新北市淡水區竹林路35號,https://www.zwhs.ntpc.edu.tw/
tp,基北區,014338,市立金山高中,基北區,高中,新北市金山區美田里文化二路2號,http://www.cshs.ntpc.edu.tw
tp,基北區,014362,市立錦和高中,基北區,高中,新北市中和區錦和路163號,http://www.jhsh.ntpc.edu.tw
tp,基北區,014347,市立雙溪高中,基北區,高中,新北市雙溪區梅竹蹊3號,http://www.sxhs.ntpc.edu.tw
tp,基北區,014439,市立鶯歌工商,基北區,高中,新北市鶯歌區中正三路154號,http://www.ykvs.ntpc.edu.tw
tp,基北區,011309,新北市南山中學,基北區,高中,新北市中和區廣福路41號,https://www.nssh.ntpc.edu.tw/
tp,基北區,011322,新北市崇光高中,基北區,高中,新北市新店區三民路18號,https://web.ckgsh.ntpc.edu.tw/nss/p/index
tp,基北區,011330,新北市林口康橋國際高中,基北區,高中,新北市林口區興林路55號,https://web.kcislk.ntpc.edu.tw/
tp,基北區,011307,新北市裕德高級中等學校,基北區,高中,新北市土城區擺接堡路1號,http://www.yuteh.ntpc.edu.tw/
tp,基北區,011432,私立中華商海,基北區,高中,新北市萬里區瑪鋉路15號,http://www.chmvs.ntpc.edu.tw
tp,基北區,011323,私立光仁高中,基北區,高中,新北市板橋區中山路二段255巷18號,http://www.kjsh.ntpc.edu.tw
tp,基北區,011C71,私立光華高商進修學校,基北區,高中,新北市板橋區南雅南路二段1號,http://www.khvs.ntpc.edu.tw
tp,基北區,011312,私立崇義高中,基北區,高中,新北市汐止區大同路三段68號,https://www.tyhs.ntpc.edu.tw/
tp,基北區,011302,私立康橋高中,基北區,高中,新北市新店區華城路800號,https://www.kcis.ntpc.edu.tw/_XiugangCampus/
tp,基北區,011318,私立徐匯高中,基北區,高中,新北市蘆洲區中山一路1號,http://www.sish.ntpc.edu.tw
tp,基北區,011407,私立復興商工,基北區,高中,新北市永和區秀朗路一段201號,http://www.fhvs.ntpc.edu.tw
tp,基北區,011399,私立時雨高中,基北區,高中,新北市瑞芳區銅山里祈堂路217號,http://www.syjh.ntpc.edu.tw
tp,基北區,011420,私立智光商工,基北區,高中,新北市永和區中正路100號,https://www.ckvs.ntpc.edu.tw/home
tp,基北區,011315,私立東海高中,基北區,高中,新北市三重區忠孝路三段93巷12號,https://www.thhs.ntpc.edu.tw/
tp,基北區,011316,私立格致高中,基北區,高中,新北市三重區大智街260號,http://www.gjsh.ntpc.edu.tw
tp,基北區,011405,私立樹人家商,基北區,高中,新北市樹林區大安路216號,http://www.stgvs.ntpc.edu.tw
tp,基北區,011301,私立淡江高中,基北區,高中,新北市淡水區真理街26號,http://www.tksh.ntpc.edu.tw
tp,基北區,011413,私立穀保家商,基北區,高中,新北市三重區中正北路560巷38號,http://www.kpvs.ntpc.edu.tw
tp,基北區,011324,私立竹林高中,基北區,高中,新北市中和區華新街143巷12號,http://www.clsh.ntpc.edu.tw
tp,基北區,011311,私立聖心女中,基北區,高中,新北市八里區龍米路一段263號,http://www.shgsh.ntpc.edu.tw
tp,基北區,011426,私立能仁家商,基北區,高中,新北市新店區文中路53巷10號,http://www.nrvs.ntpc.edu.tw
tp,基北區,011431,私立莊敬工家,基北區,高中,新北市新店區民生路45號,http://www.jjvs.ntpc.edu.tw
tp,基北區,011427,私立豫章工商,基北區,高中,新北市板橋區四川路一段391號,http://www.ycvs.ntpc.edu.tw
tp,基北區,011317,私立醒吾高中,基北區,高中,新北市林口區粉寮路一段75巷80號,http://www.swsh.ntpc.edu.tw
tp,基北區,011306,私立金陵女中,基北區,高中,新北市三重區重新路五段656號,http://www.glghs.ntpc.edu.tw
tp,基北區,011310,財團法人恆毅高中,基北區,高中,新北市新莊區中正路108號,http://www.hchs.ntpc.edu.tw
tp,基北區,011329,財團法人辭修高中,基北區,高中,新北市三峽區溪東路251號,http://www.tsshs.ntpc.edu.tw
tp,基北區,034306,市立南崁高中,基北區共同就學區,高中,桃園市蘆竹區仁愛路二段1號,https://www.nksh.tyc.edu.tw/ischool/publish_page/0/
tp,基北區,034314,市立壽山高中,基北區共同就學區,高中,桃園市龜山區大同路23號,http://www.sssh.tyc.edu.tw
tp,基北區,034347,市立永豐高中,基北區共同就學區,高中,桃園市八德區永豐路609號,http://www.yfms.tyc.edu.tw
tp,基北區,031414,桃園市世紀綠能工商,基北區共同就學區,高中,桃園市龜山區明德路162巷100號,https://web.cgehs.tyc.edu.tw/
tp,基北區,031317,私立光啟高中,基北區共同就學區,高中,桃園市龜山區自由街40號,http://www.phsh.tyc.edu.tw
tp,基北區,330301,國立師大附中,基北區,高中,臺北市大安區和安里信義路三段143號,https://www.hs.ntnu.edu.tw/
tp,基北區,380301,國立政大附中,基北區,高中,臺北市文山區政大里政大一街353號,https://www.ahs.nccu.edu.tw/home
tp,基北區,343301,市立中山女中,基北區,高中,臺北市中山區力行里長安東路2段141號,http://www.csghs.tp.edu.tw
tp,基北區,313302,市立中崙高中,基北區,高中,臺北市松山區吉祥里八德路四段101號,http://www.zlsh.tp.edu.tw/
tp,基北區,423302,市立中正高中,基北區,高中,臺北市北投區建民里文林北路77號,https://www.ccsh.tp.edu.tw/
tp,基北區,403301,市立內湖高中,基北區,高中,臺北市內湖區紫陽里文德路218號,http://www.nhsh.tp.edu.tw
tp,基北區,403401,市立內湖高工,基北區,高中,臺北市內湖區港墘里內湖路1段520號,http://www.nihs.tp.edu.tw
tp,基北區,353303,市立北一女中,基北區,高中,臺北市中正區建國里重慶南路1段165號,http://www.fg.tp.edu.tw
tp,基北區,373302,市立北市大附中,基北區,高中,臺北市萬華區綠堤里長順街2號,https://newweb.tlsh.tp.edu.tw/nss/p/index
tp,基北區,393301,市立南港高中,基北區,高中,臺北市南港區西新里向陽路21號,http://www.nksh.tp.edu.tw
tp,基北區,393401,市立南港高工,基北區,高中,臺北市南港區南港里興中路29號,http://www.nkhs.tp.edu.tw
tp,基北區,403303,市立南湖高中,基北區,高中,臺北市內湖區南湖里康寧路三段220號,http://www.nhush.tp.edu.tw
tp,基北區,333301,市立和平高中,基北區,高中,臺北市大安區芳和里臥龍街100號,http://www.hpsh.tp.edu.tw
tp,基北區,413401,市立士林高商,基北區,高中,臺北市士林區後港里士商路150號,http://www.slhs.tp.edu.tw
tp,基北區,343302,市立大同高中,基北區,高中,臺北市中山區中央里長春路167號,http://www.ttsh.tp.edu.tw
tp,基北區,333401,市立大安高工,基北區,高中,臺北市大安區龍圖里復興南路2段52號,http://www.taivs.tp.edu.tw
tp,基北區,343303,市立大直高中,基北區,高中,臺北市中山區劍潭里北安路420號,http://www.dcsh.tp.edu.tw
tp,基北區,353301,市立建國中學,基北區,高中,臺北市中正區龍光里南海路56號,http://www.ck.tp.edu.tw
tp,基北區,423301,市立復興高中,基北區,高中,臺北市北投區開明里復興四路70號,http://www.fhsh.tp.edu.tw
tp,基北區,353302,市立成功中學,基北區,高中,臺北市中正區幸福里濟南路1段71號,http://www.cksh.tp.edu.tw
tp,基北區,363302,市立成淵高中,基北區,高中,臺北市大同區民權里承德路二段235號,http://www.cyhs.tp.edu.tw
tp,基北區,363301,市立明倫高中,基北區,高中,臺北市大同區重慶里承德路三段336號,https://www.mlsh.tp.edu.tw/nss/p/index
tp,基北區,383301,市立景美女中,基北區,高中,臺北市文山區樟文里木新路三段312號,http://www.cmgsh.tp.edu.tw
tp,基北區,383401,市立木柵高工,基北區,高中,臺北市文山區博嘉里木柵路四段77號,http://www.mcvs.tp.edu.tw
tp,基北區,323401,市立松山家商,基北區,高中,臺北市信義區松隆里松山路655號,http://www.ssvs.tp.edu.tw
tp,基北區,323402,市立松山工農,基北區,技術型高中,臺北市信義區廣居里忠孝東路五段236巷15號,http://www.saihs.edu.tw
tp,基北區,323301,市立松山高中,基北區,高中,臺北市信義區新仁里基隆路一段156號,http://www.sssh.tp.edu.tw
tp,基北區,323302,市立永春高中,基北區,高中,臺北市信義區松隆里松山路654號,http://www.ycsh.tp.edu.tw
tp,基北區,413302,市立百齡高中,基北區,高中,臺北市士林區義信里承德路4段177號,http://www.blsh.tp.edu.tw
tp,基北區,393302,市立育成高中,基北區,高中,臺北市南港區南港里重陽路366號,http://mars.yucsh.tp.edu.tw/ischool/publish_page/0/
tp,基北區,373301,市立華江高中,基北區,高中,臺北市萬華區日善里西藏路213號,http://www.hcsh.tp.edu.tw
tp,基北區,383302,市立萬芳高中,基北區,高中,臺北市文山區興光里興隆路三段115巷1號,http://www.wfsh.tp.edu.tw
tp,基北區,313301,市立西松高中,基北區,高中,臺北市松山區鵬程里健康路325巷7號,http://www.hssh.tp.edu.tw
tp,基北區,413301,市立陽明高中,基北區,高中,臺北市士林區後港里中正路510號,http://www.ymsh.tp.edu.tw
tp,基北區,403302,市立麗山高中,基北區,高中,臺北市內湖區港華里環山路二段100號,http://www.lssh.tp.edu.tw
tp,基北區,381304,私立再興中學,基北區,高中,臺北市文山區明義里興隆路4段2號,http://www.thsh.tp.edu.tw
tp,基北區,321399,私立協和祐德高中,基北區,高中,臺北市信義區大道里忠孝東路五段790巷27號,https://www.hhvs.tp.edu.tw/
tp,基北區,351B09,私立南華高中進修學校,基北區,高中,臺北市中正區富水里汀州路3段58號,http://www.nhwsh.tp.edu.tw
tp,基北區,331403,私立喬治工商,基北區,高中,臺北市信義區黎順里基隆路二段155號,https://www.gvs.tp.edu.tw/
tp,基北區,381303,私立大誠高中,基北區,高中,臺北市文山區萬興里秀明路二段175號,https://www.tcsh.tp.edu.tw/
tp,基北區,421303,私立奎山實驗高級中學,基北區,高中,臺北市北投區榮華里明德路200號,https://www.kshs.tp.edu.tw/
tp,基北區,331301,私立延平中學,基北區,高中,臺北市大安區和安里建國南路1段275號,http://www.yphs.tp.edu.tw
tp,基北區,331304,私立復興實驗高中,基北區,高中,臺北市大安區仁愛里敦化南路一段262號,https://www.fhjh.tp.edu.tw/
tp,基北區,361B09,私立志仁中學進修學校,基北區,高中,臺北市大同區建泰里南京西路64巷17號,http://www.cjvs.tp.edu.tw
tp,基北區,381305,私立景文高中,基北區,高中,臺北市文山區木新里保儀路127號,https://www.jwsh.tp.edu.tw/
tp,基北區,381301,私立東山高中,基北區,高中,臺北市文山區老泉里老泉街26巷3號,http://www.tshs.tp.edu.tw
tp,基北區,411301,私立泰北高中,基北區,高中,臺北市士林區福林里福林路240號,http://www.tpsh.tp.edu.tw
tp,基北區,381302,私立滬江高中,基北區,高中,臺北市文山區景美里羅斯福路六段336號,https://www.hchs.tp.edu.tw/
tp,基北區,341402,私立稻江護家,基北區,高中,臺北市中山區新庄里新生北路三段55號,http://www.tcnvs.tp.edu.tw
tp,基北區,361401,私立稻江高商,基北區,高中,臺北市大同區隆和里民權西路225巷24號,http://www.tkcvs.tp.edu.tw
tp,基北區,311401,私立育達高中,基北區,高中,臺北市松山區美仁里寧安街12號,http://www.yudah.tp.edu.tw
tp,基北區,411303,私立華興中學,基北區,高中,臺北市士林區芝山里仰德大道1段101號,http://www.hhhs.tp.edu.tw
tp,基北區,421301,私立薇閣高中,基北區,高中,臺北市北投區中心里珠海路50號,https://www.wghs.tp.edu.tw/nss/p/index
tp,基北區,411302,私立衛理女中,基北區,高中,臺北市士林區臨溪里至善路二段321號,http://www.wlgsh.tp.edu.tw
tp,基北區,401303,私立達人高中,基北區,高中,臺北市內湖區湖濱里內湖路二段314號,https://www1.trgsh.tp.edu.tw/
tp,基北區,331302,私立金甌女中,基北區,高中,臺北市大安區光明里杭州南路2段1號,http://www.cogsh.tp.edu.tw
tp,基北區,331404,私立開平餐飲,基北區,高中,臺北市大安區龍陣里復興南路二段148巷24號,http://www.kpvs.tp.edu.tw
tp,基北區,361301,私立靜修高中,基北區,高中,臺北市大同區雙連里寧夏路59號,http://www.bish.tp.edu.tw
tp,基北區,381306,私立靜心高中,基北區,高中,臺北市文山區興福里興隆路二段46號,http://www.chjhs.tp.edu.tw/dispPageBox/MainHp.aspx?ddsPageID=MAINHP
tp,基北區,351402,臺北市開南高中,基北區,高中,臺北市中正區東門里濟南路一段6號,https://www.knvs.tp.edu.tw/
taoyuan-lienchiang,桃連區,030305,國立中央大學附屬中壢高中,桃連區日間部,高中,桃園市中壢區三光路115號,http://www.clhs.tyc.edu.tw
taoyuan-lienchiang,桃連區,030403,國立北科大附屬桃園農工,桃連區日間部,技術型高中,桃園市桃園區成功路二段144號,http://www.tyai.tyc.edu.tw
taoyuan-lienchiang,桃連區,720301,國立馬祖高中,桃連區日間部,綜合高中,連江縣南竿鄉介壽村374號,http://www.mssh.matsu.edu.tw
taoyuan-lienchiang,桃連區,033302,市立龍潭高中,桃連區日間部,技術型高中,桃園市龍潭區神龍路155號,http://www.ltsh.tyc.edu.tw/bin/home.php
taoyuan-lienchiang,桃連區,033304,市立桃園高中,桃連區日間部,高中,桃園市桃園區成功路三段38號,http://www.tysh.tyc.edu.tw
taoyuan-lienchiang,桃連區,033306,市立武陵高中,桃連區日間部,高中,桃園市桃園區中山路889號,http://www.wlsh.tyc.edu.tw
taoyuan-lienchiang,桃連區,033316,市立楊梅高中,桃連區日間部,高中,桃園市楊梅區高獅路5號,http://www.ymhs.tyc.edu.tw/
taoyuan-lienchiang,桃連區,033325,市立陽明高中,桃連區日間部,高中,桃園市桃園區德壽街8號,http://www.pymhs.tyc.edu.tw
taoyuan-lienchiang,桃連區,033327,市立內壢高中,桃連區日間部,高中,桃園市中壢區成章四街120號,http://www.nlhs.tyc.edu.tw
taoyuan-lienchiang,桃連區,033407,市立中壢高商,桃連區日間部,技術型高中,桃園市中壢區中央西路二段141巷100號,http://www.clvsc.tyc.edu.tw
taoyuan-lienchiang,桃連區,033408,市立中壢家商,桃連區日間部,技術型高中,桃園市中壢區德育路36號,https://www.clvs.tyc.edu.tw/ischool/publish_page/0/
taoyuan-lienchiang,桃連區,034306,市立南崁高中,桃連區日間部,高中,桃園市蘆竹區仁愛路二段1號,https://www.nksh.tyc.edu.tw/ischool/publish_page/0/
taoyuan-lienchiang,桃連區,034312,市立大溪高中,桃連區日間部,高中,桃園市大溪區康莊路641號,http://www.dssh.tyc.edu.tw
taoyuan-lienchiang,桃連區,034314,市立壽山高中,桃連區日間部,技術型高中,桃園市龜山區大同路23號,http://www.sssh.tyc.edu.tw
taoyuan-lienchiang,桃連區,034319,市立平鎮高中,桃連區日間部,高中,桃園市平鎮區環南路三段100號,https://www.pjhs.tyc.edu.tw/
taoyuan-lienchiang,桃連區,034332,市立觀音高中,桃連區日間部,高中,桃園市觀音區新坡里中山路2段519號,http://www.gish.tyc.edu.tw
taoyuan-lienchiang,桃連區,034335,市立新屋高中,桃連區日間部,高中,桃園市新屋區中興路111號,https://www.swjh.tyc.edu.tw/
taoyuan-lienchiang,桃連區,034347,市立永豐高中,桃連區日間部,高中,桃園市八德區永豐路609號,http://www.yfms.tyc.edu.tw
taoyuan-lienchiang,桃連區,034348,市立羅浮高中,桃連區日間部,高中,桃園市復興區羅浮里3鄰18號,https://www.lfsh.tyc.edu.tw/home
taoyuan-lienchiang,桃連區,034399,市立大園國際高中,桃連區日間部,高中,桃園市大園區大成路二段8號,http://www.dysh.tyc.edu.tw
taoyuan-lienchiang,桃連區,031301,桃園市路亞國際高中,桃連區日間部,高中,桃園市龍潭區中正路佳安段448號,https://www.lysh.tyc.edu.tw
taoyuan-lienchiang,桃連區,031309,桃園市育達高中,桃連區日間部,技術型高中,桃園市平鎮區育達路160號,https://www.yuda.tyc.edu.tw/main
taoyuan-lienchiang,桃連區,031310,私立六和高中,桃連區日間部,技術型高中,桃園市平鎮區陸光路180號,https://www.lioho.tw/ischool/publish_page/0/
taoyuan-lienchiang,桃連區,031311,桃園市復旦高中,桃連區日間部,高中,桃園市平鎮區復旦路二段122號,https://www.fdhs.tyc.edu.tw/school.htm
taoyuan-lienchiang,桃連區,031312,桃園市治平高中,桃連區日間部,技術型高中,桃園市楊梅區中興路137號,http://www.cpshs.tyc.edu.tw/home
taoyuan-lienchiang,桃連區,031313,桃園市振聲高中,桃連區日間部,技術型高中,桃園市桃園區復興路439號,https://www.fxsh.tyc.edu.tw/home
taoyuan-lienchiang,桃連區,031317,私立光啟高中,桃連區日間部,技術型高中,桃園市龜山區自由街40號,http://www.phsh.tyc.edu.tw
taoyuan-lienchiang,桃連區,031318,桃園市啟英高中,桃連區日間部,技術型高中,桃園市中壢區中園路447號,http://web.cyvs.tyc.edu.tw/html/
taoyuan-lienchiang,桃連區,031319,桃園市清華高中,桃連區日間部,技術型高中,桃園市新屋區中華路658號,http://www.chvs.tyc.edu.tw
taoyuan-lienchiang,桃連區,031320,桃園市新興高中,桃連區日間部,技術型高中,桃園市八德區永豐路563號,http://www.hshs.tyc.edu.tw
taoyuan-lienchiang,桃連區,031323,私立至善高中,桃連區日間部,高中,桃園市大溪區康莊路645號,http://www.tzsavs.tyc.edu.tw
taoyuan-lienchiang,桃連區,031324,桃園市大興高中,桃連區日間部,技術型高中,桃園市大園區永興路142號,https://www.dxhs.tyc.edu.tw/home
taoyuan-lienchiang,桃連區,031326,私立大華高中,桃連區日間部,高中,桃園市楊梅區三民路二段200號,http://www.thsh.tyc.edu.tw
taoyuan-lienchiang,桃連區,031414,桃園市世紀綠能工商,桃連區日間部,技術型高中,桃園市龜山區明德路162巷100號,https://web.cgehs.tyc.edu.tw/
taoyuan-lienchiang,桃連區,031415,私立方曙商工,桃連區日間部,技術型高中,桃園市龍潭區中原路一段50號,https://www.fsvs.tyc.edu.tw/home
taoyuan-lienchiang,桃連區,031421,私立永平工商,桃連區日間部,技術型高中,桃園市楊梅區永平路480號,https://www.ypvs.tyc.edu.tw/
taoyuan-lienchiang,桃連區,013303,市立泰山高中,桃連區共同就學區（基北區）,高中,新北市泰山區辭修路7號,http://www.tssh.ntpc.edu.tw
taoyuan-lienchiang,桃連區,013337,市立新莊高中,桃連區共同就學區（基北區）,高中,新北市新莊區中平路135號,http://www.hcsh.ntpc.edu.tw
taoyuan-lienchiang,桃連區,013339,市立林口高中,桃連區共同就學區（基北區）,高中,新北市林口區仁愛路二段173號,http://www.lksh.ntpc.edu.tw
taoyuan-lienchiang,桃連區,014322,市立樹林高中,桃連區共同就學區（基北區）,高中,新北市樹林區中華路8號,http://www.slsh.ntpc.edu.tw
taoyuan-lienchiang,桃連區,014353,市立丹鳳高中,桃連區共同就學區（基北區）,高中,新北市新莊區龍安路72號,http://www.dfsh.ntpc.edu.tw/
taoyuan-lienchiang,桃連區,014439,市立鶯歌工商,桃連區共同就學區（基北區）,技術型高中,新北市鶯歌區中正三路154號,http://www.ykvs.ntpc.edu.tw
taoyuan-lienchiang,桃連區,011310,財團法人恆毅高中,桃連區共同就學區（基北區）,技術型高中,新北市新莊區中正路108號,http://www.hchs.ntpc.edu.tw
taoyuan-lienchiang,桃連區,011317,私立醒吾高中,桃連區共同就學區（基北區）,技術型高中,新北市林口區粉寮路一段75巷80號,http://www.swsh.ntpc.edu.tw
taoyuan-lienchiang,桃連區,011330,新北市林口康橋國際高中,桃連區共同就學區（基北區）,高中,新北市林口區興林路55號,https://web.kcislk.ntpc.edu.tw/
taoyuan-lienchiang,桃連區,011405,私立樹人家商,桃連區共同就學區（基北區）,技術型高中,新北市樹林區大安路216號,http://www.stgvs.ntpc.edu.tw
taoyuan-lienchiang,桃連區,040304,國立關西高中,桃連區共同就學區（竹苗區）,技術型高中,新竹縣關西鎮東安里中山東路2號,https://www.khsh.hcc.edu.tw/
taoyuan-lienchiang,桃連區,044320,縣立湖口高中,桃連區共同就學區（竹苗區）,技術型高中,新竹縣湖口鄉達生路601號,https://hkhs.hcc.edu.tw
taoyuan-lienchiang,桃連區,041307,私立仰德高中,桃連區共同就學區（竹苗區）,技術型高中,新竹縣新豐鄉員山133號,http://www.ydvs.hcc.edu.tw/
taoyuan-lienchiang,桃連區,041401,私立內思高工,桃連區共同就學區（竹苗區）,技術型高中,新竹縣新埔鎮楊新路一段40號,http://www.savs.hcc.edu.tw
hsinchu-miaoli,竹苗區,040302,國立竹東高中,竹苗區學校名錄,普通科／進修部,新竹縣竹東鎮大林路2號,
hsinchu-miaoli,竹苗區,040304,國立關西高中,竹苗區學校名錄,專業群科,新竹縣關西鎮東安里中山東路2號,
hsinchu-miaoli,竹苗區,040308,國立陽明交大附中,竹苗區學校名錄,普通科／專業群科,新竹縣竹北市中央路3號,
hsinchu-miaoli,竹苗區,041303,私立義民高中,竹苗區學校名錄,普通科／專業群科／進修部／實用技能學程,新竹縣竹北市中正西路15號,
hsinchu-miaoli,竹苗區,041305,私立忠信高中,竹苗區學校名錄,普通科,新竹縣新豐鄉忠信街178號,
hsinchu-miaoli,竹苗區,041306,私立東泰高中,竹苗區學校名錄,普通科／專業群科／進修部／實用技能學程,新竹縣竹東鎮東峰路343號,
hsinchu-miaoli,竹苗區,041307,私立仰德高中,竹苗區學校名錄,進修部／專業群科／實用技能學程,新竹縣新豐鄉員山133號,
hsinchu-miaoli,竹苗區,041401,私立內思高工,竹苗區學校名錄,專業群科,新竹縣新埔鎮楊新路㇐段40號,
hsinchu-miaoli,竹苗區,044311,新竹縣立六家高級中學,竹苗區學校名錄,普通科,新竹縣竹北市嘉興路356號,
hsinchu-miaoli,竹苗區,044320,新竹縣立湖口高中,竹苗區學校名錄,普通科／專業群科,新竹縣湖口鄉達生路601號,
hsinchu-miaoli,竹苗區,050303,國立苗栗高中,竹苗區學校名錄,普通科,苗栗縣苗栗市至公路183號,
hsinchu-miaoli,竹苗區,050310,國立竹南高中,竹苗區學校名錄,普通科／專業群科,苗栗縣竹南鎮中正路98號,
hsinchu-miaoli,竹苗區,050314,國立卓蘭高中,竹苗區學校名錄,普通科／專業群科／進修部,苗栗縣卓蘭鎮老庄161號,
hsinchu-miaoli,竹苗區,050315,國立苑裡高中,竹苗區學校名錄,普通科,苗栗縣苑裡鎮育才街100號,
hsinchu-miaoli,竹苗區,050401,國立大湖農工,竹苗區學校名錄,專業群科／實用技能學程,苗栗縣大湖鄉大寮村竹高屋68號,
hsinchu-miaoli,竹苗區,050404,國立苗栗農工,竹苗區學校名錄,專業群科／實用技能學程,苗栗縣苗栗市經國路二段491號,
hsinchu-miaoli,竹苗區,050407,國立苗栗高商,竹苗區學校名錄,進修部／專業群科,苗栗縣苗栗市電台街7號,
hsinchu-miaoli,竹苗區,051302,私立君毅高中,竹苗區學校名錄,普通科／專業群科／進修部／實用技能學程,苗栗縣竹南鎮公義路245號,
hsinchu-miaoli,竹苗區,051306,私立建臺高中,竹苗區學校名錄,普通科,苗栗縣苗栗市福麗里至公路251號,
hsinchu-miaoli,竹苗區,051307,私立全人實驗高中,竹苗區學校名錄,普通科,苗栗縣卓蘭鎮內灣141之3號,
hsinchu-miaoli,竹苗區,051408,私立中興商工,竹苗區學校名錄,專業群科／進修部／實用技能學程,苗栗縣竹南鎮大營路211號,
hsinchu-miaoli,竹苗區,051413,私立龍德家商,竹苗區學校名錄,專業群科／實用技能學程,苗栗縣苑裡鎮房裡里南房75之1號,
hsinchu-miaoli,竹苗區,054308,苗栗縣立三義高中,竹苗區學校名錄,普通科／專業群科,苗栗縣三義鄉廣盛村11鄰122號,
hsinchu-miaoli,竹苗區,054309,苗栗縣立苑裡高中,竹苗區學校名錄,普通科／專業群科,苗栗縣苑裡鎮客庄里1鄰2號,
hsinchu-miaoli,竹苗區,054317,苗栗縣立興華高中,竹苗區學校名錄,普通科／專業群科,苗栗縣頭份市中正㇐路401號,
hsinchu-miaoli,竹苗區,054333,苗栗縣立大同高中,竹苗區學校名錄,普通科,苗栗縣竹南鎮大埔里六鄰公義路890號,
hsinchu-miaoli,竹苗區,180301,國立竹科實驗高級中等學校,竹苗區學校名錄,普通科,新竹市東區介壽路300號,
hsinchu-miaoli,竹苗區,180302,國立新竹女中,竹苗區學校名錄,普通科,新竹市東區中華路二段270號,
hsinchu-miaoli,竹苗區,180309,國立新竹高中,竹苗區學校名錄,普通科,新竹市東區學府路36號,
hsinchu-miaoli,竹苗區,180403,國立新竹高商,竹苗區學校名錄,專業群科／進修部／實用技能學程,新竹市東區學府路128號,
hsinchu-miaoli,竹苗區,180404,國立新竹高工,竹苗區學校名錄,專業群科／進修部／實用技能學程,新竹市東區中華路二段2號,
hsinchu-miaoli,竹苗區,181305,私立光復高中,竹苗區學校名錄,普通科／專業群科／進修部,新竹市東區光復路二段153號,
hsinchu-miaoli,竹苗區,181306,私立曙光女中,竹苗區學校名錄,普通科／專業群科,新竹市東區北大路61號,
hsinchu-miaoli,竹苗區,181307,私立磐石高中,竹苗區學校名錄,普通科／專業群科／進修部,新竹市北區西大路683號,
hsinchu-miaoli,竹苗區,181308,私立世界高中,竹苗區學校名錄,專業群科／實用技能學程,新竹市東區光復路㇐段257號,
hsinchu-miaoli,竹苗區,183306,新竹市立成德高中,竹苗區學校名錄,普通科,新竹市北區崧嶺路128巷38號,
hsinchu-miaoli,竹苗區,183307,新竹市立香山高中,竹苗區學校名錄,普通科／進修部／專業群科,新竹市香山區元培街124號,
hsinchu-miaoli,竹苗區,183313,新竹市立建功高中,竹苗區學校名錄,普通科,新竹市東區建功二路17號,
hsinchu-miaoli,竹苗區,183314,新竹市數位實驗高中,竹苗區學校名錄,普通科,新竹市香山區延平路二段76號,
ct,中投區,050314,國立卓蘭高級中等學校,中投區免試入學日間部,高中,苗栗縣卓蘭鎮老庄里161號,https://www.jlsh.mlc.edu.tw
ct,中投區,050315,國立苑裡高級中學,中投區免試入學日間部,高中,苗栗縣苑裡鎮育才街100號,https://www.ylsh.mlc.edu.tw
ct,中投區,050401,國立大湖高級農工職業學校,中投區免試入學日間部,技高,苗栗縣大湖鄉大寮村竹高屋68號,https://www.thvs.mlc.edu.tw
ct,中投區,050B14,國立卓蘭高級中等學校進修部,中投區免試入學進修部,高中,苗栗縣卓蘭鎮老庄里161號,https://www.jlsh.mlc.edu.tw
ct,中投區,051307,全人學校財團法人苗栗縣全人實驗高級中等學校,中投區免試入學日間部,高中,苗栗縣卓蘭鎮內灣里內灣141-3號,https://holistic.org.tw
ct,中投區,051413,苗栗縣私立龍德家事商業職業學校,中投區免試入學日間部,技高,苗栗縣苑裡鎮房裡里南房75之1號,http://www.ldvs.mlc.edu.tw
ct,中投區,054308,苗栗縣立三義高級中學,中投區免試入學日間部,高中,苗栗縣三義鄉廣盛村11鄰122號,https://sjh.mlc.edu.tw
ct,中投區,054309,苗栗縣立苑裡高級中學,中投區免試入學日間部,高中,苗栗縣苑裡鎮客庄里新興路19號,https://yljh.mlc.edu.tw
ct,中投區,060322,國立中興大學附屬高級中學,中投區免試入學日間部,高中,臺中市大里區東榮路369號,https://www.dali.tc.edu.tw
ct,中投區,060323,國立中科實驗高級中學,中投區免試入學日間部,高中,臺中市大雅區平和路227號,https://www.nehs.tc.edu.tw
ct,中投區,061301,常春藤學校財團法人臺中市常春藤高級中學,中投區免試入學日間部,高中,臺中市潭子區潭興路一段165巷320號,https://www.ivyjhs.tc.edu.tw
ct,中投區,061306,臺中市明台高級中學,中投區免試入學日間部,高中,臺中市霧峰區萊園路91號,https://www.mths.tc.edu.tw
ct,中投區,061309,臺中市私立致用高級中學,中投區免試入學日間部,高中,臺中市大甲區甲東路512號,https://www.cycivs.tc.edu.tw
ct,中投區,061310,永誠學校財團法人臺中市大明高級中等學校,中投區免試入學日間部,高中,臺中市潭子區潭興路一段168號,https://www.tmsh.tc.edu.tw
ct,中投區,061313,臺中市私立明道高級中學,中投區免試入學日間部,高中,臺中市烏日區中山路一段497號,https://www.mingdao.edu.tw
ct,中投區,061314,臺中市私立僑泰高級中學,中投區免試入學日間部,高中,臺中市大里區樹王路342號,https://www.ctas.tc.edu.tw
ct,中投區,061315,臺中市華盛頓高級中學,中投區免試入學日間部,高中,臺中市太平區廍仔坑路26號,https://www.whs.tc.edu.tw
ct,中投區,061316,臺中市青年高級中學,中投區免試入學日間部,高中,臺中市大里區中湖路100號,https://www.youth.tc.edu.tw
ct,中投區,061317,臺中市私立弘文高級中學,中投區免試入學日間部,高中,臺中市潭子區弘文街100號,https://www.hwhs.tc.edu.tw
ct,中投區,061318,臺中市私立立人高級中學,中投區免試入學日間部,高中,臺中市大里區中興路二段380號,https://www.lzsh.tc.edu.tw
ct,中投區,061319,臺中市私立玉山高級中學,中投區免試入學日間部,高中,臺中市東勢區東崎路四段399號,https://www.yssh.tc.edu.tw
ct,中投區,061321,慈明學校財團法人臺中市慈明高級中等學校,中投區免試入學日間部,高中,臺中市太平區光德路388號,https://www.tmhs.tc.edu.tw
ct,中投區,061B11,嘉陽學校財團法人臺中市嘉陽高級中學進修部,中投區免試入學進修部,高中,臺中市清水區中航路三段1號,https://www.cysh.tc.edu.tw
ct,中投區,061B14,臺中市私立僑泰高級中學進修部,中投區免試入學進修部,高中,臺中市大里區樹王路342號,https://www.ctas.tc.edu.tw
ct,中投區,061B16,臺中市私立青年高級中學進修部,中投區免試入學進修部,高中,臺中市大里區中湖路100號,https://www.youth.tc.edu.tw
ct,中投區,061B19,臺中市私立玉山高級中學進修部,中投區免試入學進修部,高中,臺中市東勢區東崎路四段399號,https://www.yssh.tc.edu.tw
ct,中投區,061B21,臺中市私立慈明高級中學進修部,中投區免試入學進修部,高中,臺中市太平區光德路388號,https://www.gapp.tmhs.tc.edu.tw
ct,中投區,063303,臺中市立大甲高級中等學校,中投區免試入學日間部,高中,臺中市大甲區中山路一段720號,https://djsh.tc.edu.tw
ct,中投區,063305,臺中市立清水高級中等學校,中投區免試入學日間部,高中,臺中市清水區中山路90號,https://cshs.tc.edu.tw
ct,中投區,063312,臺中市立豐原高級中等學校,中投區免試入學日間部,高中,臺中市豐原區水源路150號,https://fysh.tc.edu.tw
ct,中投區,063401,臺中市立豐原商業高級中等學校,中投區免試入學日間部,技高,臺中市豐原區圓環南路50號,https://fyvs.tc.edu.tw
ct,中投區,063402,臺中市立大甲工業高級中等學校,中投區免試入學日間部,技高,臺中市大甲區開元路71號,https://tcvs.tc.edu.tw
ct,中投區,063404,臺中市立東勢工業高級中等學校,中投區免試入學日間部,技高,臺中市東勢區東關路六段1328號,https://tsvs.tc.edu.tw
ct,中投區,063407,臺中市立沙鹿工業高級中等學校,中投區免試入學日間部,技高,臺中市沙鹿區臺灣大道七段823號,https://slvs.tc.edu.tw
ct,中投區,063408,臺中市立霧峰農業工業高級中等學校,中投區免試入學日間部,技高,臺中市霧峰區中正路1222號,https://wufai.tc.edu.tw
ct,中投區,063C01,臺中市立豐原商業高級中等學校進修部,中投區免試入學進修部,技高,臺中市豐原區圓環南路50號,https://fyvs.tc.edu.tw
ct,中投區,063C02,臺中市立大甲工業高級中等學校進修部,中投區免試入學進修部,技高,臺中市大甲區頂店里開元路71號,https://tcvs.tc.edu.tw
ct,中投區,063C04,臺中市立東勢工業高級中等學校進修部,中投區免試入學進修部,技高,臺中市東勢區東關路六段1328號,https://tsvs.tc.edu.tw
ct,中投區,063C07,臺中市立沙鹿工業高級中等學校進修部,中投區免試入學進修部,技高,臺中市沙鹿區臺灣大道七段823號,https://slvs.tc.edu.tw
ct,中投區,063C08,臺中市立霧峰農業工業高級中等學校進修部,中投區免試入學進修部,技高,臺中市霧峰區中正路1222號,https://wufai.tc.edu.tw
ct,中投區,064308,臺中市立后綜高級中學,中投區免試入學日間部,高中,臺中市后里區三豐路三段968號,https://hzsh.tc.edu.tw
ct,中投區,064324,臺中市立大里高級中學,中投區免試入學日間部,高中,臺中市大里區國中路365號,https://dlsh.tc.edu.tw
ct,中投區,064328,臺中市立新社高級中學,中投區免試入學日間部,高中,臺中市新社區中和街三段國中巷10號,https://sshs.tc.edu.tw
ct,中投區,064336,臺中市立長億高級中學,中投區免試入學日間部,高中,臺中市太平區長億里長億六街1號,https://cyhs.tc.edu.tw
ct,中投區,064342,臺中市立中港高級中學,中投區免試入學日間部,高中,臺中市梧棲區文昌路400號,https://cgsh.tc.edu.tw
ct,中投區,064350,臺中市立龍津高級中等學校,中投區免試入學日間部,高中,臺中市龍井區三港路130號,https://ljjhs.tc.edu.tw
ct,中投區,064406,臺中市立神岡工業高級中等學校,中投區免試入學日間部,技高,臺中市神岡區中山路627號,https://sgihs.tc.edu.tw
ct,中投區,064B08,臺中市立后綜高級中學進修部,中投區免試入學進修部,高中,臺中市后里區三豐路三段968號,https://hzsh.tc.edu.tw
ct,中投區,071414,彰化縣私立達德高級商工職業學校,中投區免試入學日間部,技高,彰化縣田中鎮中南路二段277號,https://www.tdvs.chc.edu.tw
ct,中投區,080302,國立南投高級中學,中投區免試入學日間部,高中,南投縣南投市建國路137號,https://www.ntsh.ntct.edu.tw
ct,中投區,080305,國立中興高級中學,中投區免試入學日間部,高中,南投縣南投市中興新村中學路2號,https://www.chsh.ntct.edu.tw
ct,中投區,080307,國立竹山高級中學,中投區免試入學日間部,高中,南投縣竹山鎮枋坪巷1-3號,https://www.cshs.ntct.edu.tw
ct,中投區,080308,國立暨南國際大學附屬高級中學,中投區免試入學日間部,高中,南投縣埔里鎮鐵山路1-6號,https://www.pshs.ntct.edu.tw
ct,中投區,080401,國立仁愛高級農業職業學校,中投區免試入學日間部,技高,南投縣仁愛鄉大同村山農巷27號,https://www.ravs.ntct.edu.tw
ct,中投區,080403,國立埔里高級工業職業學校,中投區免試入學日間部,技高,南投縣埔里鎮中山路一段435號,https://www.plvs.ntct.edu.tw
ct,中投區,080404,國立南投高級商業職業學校,中投區免試入學日間部,技高,南投縣南投市彰南路一段993號,https://www.pntcv.ntct.edu.tw
ct,中投區,080406,國立草屯高級商工職業學校,中投區免試入學日間部,技高,南投縣草屯鎮芬草路二段736號,https://www.ttvs.ntct.edu.tw
ct,中投區,080410,國立水里高級商工職業學校,中投區免試入學日間部,技高,南投縣水里鄉南湖路2號,https://www.slvs.ntct.edu.tw
ct,中投區,080B05,國立中興高級中學進修部,中投區免試入學進修部,高中,南投縣南投市中興新村中學路2號,https://www.chsh.ntct.edu.tw
ct,中投區,080B07,國立竹山高級中學進修部,中投區免試入學進修部,高中,南投縣竹山鎮枋坪巷1-3號,https://www.cshs.ntct.edu.tw
ct,中投區,080B08,國立暨南國際大學附屬高級中學進修部,中投區免試入學進修部,高中,南投縣埔里鎮鐵山路1-6號,https://www.pshs.ntct.edu.tw
ct,中投區,080C04,國立南投高級商業職業學校進修部,中投區免試入學進修部,技高,南投縣南投市彰南路一段993號,https://www.pntcv.ntct.edu.tw
ct,中投區,080C06,國立草屯高級商工職業學校進修部,中投區免試入學進修部,技高,南投縣草屯鎮芬草路二段736號,https://www.ttvs.ntct.edu.tw
ct,中投區,080C10,國立水里高級商工職業學校進修部,中投區免試入學進修部,技高,南投縣水里鄉南湖路2號,https://www.slvs.ntct.edu.tw
ct,中投區,081311,南投縣私立五育高級中學,中投區免試入學日間部,高中,南投縣南投市嘉和里樂利路200號,https://www.wu-yu.ntct.edu.tw
ct,中投區,081312,南投縣私立三育高級中學,中投區免試入學日間部,高中,南投縣魚池鄉魚池村瓊文巷39號,https://www.taa.ntct.edu.tw
ct,中投區,081313,南投縣私立弘明實驗高級中等學校,中投區免試入學日間部,高中,南投縣名間鄉東湖村大老巷102號,http://www.holdmean.org.tw
ct,中投區,081314,南投縣私立普台高級中學,中投區免試入學日間部,高中,南投縣埔里鎮中台路5號,https://www.ptsh.ntct.edu.tw
ct,中投區,081409,同德學校財團法人南投縣同德高級中等學校,中投區免試入學日間部,技高,南投縣草屯鎮中正路培英巷8號,https://www.tdhs.ntct.edu.tw
ct,中投區,084309,南投縣立旭光高級中學,中投區免試入學日間部,高中,南投縣草屯鎮富寮里中正路568-23號,https://skjhs.ntct.edu.tw
ct,中投區,091318,義峰學校財團法人雲林縣義峰高級中學,中投區免試入學日間部,高中,雲林縣林內鄉烏麻村長源201號,http://www.yfsh.ylc.edu.tw
ct,中投區,190406,國立中興大學附屬臺中高級農業職業學校,中投區免試入學日間部,技高,臺中市東區台中路283號,https://www.tcavs.tc.edu.tw
ct,中投區,190C06,國立中興大學附屬臺中高級農業職業學校進修部,中投區免試入學進修部,技高,臺中市東區台中路283號,https://www.tcavs.tc.edu.tw/night/
ct,中投區,191301,財團法人東海大學附屬高級中等學校,中投區免試入學日間部,高中,臺中市西屯區臺灣大道四段1727號,https://www.hn.thu.edu.tw/index.php
ct,中投區,191302,葳格學校財團法人臺中市葳格高級中學,中投區免試入學日間部,高中,臺中市北屯區軍福十八路328號,https://senior.wagor.tc.edu.tw
ct,中投區,191305,臺中市私立新民高級中學,中投區免試入學日間部,高中,臺中市北區健行路111號,https://www.shinmin.tc.edu.tw
ct,中投區,191308,宜寧學校財團法人臺中市宜寧高級中學,中投區免試入學日間部,高中,臺中市西屯區東大路一段555號,https://www.inhs.tc.edu.tw
ct,中投區,191309,明德學校財團法人臺中市明德高級中學,中投區免試入學日間部,高中,臺中市南區明德街84號,https://www.mdhs.tc.edu.tw
ct,中投區,191311,臺中市私立衛道高級中學,中投區免試入學日間部,高中,臺中市北屯區四平路161號,https://www.vtsh.tc.edu.tw
ct,中投區,191313,臺中市私立曉明女子高級中學,中投區免試入學日間部,高中,臺中市北區中清路一段606號,https://www.smgsh.tc.edu.tw
ct,中投區,191314,臺中市私立嶺東高級中學,中投區免試入學日間部,高中,臺中市南屯區嶺東路2號,https://www.lths.tc.edu.tw
ct,中投區,191412,光華學校財團法人臺中市光華高級工業職業學校,中投區免試入學日間部,技高,臺中市太平區東平路18號,https://www.khvs.tc.edu.tw
ct,中投區,191B05,臺中市私立新民高級中學進修部,中投區免試入學進修部,高中,臺中市北區健行路111號,https://www.shinmin.tc.edu.tw
ct,中投區,191B14,臺中市私立嶺東高級中學進修部,中投區免試入學進修部,高中,臺中市南屯區嶺東路2號,https://www.lths.tc.edu.tw
ct,中投區,193301,臺中市立臺中女子高級中等學校,中投區免試入學日間部,高中,臺中市西區自由路一段95號,https://www.tcgs.tc.edu.tw
ct,中投區,193302,臺中市立臺中第一高級中等學校,中投區免試入學日間部,高中,臺中市北區育才街2號,https://www.tcfsh.tc.edu.tw
ct,中投區,193303,臺中市立忠明高級中學,中投區免試入學日間部,高中,臺中市西區博館路166號,https://cmsh.tc.edu.tw
ct,中投區,193313,臺中市立西苑高級中學,中投區免試入學日間部,高中,臺中市西屯區漢翔路188號,https://sysh.tc.edu.tw
ct,中投區,193315,臺中市立東山高級中學,中投區免試入學日間部,高中,臺中市北屯區景賢六路200號,https://tsjh.tc.edu.tw
ct,中投區,193316,臺中市立惠文高級中學,中投區免試入學日間部,高中,臺中市南屯區公益路二段298號,https://hwsh.tc.edu.tw
ct,中投區,193404,臺中市立臺中家事商業高級中等學校,中投區免試入學日間部,技高,臺中市東區和平街50號,https://www.tchcvs.tc.edu.tw
ct,中投區,193407,臺中市立臺中工業高級中等學校,中投區免試入學日間部,技高,臺中市南區高工路191號,https://www.tcivs.tc.edu.tw
ct,中投區,193C04,臺中市立臺中家事商業高級中等學校進修部,中投區免試入學進修部,技高,臺中市東區和平街50號,https://www.tchcvs.tc.edu.tw
ct,中投區,193C07,臺中市立臺中工業高級中等學校進修部,中投區免試入學進修部,技高,臺中市南區高工路191號,https://www.tcivs.tc.edu.tw
ct,中投區,194303,臺中市立臺中第二高級中等學校,中投區免試入學日間部,高中,臺中市北區英士路109號,https://tcssh.tc.edu.tw
ct,中投區,194315,臺中市立文華高級中等學校,中投區免試入學日間部,高中,臺中市西屯區寧夏路240號,https://www.whsh.tc.edu.tw
changhua,彰化區,061306,臺中市私立明台高級中學,彰化區免試入學日間部,高中,,
changhua,彰化區,063408,臺中市立霧峰農業工業高級中等學校,彰化區免試入學日間部,技高,,
changhua,彰化區,063C08,臺中市立霧峰農業工業高級中等學校進修部,彰化區免試入學進修部,技高,,
changhua,彰化區,070301,國立彰化女子高級中學,彰化區免試入學日間部,高中,,
changhua,彰化區,070304,國立員林高級中學,彰化區免試入學日間部,高中,,
changhua,彰化區,070307,國立彰化高級中學,彰化區免試入學日間部,高中,,
changhua,彰化區,070316,國立鹿港高級中學,彰化區免試入學日間部,高中,,
changhua,彰化區,070319,國立溪湖高級中學,彰化區免試入學日間部,高中,,
changhua,彰化區,070401,國立彰化師範大學附屬高級工業職業學校,彰化區免試入學日間部,技高,,
changhua,彰化區,070402,國立永靖高級工業職業學校,彰化區免試入學日間部,技高,,
changhua,彰化區,070403,國立二林高級工商職業學校,彰化區免試入學日間部,技高,,
changhua,彰化區,070405,國立秀水高級工業職業學校,彰化區免試入學日間部,技高,,
changhua,彰化區,070406,國立彰化高級商業職業學校,彰化區免試入學日間部,技高,,
changhua,彰化區,070408,國立員林高級農工職業學校,彰化區免試入學日間部,技高,,
changhua,彰化區,070409,國立員林崇實高級工業職業學校,彰化區免試入學日間部,技高,,
changhua,彰化區,070410,國立員林高級家事商業職業學校,彰化區免試入學日間部,技高,,
changhua,彰化區,070415,國立北斗高級家事商業職業學校,彰化區免試入學日間部,技高,,
changhua,彰化區,070B16,國立鹿港高級中學進修部,彰化區免試入學進修部,高中,,
changhua,彰化區,070C01,國立彰化師範大學附屬高級工業職業學校進修部,彰化區免試入學進修部,技高,,
changhua,彰化區,070C02,國立永靖高級工業職業學校進修部,彰化區免試入學進修部,技高,,
changhua,彰化區,070C03,國立二林高級工商職業學校進修部,彰化區免試入學進修部,技高,,
changhua,彰化區,070C05,國立秀水高級工業職業學校進修部,彰化區免試入學進修部,技高,,
changhua,彰化區,070C06,國立彰化高級商業職業學校進修部,彰化區免試入學進修部,技高,,
changhua,彰化區,070C08,國立員林高級農工職業學校進修部,彰化區免試入學進修部,技高,,
changhua,彰化區,070C09,國立員林崇實高級工業職業學校進修部,彰化區免試入學進修部,技高,,
changhua,彰化區,070C15,國立北斗高級家事商業職業學校進修部,彰化區免試入學進修部,技高,,
changhua,彰化區,070F01,國立和美實驗學校,彰化區免試入學日間部,高中,,
changhua,彰化區,071311,彰化縣私立精誠高級中學,彰化區免試入學日間部,高中,,
changhua,彰化區,071317,彰化縣私立文興高級中學,彰化區免試入學日間部,高中,,
changhua,彰化區,071318,彰化縣私立正德高級中學,彰化區免試入學日間部,高中,,
changhua,彰化區,071414,彰化縣私立達德高級商工職業學校,彰化區免試入學日間部,技高,,
changhua,彰化區,074308,彰化縣立彰化藝術高級中學,彰化區免試入學日間部,高中,,
changhua,彰化區,074313,彰化縣立二林高級中學,彰化區免試入學日間部,高中,,
changhua,彰化區,074323,彰化縣立和美高級中學,彰化區免試入學日間部,高中,,
changhua,彰化區,074328,彰化縣立田中高級中學,彰化區免試入學日間部,高中,,
changhua,彰化區,074339,彰化縣立成功高級中學,彰化區免試入學日間部,高中,,
changhua,彰化區,080302,國立南投高級中學,彰化區免試入學日間部,高中,,
changhua,彰化區,080305,國立中興高級中學,彰化區免試入學日間部,高中,,
changhua,彰化區,080307,國立竹山高級中學,彰化區免試入學日間部,高中,,
changhua,彰化區,080404,國立南投高級商業職業學校,彰化區免試入學日間部,技高,,
changhua,彰化區,080406,國立草屯高級商工職業學校,彰化區免試入學日間部,技高,,
changhua,彰化區,080C06,國立草屯高級商工職業學校進修部,彰化區免試入學進修部,技高,,
changhua,彰化區,081311,南投縣私立五育高中,彰化區免試入學日間部,高中,,
changhua,彰化區,081313,私立弘明實驗高中,彰化區免試入學日間部,高中,,
changhua,彰化區,081409,同德學校財團法人南投縣同德高級中等學校,彰化區免試入學日間部,高中,,
changhua,彰化區,084309,南投縣立旭光高級中學,彰化區免試入學日間部,高中,,
changhua,彰化區,090402,國立西螺高級農工職業學校,彰化區免試入學日間部,技高,,
changhua,彰化區,090C02,國立西螺高級農工職業學校進修部,彰化區免試入學進修部,技高,,
changhua,彰化區,091318,義峰學校財團法人雲林縣義峰高級中學,彰化區免試入學日間部,高中,,
yunlin,雲林區,090305,國立斗六高中,雲林區學校名錄,普通科,雲林縣斗六市民生路224號,
yunlin,雲林區,090306,國立北港高中,雲林區學校名錄,普通科／專業群科,雲林縣北港鎮成功路26號,
yunlin,雲林區,090315,國立虎尾高中,雲林區學校名錄,普通科,雲林縣虎尾鎮光復路222號,
yunlin,雲林區,090401,國立虎尾農工,雲林區學校名錄,專業群科／實用技能學程,雲林縣虎尾鎮公安里博愛路65號,
yunlin,雲林區,090402,國立西螺農工,雲林區學校名錄,專業群科／進修部／實用技能學程,雲林縣西螺鎮大同路4號,
yunlin,雲林區,090403,國立斗六家商,雲林區學校名錄,進修部／專業群科,雲林縣斗六市成功路120號,
yunlin,雲林區,090404,國立北港農工,雲林區學校名錄,專業群科／實用技能學程,雲林縣北港鎮太平路80號,
yunlin,雲林區,090413,國立土庫商工,雲林區學校名錄,專業群科／實用技能學程,雲林縣土庫鎮中央路2號,
yunlin,雲林區,091307,私立永年高中,雲林區學校名錄,普通科,雲林縣土庫鎮建國路13號,
yunlin,雲林區,091308,私立正心高中,雲林區學校名錄,普通科,雲林縣斗六市正心路1號,
yunlin,雲林區,091311,私立文生高中,雲林區學校名錄,普通科,雲林縣四湖鄉中正路509號,
yunlin,雲林區,091312,私立巨人高中,雲林區學校名錄,高中職,雲林縣北港鎮大同路647號,
yunlin,雲林區,091316,私立揚子高中,雲林區學校名錄,普通科,雲林縣虎尾鎮潁川里林森路二段541號,
yunlin,雲林區,091318,財團法人義峰高中,雲林區學校名錄,專業群科／實用技能學程,雲林縣林內鄉烏麻村⾧源201號,
yunlin,雲林區,091319,福智高中,雲林區學校名錄,普通科,雲林縣古坑鄉麻園村平和23號,
yunlin,雲林區,091320,雲林縣維多利亞實驗高中,雲林區學校名錄,普通科,雲林縣斗六市鎮南路1110號,
yunlin,雲林區,091410,私立大成商工,雲林區學校名錄,專業群科／進修部／實用技能學程,雲林縣虎尾鎮成平街21號,
yunlin,雲林區,091414,私立大德工商,雲林區學校名錄,專業群科／進修部／實用技能學程,雲林縣斗南鎮大同路400號,
yunlin,雲林區,094301,雲林縣立斗南高中,雲林區學校名錄,普通科,雲林縣斗南鎮中山路212號,
yunlin,雲林區,094307,雲林縣立麥寮高中,雲林區學校名錄,普通科,雲林縣麥寮鄉中興路310號,
yunlin,雲林區,094308,雲林縣立古坑華德福實驗高級中學,雲林區學校名錄,普通科,雲林縣古坑鄉南昌6之27號,
yunlin,雲林區,094326,雲林縣立蔦松藝術高中,雲林區學校名錄,普通科,雲林縣水林鄉松北村松北路1之1號,
chiayi,嘉義區,100301,國立東石高中,嘉義區學校名錄,普通科／專業群科／進修部,嘉義縣朴子市大鄉里253號,
chiayi,嘉義區,100302,國立新港藝術高中,嘉義區學校名錄,普通科,嘉義縣新港鄉藝高路1號,
chiayi,嘉義區,100303,國立嘉科實驗高中,嘉義區學校名錄,普通科,嘉義縣朴子市嘉朴路西段2號,
chiayi,嘉義區,100402,國立民雄農工,嘉義區學校名錄,普通科／專業群科／實用技能學程,嘉義縣民雄鄉文隆村81號,
chiayi,嘉義區,101303,私立同濟高中,嘉義區學校名錄,普通科／進修部,嘉義縣大林鎮中興路二段303號,
chiayi,嘉義區,101304,私立協同高中,嘉義區學校名錄,普通科,嘉義縣民雄鄉建國路二段31號,
chiayi,嘉義區,101406,私立萬能工商,嘉義區學校名錄,專業群科／實用技能學程,嘉義縣水上鄉萬能路1號,
chiayi,嘉義區,104319,嘉義縣立竹崎高中,嘉義區學校名錄,普通科,嘉義縣竹崎鄉竹崎村文化路23號,
chiayi,嘉義區,104326,嘉義縣立永慶高中,嘉義區學校名錄,普通科,嘉義縣太保市信義二路1號,
chiayi,嘉義區,200302,國立嘉義女中,嘉義區學校名錄,普通科,嘉義市西區垂楊路243號,
chiayi,嘉義區,200303,國立嘉義高中,嘉義區學校名錄,普通科／進修部,嘉義市東區大雅路二段738號,
chiayi,嘉義區,200401,國立華南高商,嘉義區學校名錄,普通科／專業群科,嘉義市東區光彩街69號,
chiayi,嘉義區,200405,國立嘉義高工,嘉義區學校名錄,普通科／專業群科／進修部／實用技能學程,嘉義市東區彌陀路174號,
chiayi,嘉義區,200406,國立嘉義高商,嘉義區學校名錄,普通科／專業群科,嘉義市東區中山路7號,
chiayi,嘉義區,200407,國立嘉義家職,嘉義區學校名錄,專業群科／進修部／實用技能學程,嘉義市東區體育路7號,
chiayi,嘉義區,201304,私立興華高中,嘉義區學校名錄,普通科／專業群科,嘉義市東區林森東路239號,
chiayi,嘉義區,201310,私立嘉華高中,嘉義區學校名錄,普通科,嘉義市東區民權東路45號,
chiayi,嘉義區,201312,私立輔仁高中,嘉義區學校名錄,普通科／專業群科,嘉義市東區吳鳳南路270號,
chiayi,嘉義區,201313,私立宏仁高中,嘉義區學校名錄,普通科,嘉義市東區忠孝路667號,
chiayi,嘉義區,201314,私立立仁高中,嘉義區學校名錄,高中職,嘉義市東區立仁路235號,
chiayi,嘉義區,201408,私立東吳工家,嘉義區學校名錄,專業群科／進修部／實用技能學程,嘉義市東區宣信街252號,
tainan,臺南區,100301,國立東石高級中學,臺南區免試入學日間部,高中,,
tainan,臺南區,100B01,國立東石高級中學進修部,臺南區免試入學進修部,高中,,
tainan,臺南區,110302,國立新豐高級中學,臺南區免試入學日間部,高中,,
tainan,臺南區,110308,國立臺南大學附屬高級中學,臺南區免試入學日間部,高中,,
tainan,臺南區,110311,國立北門高級中學,臺南區免試入學日間部,高中,,
tainan,臺南區,110312,國立新營高級中學,臺南區免試入學日間部,高中,,
tainan,臺南區,110314,國立後壁高級中學,臺南區免試入學日間部,高中,,
tainan,臺南區,110315,國立善化高級中學,臺南區免試入學日間部,高中,,
tainan,臺南區,110317,國立新化高級中學,臺南區免試入學日間部,高中,,
tainan,臺南區,110328,國立南科國際實驗高級中學,臺南區免試入學日間部,高中,,
tainan,臺南區,110401,國立新化高級工業職業學校,臺南區免試入學日間部,技高,,
tainan,臺南區,110403,國立白河高級商工職業學校,臺南區免試入學日間部,技高,,
tainan,臺南區,110404,國立北門高級農工職業學校,臺南區免試入學日間部,技高,,
tainan,臺南區,110405,國立曾文高級家事商業職業學校,臺南區免試入學日間部,技高,,
tainan,臺南區,110406,國立新營高級工業職業學校,臺南區免試入學日間部,技高,,
tainan,臺南區,110407,國立玉井高級工商職業學校,臺南區免試入學日間部,技高,,
tainan,臺南區,110409,國立成功大學附屬臺南工業高級中等學校,臺南區免試入學日間部,技高,,
tainan,臺南區,110410,國立曾文高級農工職業學校,臺南區免試入學日間部,技高,,
tainan,臺南區,110B02,國立新豐高級中學進修部,臺南區免試入學進修部,高中,,
tainan,臺南區,110C01,國立新化高級工業職業學校進修部,臺南區免試入學進修部,技高,,
tainan,臺南區,110C04,國立北門高級農工職業學校進修部,臺南區免試入學進修部,技高,,
tainan,臺南區,110C06,國立新營高級工業職業學校進修部,臺南區免試入學進修部,技高,,
tainan,臺南區,110C09,國立成功大學附屬臺南工業高級中等學校進修部,臺南區免試入學進修部,技高,,
tainan,臺南區,111313,臺南市私立南光高級中學,臺南區免試入學日間部,高中,,
tainan,臺南區,111320,臺南市私立港明高級中學,臺南區免試入學日間部,高中,,
tainan,臺南區,111321,中信金國際學校財團法人臺南市私立中信國際高級中等學校,臺南區免試入學日間部,高中,,
tainan,臺南區,111322,臺南市私立明達高級中學,臺南區免試入學日間部,高中,,
tainan,臺南區,111323,方濟會學校財團法人臺南市黎明高級中學,臺南區免試入學日間部,高中,,
tainan,臺南區,111427,臺南市私立育德工業家事職業學校,臺南區免試入學日間部,技高,,
tainan,臺南區,111C27,臺南市私立育德工業家事職業學校進修部,臺南區免試入學進修部,技高,,
tainan,臺南區,114306,臺南市立大灣高級中學,臺南區免試入學日間部,高中,,
tainan,臺南區,114307,臺南市立永仁高級中學,臺南區免試入學日間部,高中,,
tainan,臺南區,114344,臺南市立沙崙國際高級中等學校,臺南區免試入學日間部,高中,,
tainan,臺南區,120304,國立岡山高級中學,臺南區免試入學日間部,高中,,
tainan,臺南區,120311,國立旗美高級中學,臺南區免試入學日間部,高中,,
tainan,臺南區,120401,國立旗山高級農工職業學校,臺南區免試入學日間部,技高,,
tainan,臺南區,120402,國立岡山高級農工職業學校,臺南區免試入學日間部,技高,,
tainan,臺南區,121415,華德學校財團法人高雄市華德高級工業家事職業學校,臺南區免試入學日間部,技高,,
tainan,臺南區,124322,高雄市立路竹高級中學,臺南區免試入學日間部,高中,,
tainan,臺南區,200302,國立嘉義女子高級中學,臺南區免試入學日間部,高中,,
tainan,臺南區,200303,國立嘉義高級中學,臺南區免試入學日間部,高中,,
tainan,臺南區,200405,國立嘉義高級工業職業學校,臺南區免試入學日間部,技高,,
tainan,臺南區,200C05,國立嘉義高級工業職業學校進修部,臺南區免試入學進修部,技高,,
tainan,臺南區,201304,嘉義市私立興華高級中學,臺南區免試入學日間部,高中,,
tainan,臺南區,201312,嘉義市私立輔仁高級中學,臺南區免試入學日間部,高中,,
tainan,臺南區,201314,嘉義市私立立仁高級中學,臺南區免試入學日間部,高中,,
tainan,臺南區,201408,嘉義市私立東吳高級工業家事職業學校,臺南區免試入學日間部,技高,,
tainan,臺南區,201C08,嘉義市私立東吳高級工業家事職業學校進修部,臺南區免試入學進修部,技高,,
tainan,臺南區,210303,國立臺南第二高級中學,臺南區免試入學日間部,高中,,
tainan,臺南區,210305,國立臺南第一高級中學,臺南區免試入學日間部,高中,,
tainan,臺南區,210306,國立臺南女子高級中學,臺南區免試入學日間部,高中,,
tainan,臺南區,210309,國立臺南家齊高級中等學校,臺南區免試入學日間部,高中,,
tainan,臺南區,210408,國立臺南高級商業職業學校,臺南區免試入學日間部,技高,,
tainan,臺南區,210416,國立臺南高級海事水產職業學校,臺南區免試入學日間部,技高,,
tainan,臺南區,210B05,國立臺南第一高級中學進修部,臺南區免試入學進修部,高中,,
tainan,臺南區,210C08,國立臺南高級商業職業學校進修部,臺南區免試入學進修部,技高,,
tainan,臺南區,211301,臺南市私立長榮高級中學,臺南區免試入學日間部,高中,,
tainan,臺南區,211302,臺南市私立長榮女子高級中學,臺南區免試入學日間部,高中,,
tainan,臺南區,211304,天主教聖功學校財團法人臺南市天主教聖功女子高級中學,臺南區免試入學日間部,高中,,
tainan,臺南區,211310,臺南光華學校財團法人臺南市光華高級中學,臺南區免試入學日間部,高中,,
tainan,臺南區,211315,臺南市私立瀛海高級中學,臺南區免試入學日間部,高中,,
tainan,臺南區,211317,崑山國際學校財團法人臺南市崑山高級中等學校,臺南區免試入學日間部,高中,,
tainan,臺南區,211318,臺南市德光高級中學,臺南區免試入學日間部,高中,,
tainan,臺南區,211320,慈濟學校財團法人臺南市私立慈濟高級中學,臺南區免試入學日間部,高中,,
tainan,臺南區,211407,臺南市私立南英高級商工職業學校,臺南區免試入學日間部,技高,,
tainan,臺南區,211412,臺南市亞洲高級餐旅職業學校,臺南區免試入學日間部,技高,,
tainan,臺南區,211419,臺南市私立慈幼高級工商職業學校,臺南區免試入學日間部,技高,,
tainan,臺南區,211B14,臺南市六信高級中學進修部,臺南區免試入學進修部,高中,,
tainan,臺南區,211C07,臺南市私立南英高級商工職業學校進修部,臺南區免試入學進修部,技高,,
tainan,臺南區,211C12,臺南市亞洲高級餐旅職業學校進修部,臺南區免試入學進修部,技高,,
tainan,臺南區,211C19,臺南市私立慈幼高級工商職業學校進修部,臺南區免試入學進修部,技高,,
tainan,臺南區,213303,臺南市立南寧高級中學,臺南區免試入學日間部,高中,,
tainan,臺南區,213316,臺南市立土城高級中學,臺南區免試入學日間部,高中,,
kaohsiung,高雄區,120303,國立鳳山高中,高雄區學校名錄,普通科,高雄市鳳山區光復路二段130號,
kaohsiung,高雄區,120304,國立岡山高中,高雄區學校名錄,普通科,高雄市岡山區公園路52號,
kaohsiung,高雄區,120311,國立旗美高中,高雄區學校名錄,普通科／專業群科,高雄市旗山區東平里樹人路21號,
kaohsiung,高雄區,120319,國立鳳新高中,高雄區學校名錄,普通科,高雄市鳳山區新富路257號,
kaohsiung,高雄區,120320,國立高科實驗高中,高雄區學校名錄,高中職,高雄市楠梓區盛昌街161號,
kaohsiung,高雄區,120401,國立旗山農工,高雄區學校名錄,專業群科／實用技能學程,高雄市旗山區旗甲路㇐段195號,
kaohsiung,高雄區,120402,國立岡山農工,高雄區學校名錄,專業群科／進修部,高雄市岡山區壽天里岡山路533號,
kaohsiung,高雄區,120409,國立鳳山商工,高雄區學校名錄,普通科／專業群科／進修部,高雄市鳳山區文衡路51號,
kaohsiung,高雄區,121302,光禾華德福實驗學校,高雄區學校名錄,普通科,高雄市前鎮區德昌路345號,
kaohsiung,高雄區,121306,財團法人新光高中,高雄區學校名錄,專業群科／進修部／實用技能學程,高雄市大寮區鳳屏㇐路217號,
kaohsiung,高雄區,121307,財團法人普門中學,高雄區學校名錄,普通科／專業群科,高雄市大樹區大坑路140之11號,
kaohsiung,高雄區,121318,私立正義高中,高雄區學校名錄,普通科,高雄市鳳山區南江街183號,
kaohsiung,高雄區,121320,私立義大國際高中,高雄區學校名錄,普通科,高雄市大樹區學城路㇐段6號,
kaohsiung,高雄區,121405,私立中山工商,高雄區學校名錄,普通科／專業群科／實用技能學程,高雄市大寮區會社里正氣路79號,
kaohsiung,高雄區,121410,私立旗美商工,高雄區學校名錄,進修部,高雄市美濃區中興路二段275號,
kaohsiung,高雄區,121413,私立高英工商,高雄區學校名錄,專業群科／進修部,高雄市大寮區鳳林三路19巷44號,
kaohsiung,高雄區,121415,私立華德工家,高雄區學校名錄,專業群科／實用技能學程,高雄市茄萣區濱海路四段66號,
kaohsiung,高雄區,121417,私立高苑工商,高雄區學校名錄,專業群科／進修部／實用技能學程,高雄市橋頭區東林里芋寮路1號,
kaohsiung,高雄區,124302,高雄市立文山高中,高雄區學校名錄,普通科,高雄市鳥松區大埤路31號,
kaohsiung,高雄區,124311,高雄市立林園高中,高雄區學校名錄,普通科,高雄市林園區林園北路481號,
kaohsiung,高雄區,124313,高雄市立仁武高中,高雄區學校名錄,普通科,高雄市仁武區仁林路20號,
kaohsiung,高雄區,124322,高雄市立路竹高中,高雄區學校名錄,普通科,高雄市路竹區中華路292號,
kaohsiung,高雄區,124333,高雄市立六龜高中,高雄區學校名錄,普通科,高雄市六龜區光復路212號,
kaohsiung,高雄區,124340,高雄市立福誠高中,高雄區學校名錄,普通科,高雄市鳳山區五甲三路176號,
kaohsiung,高雄區,521301,天主教明誠高中,高雄區學校名錄,普通科,高雄市鼓山區中華㇐路97號,
kaohsiung,高雄區,521303,私立大榮高中,高雄區學校名錄,普通科／專業群科,高雄市鼓山區大榮街1號,
kaohsiung,高雄區,521401,私立中華藝校,高雄區學校名錄,專業群科／實用技能學程,高雄市鼓山區美術館路89號,
kaohsiung,高雄區,523301,高雄市立鼓山高中,高雄區學校名錄,普通科,高雄市鼓山區明德路2號,
kaohsiung,高雄區,533301,高雄市立左營高中,高雄區學校名錄,普通科／進修部,高雄市左營區海功路55號,
kaohsiung,高雄區,533302,高雄市立新莊高中,高雄區學校名錄,普通科,高雄市左營區文慈路99號,
kaohsiung,高雄區,533401,高雄市立海青工商,高雄區學校名錄,普通科／專業群科／進修部,高雄市左營區左營大路1號,
kaohsiung,高雄區,533402,高雄市立三民家商,高雄區學校名錄,普通科／專業群科,高雄市左營區裕誠路1102號,
kaohsiung,高雄區,540301,國立中山大學附屬國光高中,高雄區學校名錄,普通科,高雄市楠梓區後昌路512號,
kaohsiung,高雄區,543301,高雄市立中山高中,高雄區學校名錄,普通科,高雄市楠梓區藍昌路416號,
kaohsiung,高雄區,543302,高雄市立楠梓高中,高雄區學校名錄,普通科,高雄市楠梓區清豐路19號,
kaohsiung,高雄區,551301,私立立志高中,高雄區學校名錄,普通科／專業群科／進修部／實用技能學程,高雄市三民區大昌㇐路98號,
kaohsiung,高雄區,551402,私立樹德家商,高雄區學校名錄,專業群科／進修部／實用技能學程,高雄市三民區建興路116號,
kaohsiung,高雄區,553301,高雄市立高雄中學,高雄區學校名錄,普通科,高雄市三民區建國三路50號,
kaohsiung,高雄區,553302,高雄市立三民高中,高雄區學校名錄,普通科,高雄市三民區金鼎路81號,
kaohsiung,高雄區,553401,高雄市立高雄高工,高雄區學校名錄,專業群科／進修部,高雄市三民區建工路419號,
kaohsiung,高雄區,563301,高雄市立新興高中,高雄區學校名錄,普通科,高雄市新興區五福二路218號,
kaohsiung,高雄區,563401,高雄市立高雄高商,高雄區學校名錄,普通科／專業群科／進修部,高雄市新興區五福二路3號,
kaohsiung,高雄區,573301,高雄市立高雄女中,高雄區學校名錄,普通科,高雄市前金區五福三路122號,
kaohsiung,高雄區,580301,國立高師大附中,高雄區學校名錄,普通科,高雄市苓雅區凱旋二路89號,
kaohsiung,高雄區,581301,私立復華高中,高雄區學校名錄,普通科／專業群科,高雄市苓雅區民權㇐路42號,
kaohsiung,高雄區,581302,天主教道明中學,高雄區學校名錄,普通科,高雄市苓雅區建國㇐路354號,
kaohsiung,高雄區,581402,私立三信家商,高雄區學校名錄,專業群科／進修部／實用技能學程,高雄市苓雅區三多㇐路186號,
kaohsiung,高雄區,583301,高雄市立中正高中,高雄區學校名錄,普通科,高雄市苓雅區中正㇐路8號,
kaohsiung,高雄區,593301,高雄市立前鎮高中,高雄區學校名錄,普通科,高雄市前鎮區鎮中路132號,
kaohsiung,高雄區,593302,高雄市立瑞祥高中,高雄區學校名錄,普通科,高雄市前鎮區班超路63號,
kaohsiung,高雄區,593401,高雄市立中正高工,高雄區學校名錄,普通科／專業群科／進修部／實用技能學程,高雄市前鎮區光華二路80號,
kaohsiung,高雄區,610405,國立高餐大附屬餐旅中學,高雄區學校名錄,專業群科／實用技能學程,高雄市小港區松和路40號,
kaohsiung,高雄區,613301,高雄市立小港高中,高雄區學校名錄,普通科,高雄市小港區學府路117號,
pingtung,屏東區,124311,高雄市立林園高級中學,屏東區免試入學日間部,高中,,
pingtung,屏東區,130302,國立屏東女子高級中學,屏東區免試入學日間部,高中,,
pingtung,屏東區,130305,國立屏東高級中學,屏東區免試入學日間部,高中,,
pingtung,屏東區,130306,國立潮州高級中學,屏東區免試入學日間部,高中,,
pingtung,屏東區,130307,國立屏科實驗高級中等學校,屏東區免試入學日間部,高中,,
pingtung,屏東區,130322,國立屏北高級中學,屏東區免試入學日間部,高中,,
pingtung,屏東區,130401,國立內埔高級農工職業學校,屏東區免試入學日間部,技高,,
pingtung,屏東區,130403,國立屏東高級工業職業學校,屏東區免試入學日間部,技高,,
pingtung,屏東區,130404,國立佳冬高級農業職業學校,屏東區免試入學日間部,技高,,
pingtung,屏東區,130410,國立東港高級海事水產職業學校,屏東區免試入學日間部,技高,,
pingtung,屏東區,130417,國立恆春高級工商職業學校,屏東區免試入學日間部,技高,,
pingtung,屏東區,130C03,國立屏東高級工業職業學校進修部,屏東區免試入學進修部,技高,,
pingtung,屏東區,130C04,國立佳冬高級農業職業學校進修部,屏東區免試入學進修部,技高,,
pingtung,屏東區,130C17,國立恆春高級工商職業學校進修部,屏東區免試入學進修部,技高,,
pingtung,屏東區,131307,屏榮學校財團法人屏東縣屏榮高級中學,屏東區免試入學日間部,高中,,
pingtung,屏東區,131308,陸興學校財團法人屏東縣陸興高級中學,屏東區免試入學日間部,高中,,
pingtung,屏東區,131311,屏東縣私立美和高級中學,屏東區免試入學日間部,高中,,
pingtung,屏東區,131409,屏東縣私立民生高級家事商業職業學校,屏東區免試入學日間部,技高,,
pingtung,屏東區,131C09,屏東縣私立民生高級家事商業職業學校進修部,屏東區免試入學進修部,技高,,
pingtung,屏東區,134304,屏東縣立大同高級中學,屏東區免試入學日間部,高中,,
pingtung,屏東區,134321,屏東縣立枋寮高級中學,屏東區免試入學日間部,高中,,
pingtung,屏東區,134324,屏東縣立東港高級中學,屏東區免試入學日間部,高中,,
pingtung,屏東區,134334,屏東縣立來義高級中學,屏東區免試入學日間部,高中,,
ilan,宜蘭區,020301,國立蘭陽女中,宜蘭區學校名錄,普通科,宜蘭縣宜蘭市女中路二段355號,
ilan,宜蘭區,020302,國立宜蘭高中,宜蘭區學校名錄,普通科,宜蘭縣宜蘭市復興路三段8號,
ilan,宜蘭區,020308,國立羅東高中,宜蘭區學校名錄,普通科,宜蘭縣羅東鎮公正路324號,
ilan,宜蘭區,020403,國立宜蘭高商,宜蘭區學校名錄,專業群科／進修部／實用技能學程,宜蘭縣宜蘭市延平路50號,
ilan,宜蘭區,020404,國立羅東高商,宜蘭區學校名錄,專業群科／進修部／實用技能學程,宜蘭縣羅東鎮中山路四段360號,
ilan,宜蘭區,020405,國立蘇澳海事,宜蘭區學校名錄,普通科／專業群科／進修部／實用技能學程,宜蘭縣蘇澳鎮蘇港路213號,
ilan,宜蘭區,020407,國立羅東高工,宜蘭區學校名錄,專業群科／進修部／實用技能學程,宜蘭縣冬山鄉廣興路117號,
ilan,宜蘭區,020409,國立頭城家商,宜蘭區學校名錄,普通科／專業群科／進修部／實用技能學程,宜蘭縣頭城鎮新興路111號,
ilan,宜蘭區,021301,私立慧燈高中,宜蘭區學校名錄,普通科,宜蘭縣員山鄉協進路88號,
ilan,宜蘭區,021310,私立中道高中,宜蘭區學校名錄,普通科,宜蘭縣壯圍鄉功勞村中央路三段312巷7號,
ilan,宜蘭區,024322,宜蘭縣立南澳高中,宜蘭區學校名錄,普通科／進修部,宜蘭縣南澳鄉蘇花路二段301號,
ilan,宜蘭區,024325,宜蘭縣立慈心華德福實中,宜蘭區學校名錄,普通科,宜蘭縣冬山鄉照安路257號,
hualien,花蓮區,150302,國立花蓮女子高級中學,花蓮區免試入學日間部,高中,,
hualien,花蓮區,150303,國立花蓮高級中學,花蓮區免試入學日間部,高中,,
hualien,花蓮區,150309,國立玉里高級中學,花蓮區免試入學日間部,高中,,
hualien,花蓮區,150401,國立花蓮高級農業職業學校,花蓮區免試入學日間部,技高,,
hualien,花蓮區,150404,國立花蓮高級工業職業學校,花蓮區免試入學日間部,技高,,
hualien,花蓮區,150405,國立花蓮高級商業職業學校,花蓮區免試入學日間部,技高,,
hualien,花蓮區,150411,國立光復高級商工職業學校,花蓮區免試入學日間部,技高,,
hualien,花蓮區,150B09,國立玉里高級中學附設進修部,花蓮區免試入學進修部,技高,,
hualien,花蓮區,150C04,國立花蓮高級工業職業學校附設進修部,花蓮區免試入學進修部,技高,,
hualien,花蓮區,150C05,國立花蓮高級商業職業學校附設進修部,花蓮區免試入學進修部,技高,,
hualien,花蓮區,150C11,國立光復高級商工職業學校附設進修部,花蓮區免試入學進修部,技高,,
hualien,花蓮區,151306,花蓮縣私立海星高級中學,花蓮區免試入學日間部,高中,,
hualien,花蓮區,151307,四維學校財團法人花蓮縣四維高級中學,花蓮區免試入學日間部,高中,,
hualien,花蓮區,151312,慈濟學校財團法人慈濟大學附屬高級中學,花蓮區免試入學日間部,高中,,
hualien,花蓮區,151410,上騰學校財團法人花蓮縣上騰高級工商職業學校,花蓮區免試入學日間部,技高,,
hualien,花蓮區,151C10,上騰學校財團法人花蓮縣上騰高級工商職業學校附設進修部,花蓮區免試入學進修部,技高,,
taitung,臺東區,140302,國立臺東女子高級中學,臺東區免試入學日間部,高中,,
taitung,臺東區,140303,國立臺東高級中學,臺東區免試入學日間部,高中,,
taitung,臺東區,140401,國立臺東專科學校附設高職部,臺東區免試入學日間部,技高,,
taitung,臺東區,140404,國立關山高級工商職業學校,臺東區免試入學日間部,技高,,
taitung,臺東區,140405,國立臺東高級商業職業學校,臺東區免試入學日間部,技高,,
taitung,臺東區,140408,國立成功商業水產職業學校,臺東區免試入學日間部,技高,,
taitung,臺東區,140C01,國立臺東專科學校附設高級農工職業進修學校,臺東區免試入學日間部,技高,,
taitung,臺東區,140C05,國立臺東高級商業職業學校進修部,臺東區免試入學進修部,技高,,
taitung,臺東區,141301,均一學校財團法人臺東縣均一國際教育實驗高級中等學校,臺東區免試入學日間部,高中,,
taitung,臺東區,141406,臺東縣私立公東高級工業職業學校,臺東區免試入學日間部,技高,,
taitung,臺東區,144322,臺東縣立蘭嶼高級中學,臺東區免試入學日間部,高中,,
penghu,澎湖區,160302,國立馬公高中,澎湖區學校名錄,普通科／專業群科／實用技能學程,澎湖縣馬公市中華路369號,
penghu,澎湖區,160401,國立澎湖海事水產,澎湖區學校名錄,專業群科,澎湖縣馬公市中興里民族路63號,
kinmen,金門區,710301,國立金門高中,金門區學校名錄,普通科,金門縣金城鎮光前路94號,
kinmen,金門區,710401,國立金門農工,金門區學校名錄,專業群科／進修部,金門縣金湖鎮新市里復興路1之11號,
