排名,學校代碼,學校名稱,公私立,招生區,學制分類,男女校,縣市,區,地址,官網,電話,科系與名額,簡章招生名額,招生名額,資優班/特色班,住宿資訊,課程方向,實習／專題,校車／專車資訊,通勤資訊,住宿資訊,Google地圖,課程資料來源,實習專題資料來源,校車／專車資料來源,通勤資料來源,住宿資料來源,地址資料來源,生活資料來源,資料更新日期
,120303,國立鳳山高中,公立,高雄區學校名錄,高中,男女校,高雄市,鳳山區,高雄市鳳山區光復路二段130號,https://www.fssh.khc.edu.tw/,(07)7463150,普通科(日)；數理資優班(日),,,請以各校當年度公告為準,國立鳳山高中的一般高中職學生住宿目前沒有固定公開申請資訊。,國立鳳山高中以普通高中學科基礎、跨領域選修與探究學習，並保留自主學習與生涯探索空間為主，115學年度課程包含自然科學探究與實作、社會領域探究等學習內容；另設有數理資優班等班別，相關課程依班別深化。,國立鳳山高中以自然科學探究與實作、社會領域探究、自主學習及成果發表作為高中階段的實作／專題型學習。,有學生專車。校方交通資料列有梓官右昌、高楠方向的學生專車方案，並以實際登記人數確認是否成行。,可由臺鐵正義站步行約10分鐘到校；也可由捷運鳳山西站步行前往，另有多條市區公車停靠學校周邊。,國立鳳山高中的一般高中職學生住宿目前沒有固定公開申請資訊。,https://www.google.com/maps/search/?api=1&query=%E5%9C%8B%E7%AB%8B%E9%B3%B3%E5%B1%B1%E9%AB%98%E4%B8%AD%20%E9%AB%98%E9%9B%84%E5%B8%82%E9%B3%B3%E5%B1%B1%E5%8D%80%E5%85%89%E5%BE%A9%E8%B7%AF%E4%BA%8C%E6%AE%B5130%E8%99%9F,https://www.fssh.khc.edu.tw/ | https://courset.k12ea.gov.tw/courseinformation/indexStu01.asp,https://www.fssh.khc.edu.tw/ | https://courset.k12ea.gov.tw/courseinformation/indexStu01.asp,https://www.fssh.khc.edu.tw/ischool/public/resource_view/open.php?file=15def6bd163945fc5fde64357ceaab5a.pdf,https://www.fssh.khc.edu.tw/ischool/public/resource_view/open.php?file=15def6bd163945fc5fde64357ceaab5a.pdf,https://www.fssh.khc.edu.tw/,https://www.fssh.khc.edu.tw/,https://www.fssh.khc.edu.tw/,2026-09-07
,120304,國立岡山高中,公立,高雄區學校名錄,高中,男女校,高雄市,岡山區,高雄市岡山區公園路52號,https://www.kssh.khc.edu.tw/,(07)6212033,普通科(日)；體育班(日),,,請以各校當年度公告為準,國立岡山高中的一般高中職學生住宿目前沒有固定公開申請資訊。,國立岡山高中以部定必修、校訂課程、多元選修與彈性學習為主，115學年度課程包含自然科學探究與實作、社會領域探究等學習內容；另設有體育班等班別，相關課程依班別深化。,國立岡山高中以自然科學探究與實作、社會領域探究、自主學習及成果發表作為高中階段的實作／專題型學習。,有學生專車。校方交通資料提供岡山高中學生專車路線與時刻，供學生上下學使用。,可先至臺鐵岡山站或捷運岡山／南岡山一帶，再轉乘紅69等岡山地區公車至岡山高中周邊。,國立岡山高中的一般高中職學生住宿目前沒有固定公開申請資訊。,https://www.google.com/maps/search/?api=1&query=%E5%9C%8B%E7%AB%8B%E5%B2%A1%E5%B1%B1%E9%AB%98%E4%B8%AD%20%E9%AB%98%E9%9B%84%E5%B8%82%E5%B2%A1%E5%B1%B1%E5%8D%80%E5%85%AC%E5%9C%92%E8%B7%AF52%E8%99%9F,https://www.kssh.khc.edu.tw/p/412-1001-613.php,https://www.kssh.khc.edu.tw/p/412-1001-613.php,https://www.kssh.khc.edu.tw/var/file/1/1001/attach/8/pta_91256_451786_41870.pdf,https://www.kssh.khc.edu.tw/var/file/1/1001/attach/8/pta_91256_451786_41870.pdf,https://www.kssh.khc.edu.tw/,https://www.kssh.khc.edu.tw/,https://www.kssh.khc.edu.tw/,2026-09-07
,120311,國立旗美高中,公立,高雄區學校名錄,綜高,男女校,高雄市,旗山區,高雄市旗山區東平里樹人路21號,https://www.cmsh.khc.edu.tw/,(07)6612502,普通科(日)；體育班(日)；多媒體設計科(日)；家政科(日)；幼兒保育科(日),,,請以各校當年度公告為準,學校設有學生宿舍。115學年度新生資料提供住宿申請及宿舍生活規範，學生依申請程序入住。,國立旗美高中兼具普通高中學術課程與體育班、多媒體設計科、家政科、幼兒保育科等專業方向，課程包含語文數理、探究學習、多元選修及技術專業課程，提供學術與職涯兩種延伸路徑。,國立旗美高中的體育班、多媒體設計科、家政科、幼兒保育科依115學年度課程安排專業實作、實習科目與專題製作，學生透過作品、操作練習及成果發表整合所學。,有學生專車。115學年度新生資料提供專車路線及發車時刻，包含甲仙、圓潭、美濃、南化等方向。,可先到旗山轉運站，再轉乘旗山、內門、美濃等方向公車至東平里樹人路周邊站點，步行到國立旗美高中。,學校設有學生宿舍。115學年度新生資料提供住宿申請及宿舍生活規範，學生依申請程序入住。,https://www.google.com/maps/search/?api=1&query=%E5%9C%8B%E7%AB%8B%E6%97%97%E7%BE%8E%E9%AB%98%E4%B8%AD%20%E9%AB%98%E9%9B%84%E5%B8%82%E6%97%97%E5%B1%B1%E5%8D%80%E6%9D%B1%E5%B9%B3%E9%87%8C%E6%A8%B9%E4%BA%BA%E8%B7%AF21%E8%99%9F,https://www.cmsh.khc.edu.tw/ | https://courset.k12ea.gov.tw/courseinformation/indexStu01.asp,https://www.cmsh.khc.edu.tw/ | https://courset.k12ea.gov.tw/courseinformation/indexStu01.asp,https://www.cmsh.khc.edu.tw/home?cid=517,https://www.google.com/maps/search/?api=1&query=%E5%9C%8B%E7%AB%8B%E6%97%97%E7%BE%8E%E9%AB%98%E4%B8%AD%20%E9%AB%98%E9%9B%84%E5%B8%82%E6%97%97%E5%B1%B1%E5%8D%80%E6%9D%B1%E5%B9%B3%E9%87%8C%E6%A8%B9%E4%BA%BA%E8%B7%AF21%E8%99%9F | https://ibus.tbkc.gov.tw/,https://www.cmsh.khc.edu.tw/home?cid=517,https://www.cmsh.khc.edu.tw/,https://www.cmsh.khc.edu.tw/,2026-09-07
,120319,國立鳳新高中,公立,高雄區學校名錄,高中,男女校,高雄市,鳳山區,高雄市鳳山區新富路257號,https://www.fhsh.khc.edu.tw/,(07)7658288,普通科(日)；音樂班(日)；美術班(日),,,請以各校當年度公告為準,國立鳳新高中的一般高中職學生住宿目前沒有固定公開申請資訊。,國立鳳新高中以語文、數理、自然與社會領域課程，搭配校訂必修、多元選修與自主學習為主，115學年度課程包含自然科學探究與實作、社會領域探究等學習內容；另設有音樂班、美術班等班別，相關課程依班別深化。,國立鳳新高中以自然科學探究與實作、社會領域探究、自主學習及成果發表作為高中階段的實作／專題型學習，另包含美術作品與展演、音樂術科與成果演出。,有學生專車。115學年度校方公布學生專車路線、搭乘時間與登記資訊，供上下學使用。,可先至臺鐵鳳山站或高雄捷運橘線鳳山地區車站，再轉乘市區公車至新富路周邊站點，步行到國立鳳新高中。,國立鳳新高中的一般高中職學生住宿目前沒有固定公開申請資訊。,https://www.google.com/maps/search/?api=1&query=%E5%9C%8B%E7%AB%8B%E9%B3%B3%E6%96%B0%E9%AB%98%E4%B8%AD%20%E9%AB%98%E9%9B%84%E5%B8%82%E9%B3%B3%E5%B1%B1%E5%8D%80%E6%96%B0%E5%AF%8C%E8%B7%AF257%E8%99%9F,https://www.fhsh.khc.edu.tw/aa/20220620/3768,https://www.fhsh.khc.edu.tw/aa/20220620/3768,https://www.fhsh.khc.edu.tw/military/%E5%AD%B8%E7%94%9F%E5%B0%88%E8%BB%8A%E8%B3%87%E8%A8%8A,https://www.google.com/maps/search/?api=1&query=%E5%9C%8B%E7%AB%8B%E9%B3%B3%E6%96%B0%E9%AB%98%E4%B8%AD%20%E9%AB%98%E9%9B%84%E5%B8%82%E9%B3%B3%E5%B1%B1%E5%8D%80%E6%96%B0%E5%AF%8C%E8%B7%AF257%E8%99%9F | https://ibus.tbkc.gov.tw/,https://www.fhsh.khc.edu.tw/,https://www.fhsh.khc.edu.tw/,https://www.fhsh.khc.edu.tw/,2026-09-07
,120320,國立高科實驗高中,公立,高雄區學校名錄,高中,男女校,高雄市,楠梓區,高雄市楠梓區盛昌街161號,https://www.nehs.kh.edu.tw/,(07)6120121,,,,請以各校當年度公告為準,國立高科實驗高中的一般高中職學生住宿目前沒有固定公開申請資訊。,國立高科實驗高中以部定必修、校訂課程、多元選修與彈性學習為主，115學年度課程包含自然科學探究與實作、社會領域探究等學習內容。,國立高科實驗高中以自然科學探究與實作、社會領域探究、自主學習及成果發表作為高中階段的實作／專題型學習。,國立高科實驗高中目前沒有固定公開的校車／學生專車路線資訊；一般公共運輸方式另列於「通勤資訊」。,可由楠梓區捷運站或臺鐵楠梓站轉乘市區公車至盛昌街周邊站點，步行到國立高科實驗高中。,國立高科實驗高中的一般高中職學生住宿目前沒有固定公開申請資訊。,https://www.google.com/maps/search/?api=1&query=%E5%9C%8B%E7%AB%8B%E9%AB%98%E7%A7%91%E5%AF%A6%E9%A9%97%E9%AB%98%E4%B8%AD%20%E9%AB%98%E9%9B%84%E5%B8%82%E6%A5%A0%E6%A2%93%E5%8D%80%E7%9B%9B%E6%98%8C%E8%A1%97161%E8%99%9F,https://www.nehs.kh.edu.tw/ | https://courset.k12ea.gov.tw/courseinformation/indexStu01.asp,https://www.nehs.kh.edu.tw/ | https://courset.k12ea.gov.tw/courseinformation/indexStu01.asp,https://www.nehs.kh.edu.tw/,https://www.google.com/maps/search/?api=1&query=%E5%9C%8B%E7%AB%8B%E9%AB%98%E7%A7%91%E5%AF%A6%E9%A9%97%E9%AB%98%E4%B8%AD%20%E9%AB%98%E9%9B%84%E5%B8%82%E6%A5%A0%E6%A2%93%E5%8D%80%E7%9B%9B%E6%98%8C%E8%A1%97161%E8%99%9F | https://ibus.tbkc.gov.tw/,https://www.nehs.kh.edu.tw/,https://www.nehs.kh.edu.tw/,https://www.nehs.kh.edu.tw/,2026-09-07
,120401,國立旗山農工,公立,高雄區學校名錄,高職,男女校,高雄市,旗山區,高雄市旗山區旗甲路一段195號,https://www.csvs.khc.edu.tw/home,(07)6612501,農場經營科(日)；園藝科(日)；食品加工科(日)；畜產保健科(日)；機械科(日)；汽車科(日)；電機科(日)；生物產業機電科(日)；家政科(日)；綜合職能科(日)；烘焙食品科(日)；機車修護科(日)；餐飲技術科(日),,,請以各校當年度公告為準,學校設有學生宿舍。115學年度新生專區提供住宿申請資料，住宿生依校方宿舍制度辦理入住。,國立旗山農工以農場經營科、園藝科、食品加工科、畜產保健科、機械科、汽車科為主要專業方向；115學年度課程依各科安排專業核心、實作課程、校訂選修與跨域應用，讓學生逐步銜接升學與技術能力。,國立旗山農工的農場經營科、園藝科、食品加工科、畜產保健科、機械科依115學年度課程安排專業實作、實習科目與專題製作，學生透過作品、操作練習及成果發表整合所學。,有學生專車。115學年度路線涵蓋林園、左營、五甲、鳳山、岡山、楠梓、梓官、茄萣、屏東、六龜、美濃、甲仙、內門等方向。,可先到旗山轉運站，再轉乘旗山、內門、美濃等方向公車至旗甲路一段周邊站點，步行到國立旗山農工。,學校設有學生宿舍。115學年度新生專區提供住宿申請資料，住宿生依校方宿舍制度辦理入住。,https://www.google.com/maps/search/?api=1&query=%E5%9C%8B%E7%AB%8B%E6%97%97%E5%B1%B1%E8%BE%B2%E5%B7%A5%20%E9%AB%98%E9%9B%84%E5%B8%82%E6%97%97%E5%B1%B1%E5%8D%80%E6%97%97%E7%94%B2%E8%B7%AF%E4%B8%80%E6%AE%B5195%E8%99%9F,https://www.csvs.khc.edu.tw/home | https://courset.k12ea.gov.tw/courseinformation/indexStu01.asp,https://www.csvs.khc.edu.tw/home | https://courset.k12ea.gov.tw/courseinformation/indexStu01.asp,https://www.csvs.khc.edu.tw/ischool/publish_page/10/?cid=2217,https://www.google.com/maps/search/?api=1&query=%E5%9C%8B%E7%AB%8B%E6%97%97%E5%B1%B1%E8%BE%B2%E5%B7%A5%20%E9%AB%98%E9%9B%84%E5%B8%82%E6%97%97%E5%B1%B1%E5%8D%80%E6%97%97%E7%94%B2%E8%B7%AF%E4%B8%80%E6%AE%B5195%E8%99%9F | https://ibus.tbkc.gov.tw/,https://www.csvs.khc.edu.tw/home?cid=2185,https://www.csvs.khc.edu.tw/home,https://www.csvs.khc.edu.tw/home,2026-09-07
,120402,國立岡山農工,公立,高雄區學校名錄,高職,男女校,高雄市,岡山區,高雄市岡山區壽天里岡山路533號,https://www.ksvs.khc.edu.tw/index.php,(07)6217129,園藝科(日)；食品加工科(日)；食品加工科(夜)；機械科(日)；機械科(夜)；汽車科(日)；汽車科(夜)；資訊科(日)；資訊科(夜)；電子科(日)；電機科(日)；電機科(夜)；建築科(日)；化工科(日)；室內空間設計科(日)；生物產業機電科(日)；家政科(日)；家政科(夜)；綜合職能科(日),,,請以各校當年度公告為準,國立岡山農工的一般高中職學生住宿目前沒有固定公開申請資訊。,國立岡山農工以園藝科、食品加工科、機械科、汽車科、資訊科、電子科為主要專業方向；115學年度課程依各科安排專業核心、實作課程、校訂選修與跨域應用，讓學生逐步銜接升學與技術能力。,國立岡山農工的園藝科、食品加工科、機械科、汽車科、資訊科依115學年度課程安排專業實作、實習科目與專題製作，學生透過作品、操作練習及成果發表整合所學。,國立岡山農工目前沒有固定公開的校車／學生專車路線資訊；一般公共運輸方式另列於「通勤資訊」。,可先至臺鐵岡山站或捷運岡山／南岡山一帶，再轉乘岡山地區公車至壽天里岡山路周邊站點，步行到國立岡山農工。,國立岡山農工的一般高中職學生住宿目前沒有固定公開申請資訊。,https://www.google.com/maps/search/?api=1&query=%E5%9C%8B%E7%AB%8B%E5%B2%A1%E5%B1%B1%E8%BE%B2%E5%B7%A5%20%E9%AB%98%E9%9B%84%E5%B8%82%E5%B2%A1%E5%B1%B1%E5%8D%80%E5%A3%BD%E5%A4%A9%E9%87%8C%E5%B2%A1%E5%B1%B1%E8%B7%AF533%E8%99%9F,https://www.ksvs.khc.edu.tw/index.php | https://courset.k12ea.gov.tw/courseinformation/indexStu01.asp,https://www.ksvs.khc.edu.tw/index.php | https://courset.k12ea.gov.tw/courseinformation/indexStu01.asp,https://www.ksvs.khc.edu.tw/index.php,https://www.google.com/maps/search/?api=1&query=%E5%9C%8B%E7%AB%8B%E5%B2%A1%E5%B1%B1%E8%BE%B2%E5%B7%A5%20%E9%AB%98%E9%9B%84%E5%B8%82%E5%B2%A1%E5%B1%B1%E5%8D%80%E5%A3%BD%E5%A4%A9%E9%87%8C%E5%B2%A1%E5%B1%B1%E8%B7%AF533%E8%99%9F | https://ibus.tbkc.gov.tw/,https://www.ksvs.khc.edu.tw/index.php,https://www.ksvs.khc.edu.tw/index.php,https://www.ksvs.khc.edu.tw/index.php,2026-09-07
,120409,國立鳳山商工,公立,高雄區學校名錄,高職,男女校,高雄市,鳳山區,高雄市鳳山區文衡路51號,https://www.fsvs.khc.edu.tw/,(07)7462602,體育班(日)；機械科(日)；室內空間設計科(日)；室內空間設計科(夜)；電腦機械製圖科(日)；家具設計科(日)；商業經營科(日)；商業經營科(夜)；國際貿易科(日)；會計事務科(日)；資料處理科(日)；資料處理科(夜)；觀光事業科(日)；觀光事業科(夜)；餐飲服務科(日),,,請以各校當年度公告為準,國立鳳山商工的一般高中職學生住宿目前沒有固定公開申請資訊。,國立鳳山商工以體育班、機械科、室內空間設計科、電腦機械製圖科、家具設計科、商業經營科為主要專業方向；115學年度課程依各科安排專業核心、實作課程、校訂選修與跨域應用，讓學生逐步銜接升學與技術能力。,國立鳳山商工的體育班、機械科、室內空間設計科、電腦機械製圖科、家具設計科依115學年度課程安排專業實作、實習科目與專題製作，學生透過作品、操作練習及成果發表整合所學。,國立鳳山商工目前沒有固定公開的校車／學生專車路線資訊；一般公共運輸方式另列於「通勤資訊」。,臺鐵鳳山站距校約300公尺，可步行到校；捷運鳳山站亦可步行前往，另有橘17、橘7、87、紅33等公車行經周邊。,國立鳳山商工的一般高中職學生住宿目前沒有固定公開申請資訊。,https://www.google.com/maps/search/?api=1&query=%E5%9C%8B%E7%AB%8B%E9%B3%B3%E5%B1%B1%E5%95%86%E5%B7%A5%20%E9%AB%98%E9%9B%84%E5%B8%82%E9%B3%B3%E5%B1%B1%E5%8D%80%E6%96%87%E8%A1%A1%E8%B7%AF51%E8%99%9F,https://www.fsvs.khc.edu.tw/ | https://courset.k12ea.gov.tw/courseinformation/indexStu01.asp,https://www.fsvs.khc.edu.tw/ | https://courset.k12ea.gov.tw/courseinformation/indexStu01.asp,https://www.fsvs.khc.edu.tw/,https://www.fsvs.khc.edu.tw/p/405-1003-53492%2Cc3788.php?Lang=zh-tw,https://www.fsvs.khc.edu.tw/,https://www.fsvs.khc.edu.tw/,https://www.fsvs.khc.edu.tw/,2026-09-07
,121302,光禾華德福實驗學校,私立,高雄區學校名錄,高中,男女校,高雄市,前鎮區,高雄市前鎮區德昌路345號,https://waldorf-tw-kh.weebly.com/,(07)7885128,普通科(日),,,請以各校當年度公告為準,光禾華德福實驗學校的一般高中職學生住宿目前沒有固定公開申請資訊。,光禾華德福實驗學校以普通型高中核心課程，並透過校訂課程、多元選修及自主學習延伸個人興趣為主，115學年度課程包含自然科學探究與實作、社會領域探究等學習內容。,光禾華德福實驗學校以自然科學探究與實作、社會領域探究、自主學習及成果發表作為高中階段的實作／專題型學習。,光禾華德福實驗學校目前沒有固定公開的校車／學生專車路線資訊；一般公共運輸方式另列於「通勤資訊」。,可由捷運前鎮地區車站或高雄輕軌轉乘市區公車，在德昌路周邊站點下車後步行到光禾華德福實驗學校。,光禾華德福實驗學校的一般高中職學生住宿目前沒有固定公開申請資訊。,https://www.google.com/maps/search/?api=1&query=%E5%85%89%E7%A6%BE%E8%8F%AF%E5%BE%B7%E7%A6%8F%E5%AF%A6%E9%A9%97%E5%AD%B8%E6%A0%A1%20%E9%AB%98%E9%9B%84%E5%B8%82%E5%89%8D%E9%8E%AE%E5%8D%80%E5%BE%B7%E6%98%8C%E8%B7%AF345%E8%99%9F,https://waldorf-tw-kh.weebly.com/ | https://courset.k12ea.gov.tw/courseinformation/indexStu01.asp,https://waldorf-tw-kh.weebly.com/ | https://courset.k12ea.gov.tw/courseinformation/indexStu01.asp,https://waldorf-tw-kh.weebly.com/,https://www.google.com/maps/search/?api=1&query=%E5%85%89%E7%A6%BE%E8%8F%AF%E5%BE%B7%E7%A6%8F%E5%AF%A6%E9%A9%97%E5%AD%B8%E6%A0%A1%20%E9%AB%98%E9%9B%84%E5%B8%82%E5%89%8D%E9%8E%AE%E5%8D%80%E5%BE%B7%E6%98%8C%E8%B7%AF345%E8%99%9F | https://ibus.tbkc.gov.tw/,https://waldorf-tw-kh.weebly.com/,https://waldorf-tw-kh.weebly.com/,https://waldorf-tw-kh.weebly.com/,2026-09-07
,121306,財團法人新光高中,私立,高雄區學校名錄,高職,男女校,高雄市,大寮區,高雄市大寮區鳳屏一路217號,https://www.sg.sgshedu.tw/,(07)7019888,資訊科(日)；餐飲管理科(日)；餐飲管理科(夜)；美容科(日)；美容科(夜)；寵物經營科(日),,,請以各校當年度公告為準,財團法人新光高中的一般高中職學生住宿目前沒有固定公開申請資訊。,財團法人新光高中以資訊科、餐飲管理科、美容科、寵物經營科為主要專業方向；115學年度課程依各科安排專業核心、實作課程、校訂選修與跨域應用，讓學生逐步銜接升學與技術能力。,財團法人新光高中的資訊科、餐飲管理科、美容科、寵物經營科依115學年度課程安排專業實作、實習科目與專題製作，學生透過作品、操作練習及成果發表整合所學。,財團法人新光高中目前沒有固定公開的校車／學生專車路線資訊；一般公共運輸方式另列於「通勤資訊」。,可由捷運大寮站轉乘大寮區市區公車至鳳屏一路周邊站點，步行到財團法人新光高中。,財團法人新光高中的一般高中職學生住宿目前沒有固定公開申請資訊。,https://www.google.com/maps/search/?api=1&query=%E8%B2%A1%E5%9C%98%E6%B3%95%E4%BA%BA%E6%96%B0%E5%85%89%E9%AB%98%E4%B8%AD%20%E9%AB%98%E9%9B%84%E5%B8%82%E5%A4%A7%E5%AF%AE%E5%8D%80%E9%B3%B3%E5%B1%8F%E4%B8%80%E8%B7%AF217%E8%99%9F,https://www.sg.sgshedu.tw/ | https://courset.k12ea.gov.tw/courseinformation/indexStu01.asp,https://www.sg.sgshedu.tw/ | https://courset.k12ea.gov.tw/courseinformation/indexStu01.asp,https://www.sg.sgshedu.tw/,https://www.google.com/maps/search/?api=1&query=%E8%B2%A1%E5%9C%98%E6%B3%95%E4%BA%BA%E6%96%B0%E5%85%89%E9%AB%98%E4%B8%AD%20%E9%AB%98%E9%9B%84%E5%B8%82%E5%A4%A7%E5%AF%AE%E5%8D%80%E9%B3%B3%E5%B1%8F%E4%B8%80%E8%B7%AF217%E8%99%9F | https://ibus.tbkc.gov.tw/,https://www.sg.sgshedu.tw/,https://www.sg.sgshedu.tw/,https://www.sg.sgshedu.tw/,2026-09-07
,121307,財團法人普門中學,私立,高雄區學校名錄,綜高,男女校,高雄市,大樹區,高雄市大樹區大坑路140之11號,https://www.pmsh.khc.edu.tw/,(07)6562676,普通科(日)；餐飲管理科(日),,,請以各校當年度公告為準,學校設有學生宿舍。115學年度仍配置學生宿舍生活輔導人員，住宿生由校方安排生活管理。,財團法人普門中學兼具普通高中學術課程與餐飲管理科等專業方向，課程包含語文數理、探究學習、多元選修及技術專業課程，提供學術與職涯兩種延伸路徑。,財團法人普門中學的餐飲管理科依115學年度課程安排專業實作、實習科目與專題製作，學生透過作品、操作練習及成果發表整合所學。,有交通車。115學年度第一學期交通車設有左營、右昌、新莊、鳳山、五甲、岡山、台南、屏東等多條返校路線。,可由高雄市區或左營轉乘前往大樹區的公車，在大坑路周邊站點下車後步行到財團法人普門中學。,學校設有學生宿舍。115學年度仍配置學生宿舍生活輔導人員，住宿生由校方安排生活管理。,https://www.google.com/maps/search/?api=1&query=%E8%B2%A1%E5%9C%98%E6%B3%95%E4%BA%BA%E6%99%AE%E9%96%80%E4%B8%AD%E5%AD%B8%20%E9%AB%98%E9%9B%84%E5%B8%82%E5%A4%A7%E6%A8%B9%E5%8D%80%E5%A4%A7%E5%9D%91%E8%B7%AF140%E4%B9%8B11%E8%99%9F,https://www.pmsh.khc.edu.tw/ | https://courset.k12ea.gov.tw/courseinformation/indexStu01.asp,https://www.pmsh.khc.edu.tw/ | https://courset.k12ea.gov.tw/courseinformation/indexStu01.asp,https://www.pmsh.khc.edu.tw/news/115%E5%AD%B8%E5%B9%B4%E5%BA%A6%E7%AC%AC%E4%B8%80%E5%AD%B8%E6%9C%9F%E4%BA%A4%E9%80%9A%E8%BB%8A%E8%B7%AF%E7%B7%9A%E7%AB%99%E9%BB%9E%E8%A1%A8/,https://www.google.com/maps/search/?api=1&query=%E8%B2%A1%E5%9C%98%E6%B3%95%E4%BA%BA%E6%99%AE%E9%96%80%E4%B8%AD%E5%AD%B8%20%E9%AB%98%E9%9B%84%E5%B8%82%E5%A4%A7%E6%A8%B9%E5%8D%80%E5%A4%A7%E5%9D%91%E8%B7%AF140%E4%B9%8B11%E8%99%9F | https://www.pmsh.khc.edu.tw/,https://www.pmsh.khc.edu.tw/,https://www.pmsh.khc.edu.tw/,https://www.pmsh.khc.edu.tw/,2026-09-07
,121318,私立正義高中,私立,高雄區學校名錄,高中,男女校,高雄市,鳳山區,高雄市鳳山區南江街183號,https://web.cysh.khc.edu.tw/zh,(07)7225529,普通科(日),,,請以各校當年度公告為準,私立正義高中的一般高中職學生住宿目前沒有固定公開申請資訊。,私立正義高中以部定必修、校訂課程、多元選修與彈性學習為主，115學年度課程包含自然科學探究與實作、社會領域探究等學習內容。,私立正義高中以自然科學探究與實作、社會領域探究、自主學習及成果發表作為高中階段的實作／專題型學習。,有校車。校方交通頁列有大寮鳳山、高鳳、大社、林園及高雄市區等路線。,可搭乘11、25、26、81、82、83、100等市區公車至瑞豐站一帶，再步行到校；亦可由捷運三多商圈站轉乘公車。,私立正義高中的一般高中職學生住宿目前沒有固定公開申請資訊。,https://www.google.com/maps/search/?api=1&query=%E7%A7%81%E7%AB%8B%E6%AD%A3%E7%BE%A9%E9%AB%98%E4%B8%AD%20%E9%AB%98%E9%9B%84%E5%B8%82%E9%B3%B3%E5%B1%B1%E5%8D%80%E5%8D%97%E6%B1%9F%E8%A1%97183%E8%99%9F,https://web.cysh.khc.edu.tw/zh | https://courset.k12ea.gov.tw/courseinformation/indexStu01.asp,https://web.cysh.khc.edu.tw/zh | https://courset.k12ea.gov.tw/courseinformation/indexStu01.asp,https://web.cysh.khc.edu.tw/zh/page/1b01b0a8-d4fd-0b77-b675-3a0f53eb7e77,https://web.cysh.khc.edu.tw/zh/page/1b01b0a8-d4fd-0b77-b675-3a0f53eb7e77,https://web.cysh.khc.edu.tw/zh,https://web.cysh.khc.edu.tw/zh,https://web.cysh.khc.edu.tw/zh,2026-09-07
,121320,私立義大國際高中,私立,高雄區學校名錄,高中,男女校,高雄市,大樹區,高雄市大樹區學城路一段6號,https://www.iis.kh.edu.tw/,(07)6577115,普通科(日),,,請以各校當年度公告為準,學校設有住宿制度，六至十二年級學生可申請住宿；宿舍生活由學校住宿團隊管理。,私立義大國際高中高中階段同時銜接國家課程與國際課程路徑，國際課程包含 IGCSE 與 IB Diploma，高中學習重視語言、跨領域探究與國際素養。,私立義大國際高中以自然科學探究與實作、社會領域探究、自主學習及成果發表作為高中階段的實作／專題型學習。,有交通車。學生可申請往返高雄、屏東、台南指定停靠點的校車服務，適用一至十二年級學生。,可由高雄市區或左營轉乘前往大樹區的公車，在學城路一段周邊站點下車後步行到私立義大國際高中。,學校設有住宿制度，六至十二年級學生可申請住宿；宿舍生活由學校住宿團隊管理。,https://www.google.com/maps/search/?api=1&query=%E7%A7%81%E7%AB%8B%E7%BE%A9%E5%A4%A7%E5%9C%8B%E9%9A%9B%E9%AB%98%E4%B8%AD%20%E9%AB%98%E9%9B%84%E5%B8%82%E5%A4%A7%E6%A8%B9%E5%8D%80%E5%AD%B8%E5%9F%8E%E8%B7%AF%E4%B8%80%E6%AE%B56%E8%99%9F,https://www.iis.kh.edu.tw/ | https://courset.k12ea.gov.tw/courseinformation/indexStu01.asp,https://www.iis.kh.edu.tw/ | https://courset.k12ea.gov.tw/courseinformation/indexStu01.asp,https://www.iis.kh.edu.tw/tw/admissions/admissions-faqs,https://www.google.com/maps/search/?api=1&query=%E7%A7%81%E7%AB%8B%E7%BE%A9%E5%A4%A7%E5%9C%8B%E9%9A%9B%E9%AB%98%E4%B8%AD%20%E9%AB%98%E9%9B%84%E5%B8%82%E5%A4%A7%E6%A8%B9%E5%8D%80%E5%AD%B8%E5%9F%8E%E8%B7%AF%E4%B8%80%E6%AE%B56%E8%99%9F | https://www.iis.kh.edu.tw/,https://www.iis.kh.edu.tw/tw/school-life/boarding-life,https://www.iis.kh.edu.tw/,https://www.iis.kh.edu.tw/,2026-09-07
,121405,私立中山工商,私立,高雄區學校名錄,綜高,男女校,高雄市,大寮區,高雄市大寮區會社里正氣路79號,https://nsr.csic.khc.edu.tw/index.aspx,(07)7815311,普通科(日)；汽車科(日)；資訊科(日)；電子科(日)；電機科(日)；機電科(日)；商業經營科(日)；資料處理科(日)；觀光事業科(日)；餐飲管理科(日)；多媒體設計科(日)；應用英語科(日)；應用日語科(日)；幼兒保育科(日)；美容科(日)；汽車美容服務科(日)；餐飲服務科(日)；園藝技術科(日)；烘焙食品科(日)；汽車修護科(日)；電機修護科(日)；餐飲技術科(日)；餐飲技術科(夜)；多媒體技術科(日)；美髮技術科(日)；美顏技術科(日),,,請以各校當年度公告為準,私立中山工商的一般高中職學生住宿目前沒有固定公開申請資訊。,私立中山工商兼具普通高中學術課程與汽車科、資訊科、電子科、電機科、機電科、商業經營科等專業方向，課程包含語文數理、探究學習、多元選修及技術專業課程，提供學術與職涯兩種延伸路徑。,私立中山工商的汽車科、資訊科、電子科、電機科、機電科依115學年度課程安排專業實作、實習科目與專題製作，學生透過作品、操作練習及成果發表整合所學。,私立中山工商目前沒有固定公開的校車／學生專車路線資訊；一般公共運輸方式另列於「通勤資訊」。,可由捷運大寮站轉乘大寮區市區公車至會社里正氣路周邊站點，步行到私立中山工商。,私立中山工商的一般高中職學生住宿目前沒有固定公開申請資訊。,https://www.google.com/maps/search/?api=1&query=%E7%A7%81%E7%AB%8B%E4%B8%AD%E5%B1%B1%E5%B7%A5%E5%95%86%20%E9%AB%98%E9%9B%84%E5%B8%82%E5%A4%A7%E5%AF%AE%E5%8D%80%E6%9C%83%E7%A4%BE%E9%87%8C%E6%AD%A3%E6%B0%A3%E8%B7%AF79%E8%99%9F,https://nsr.csic.khc.edu.tw/index.aspx | https://courset.k12ea.gov.tw/courseinformation/indexStu01.asp,https://nsr.csic.khc.edu.tw/index.aspx | https://courset.k12ea.gov.tw/courseinformation/indexStu01.asp,https://nsr.csic.khc.edu.tw/index.aspx,https://www.google.com/maps/search/?api=1&query=%E7%A7%81%E7%AB%8B%E4%B8%AD%E5%B1%B1%E5%B7%A5%E5%95%86%20%E9%AB%98%E9%9B%84%E5%B8%82%E5%A4%A7%E5%AF%AE%E5%8D%80%E6%9C%83%E7%A4%BE%E9%87%8C%E6%AD%A3%E6%B0%A3%E8%B7%AF79%E8%99%9F | https://ibus.tbkc.gov.tw/,https://nsr.csic.khc.edu.tw/index.aspx,https://nsr.csic.khc.edu.tw/index.aspx,https://nsr.csic.khc.edu.tw/index.aspx,2026-09-07
,121410,私立旗美商工,私立,高雄區學校名錄,高職,男女校,高雄市,美濃區,高雄市美濃區中興路二段275號,https://www.cm.cmvsedu.tw/,(07)6812152,照顧服務科(夜),,,請以各校當年度公告為準,私立旗美商工的一般高中職學生住宿目前沒有固定公開申請資訊。,私立旗美商工以照顧服務科為主要專業方向；115學年度課程依各科安排專業核心、實作課程、校訂選修與跨域應用，讓學生逐步銜接升學與技術能力。,私立旗美商工的照顧服務科依115學年度課程安排專業實作、實習科目與專題製作，學生透過作品、操作練習及成果發表整合所學。,私立旗美商工目前沒有固定公開的校車／學生專車路線資訊；一般公共運輸方式另列於「通勤資訊」。,可由旗山轉運站轉乘美濃方向公車，在中興路二段周邊站點下車後步行到私立旗美商工。,私立旗美商工的一般高中職學生住宿目前沒有固定公開申請資訊。,https://www.google.com/maps/search/?api=1&query=%E7%A7%81%E7%AB%8B%E6%97%97%E7%BE%8E%E5%95%86%E5%B7%A5%20%E9%AB%98%E9%9B%84%E5%B8%82%E7%BE%8E%E6%BF%83%E5%8D%80%E4%B8%AD%E8%88%88%E8%B7%AF%E4%BA%8C%E6%AE%B5275%E8%99%9F,https://www.cm.cmvsedu.tw/ | https://courset.k12ea.gov.tw/courseinformation/indexStu01.asp,https://www.cm.cmvsedu.tw/ | https://courset.k12ea.gov.tw/courseinformation/indexStu01.asp,https://www.cm.cmvsedu.tw/,https://www.google.com/maps/search/?api=1&query=%E7%A7%81%E7%AB%8B%E6%97%97%E7%BE%8E%E5%95%86%E5%B7%A5%20%E9%AB%98%E9%9B%84%E5%B8%82%E7%BE%8E%E6%BF%83%E5%8D%80%E4%B8%AD%E8%88%88%E8%B7%AF%E4%BA%8C%E6%AE%B5275%E8%99%9F | https://ibus.tbkc.gov.tw/,https://www.cm.cmvsedu.tw/,https://www.cm.cmvsedu.tw/,https://www.cm.cmvsedu.tw/,2026-09-07
,121413,私立高英工商,私立,高雄區學校名錄,高職,男女校,高雄市,大寮區,高雄市大寮區鳳林三路19巷44號,https://kyicvs-new.kyicvs.khc.edu.tw/,(07)7832991,汽車科(日)；汽車科(夜)；資訊科(日)；電機科(日)；廣告設計科(日)；餐飲管理科(日)；餐飲管理科(夜)；美容科(日),,,請以各校當年度公告為準,私立高英工商的一般高中職學生住宿目前沒有固定公開申請資訊。,私立高英工商以汽車科、資訊科、電機科、廣告設計科、餐飲管理科、美容科為主要專業方向；115學年度課程依各科安排專業核心、實作課程、校訂選修與跨域應用，讓學生逐步銜接升學與技術能力。,私立高英工商的汽車科、資訊科、電機科、廣告設計科、餐飲管理科依115學年度課程安排專業實作、實習科目與專題製作，學生透過作品、操作練習及成果發表整合所學。,私立高英工商目前沒有固定公開的校車／學生專車路線資訊；一般公共運輸方式另列於「通勤資訊」。,可由捷運大寮站轉乘大寮區市區公車至鳳林三路周邊站點，步行到私立高英工商。,私立高英工商的一般高中職學生住宿目前沒有固定公開申請資訊。,https://www.google.com/maps/search/?api=1&query=%E7%A7%81%E7%AB%8B%E9%AB%98%E8%8B%B1%E5%B7%A5%E5%95%86%20%E9%AB%98%E9%9B%84%E5%B8%82%E5%A4%A7%E5%AF%AE%E5%8D%80%E9%B3%B3%E6%9E%97%E4%B8%89%E8%B7%AF19%E5%B7%B744%E8%99%9F,https://kyicvs-new.kyicvs.khc.edu.tw/ | https://courset.k12ea.gov.tw/courseinformation/indexStu01.asp,https://kyicvs-new.kyicvs.khc.edu.tw/ | https://courset.k12ea.gov.tw/courseinformation/indexStu01.asp,https://kyicvs-new.kyicvs.khc.edu.tw/,https://www.google.com/maps/search/?api=1&query=%E7%A7%81%E7%AB%8B%E9%AB%98%E8%8B%B1%E5%B7%A5%E5%95%86%20%E9%AB%98%E9%9B%84%E5%B8%82%E5%A4%A7%E5%AF%AE%E5%8D%80%E9%B3%B3%E6%9E%97%E4%B8%89%E8%B7%AF19%E5%B7%B744%E8%99%9F | https://ibus.tbkc.gov.tw/,https://kyicvs-new.kyicvs.khc.edu.tw/,https://kyicvs-new.kyicvs.khc.edu.tw/,https://kyicvs-new.kyicvs.khc.edu.tw/,2026-09-07
,121415,私立華德工家,私立,高雄區學校名錄,高職,男女校,高雄市,茄萣區,高雄市茄萣區濱海路四段66號,https://www.hdvs.kh.edu.tw/,(07)6921212,汽車科(日)；資訊科(日)；飛機修護科(日)；餐飲管理科(日)；烘焙科(日)；餐飲技術科(日),,,請以各校當年度公告為準,私立華德工家的一般高中職學生住宿目前沒有固定公開申請資訊。,私立華德工家以汽車科、資訊科、飛機修護科、餐飲管理科、烘焙科、餐飲技術科為主要專業方向；115學年度課程依各科安排專業核心、實作課程、校訂選修與跨域應用，讓學生逐步銜接升學與技術能力。,私立華德工家的汽車科、資訊科、飛機修護科、餐飲管理科、烘焙科依115學年度課程安排專業實作、實習科目與專題製作，學生透過作品、操作練習及成果發表整合所學。,有交通車。校方招生資訊列明交通車行駛台南市及高雄市，供學生通學使用。,可由臺鐵岡山站轉乘往茄萣方向的紅71等公車至學校周邊；校方交通資訊亦列出台南、高雄方向通學方式。,私立華德工家的一般高中職學生住宿目前沒有固定公開申請資訊。,https://www.google.com/maps/search/?api=1&query=%E7%A7%81%E7%AB%8B%E8%8F%AF%E5%BE%B7%E5%B7%A5%E5%AE%B6%20%E9%AB%98%E9%9B%84%E5%B8%82%E8%8C%84%E8%90%A3%E5%8D%80%E6%BF%B1%E6%B5%B7%E8%B7%AF%E5%9B%9B%E6%AE%B566%E8%99%9F,https://www.hdvs.kh.edu.tw/ | https://courset.k12ea.gov.tw/courseinformation/indexStu01.asp,https://www.hdvs.kh.edu.tw/ | https://courset.k12ea.gov.tw/courseinformation/indexStu01.asp,https://www.hdvs.kh.edu.tw/?.p=HrpY,https://www.hdvs.kh.edu.tw/?.p=HrpY,https://www.hdvs.kh.edu.tw/,https://www.hdvs.kh.edu.tw/,https://www.hdvs.kh.edu.tw/,2026-09-07
,121417,私立高苑工商,私立,高雄區學校名錄,高職,男女校,高雄市,橋頭區,高雄市橋頭區東林里芋寮路1號,https://www.kyvs.kh.edu.tw/,(07)6111101,汽車科(日)；資訊科(日)；資訊科(夜)；電機科(日)；餐飲管理科(日)；餐飲管理科(夜)；烘焙科(日)；綜合職能科(日)；餐飲技術科(日)；美髮技術科(日),,,請以各校當年度公告為準,私立高苑工商的一般高中職學生住宿目前沒有固定公開申請資訊。,私立高苑工商以汽車科、資訊科、電機科、餐飲管理科、烘焙科、綜合職能科為主要專業方向；115學年度課程依各科安排專業核心、實作課程、校訂選修與跨域應用，讓學生逐步銜接升學與技術能力。,私立高苑工商的餐飲、汽車等科別包含實作與專題課程；建教班學生另依班別進入合作事業單位接受職場實務訓練。,有校車。校方設有校車路線表，列出年度搭乘路線及相關資訊。,可由臺鐵橋頭站或捷運橋頭火車站轉乘橋頭、岡山方向公車，在東林里芋寮路周邊下車後步行到私立高苑工商。,私立高苑工商的一般高中職學生住宿目前沒有固定公開申請資訊。,https://www.google.com/maps/search/?api=1&query=%E7%A7%81%E7%AB%8B%E9%AB%98%E8%8B%91%E5%B7%A5%E5%95%86%20%E9%AB%98%E9%9B%84%E5%B8%82%E6%A9%8B%E9%A0%AD%E5%8D%80%E6%9D%B1%E6%9E%97%E9%87%8C%E8%8A%8B%E5%AF%AE%E8%B7%AF1%E8%99%9F,https://www.kyvs.kh.edu.tw/ | https://courset.k12ea.gov.tw/courseinformation/indexStu01.asp,https://www.kyvs.kh.edu.tw/ | https://courset.k12ea.gov.tw/courseinformation/indexStu01.asp,https://www.kyvs.kh.edu.tw/home?cid=14279,https://www.google.com/maps/search/?api=1&query=%E7%A7%81%E7%AB%8B%E9%AB%98%E8%8B%91%E5%B7%A5%E5%95%86%20%E9%AB%98%E9%9B%84%E5%B8%82%E6%A9%8B%E9%A0%AD%E5%8D%80%E6%9D%B1%E6%9E%97%E9%87%8C%E8%8A%8B%E5%AF%AE%E8%B7%AF1%E8%99%9F | https://ibus.tbkc.gov.tw/,https://www.kyvs.kh.edu.tw/,https://www.kyvs.kh.edu.tw/,https://www.kyvs.kh.edu.tw/,2026-09-07
,124302,高雄市立文山高中,公立,高雄區學校名錄,高中,男女校,高雄市,鳥松區,高雄市鳥松區大埤路31號,https://www.wsm.kh.edu.tw/,(07)7777272,普通科(日)；體育班(日),,,請以各校當年度公告為準,高雄市立文山高中的一般高中職學生住宿目前沒有固定公開申請資訊。,高雄市立文山高中以普通型高中核心課程，並透過校訂課程、多元選修及自主學習延伸個人興趣為主，115學年度課程包含自然科學探究與實作、社會領域探究等學習內容；另設有體育班等班別，相關課程依班別深化。,高雄市立文山高中以自然科學探究與實作、社會領域探究、自主學習及成果發表作為高中階段的實作／專題型學習。,高雄市立文山高中目前沒有固定公開的校車／學生專車路線資訊；一般公共運輸方式另列於「通勤資訊」。,可由鳳山或高雄市區轉乘往澄清湖、鳥松方向公車，在大埤路周邊站點下車後步行到高雄市立文山高中。,高雄市立文山高中的一般高中職學生住宿目前沒有固定公開申請資訊。,https://www.google.com/maps/search/?api=1&query=%E9%AB%98%E9%9B%84%E5%B8%82%E7%AB%8B%E6%96%87%E5%B1%B1%E9%AB%98%E4%B8%AD%20%E9%AB%98%E9%9B%84%E5%B8%82%E9%B3%A5%E6%9D%BE%E5%8D%80%E5%A4%A7%E5%9F%A4%E8%B7%AF31%E8%99%9F,https://www.wsm.kh.edu.tw/ | https://courset.k12ea.gov.tw/courseinformation/indexStu01.asp,https://www.wsm.kh.edu.tw/ | https://courset.k12ea.gov.tw/courseinformation/indexStu01.asp,https://www.wsm.kh.edu.tw/,https://www.google.com/maps/search/?api=1&query=%E9%AB%98%E9%9B%84%E5%B8%82%E7%AB%8B%E6%96%87%E5%B1%B1%E9%AB%98%E4%B8%AD%20%E9%AB%98%E9%9B%84%E5%B8%82%E9%B3%A5%E6%9D%BE%E5%8D%80%E5%A4%A7%E5%9F%A4%E8%B7%AF31%E8%99%9F | https://ibus.tbkc.gov.tw/,https://www.wsm.kh.edu.tw/,https://www.wsm.kh.edu.tw/,https://www.wsm.kh.edu.tw/,2026-09-07
,124311,高雄市立林園高中,公立,高雄區學校名錄,高中,男女校,高雄市,林園區,高雄市林園區林園北路481號,https://www.ly.kh.edu.tw/,(07)6412059,普通科(日)；體育班(日),,,請以各校當年度公告為準,高雄市立林園高中的一般高中職學生住宿目前沒有固定公開申請資訊。,高雄市立林園高中以語文、數理、自然與社會領域課程，搭配校訂必修、多元選修與自主學習為主，115學年度課程包含自然科學探究與實作、社會領域探究等學習內容；另設有體育班等班別，相關課程依班別深化。,高雄市立林園高中以自然科學探究與實作、社會領域探究、自主學習及成果發表作為高中階段的實作／專題型學習。,高雄市立林園高中目前沒有固定公開的校車／學生專車路線資訊；一般公共運輸方式另列於「通勤資訊」。,可由捷運小港站轉乘林園方向公車，在林園北路周邊站點下車後步行到高雄市立林園高中。,高雄市立林園高中的一般高中職學生住宿目前沒有固定公開申請資訊。,https://www.google.com/maps/search/?api=1&query=%E9%AB%98%E9%9B%84%E5%B8%82%E7%AB%8B%E6%9E%97%E5%9C%92%E9%AB%98%E4%B8%AD%20%E9%AB%98%E9%9B%84%E5%B8%82%E6%9E%97%E5%9C%92%E5%8D%80%E6%9E%97%E5%9C%92%E5%8C%97%E8%B7%AF481%E8%99%9F,https://www.ly.kh.edu.tw/ | https://courset.k12ea.gov.tw/courseinformation/indexStu01.asp,https://www.ly.kh.edu.tw/ | https://courset.k12ea.gov.tw/courseinformation/indexStu01.asp,https://www.ly.kh.edu.tw/,https://www.google.com/maps/search/?api=1&query=%E9%AB%98%E9%9B%84%E5%B8%82%E7%AB%8B%E6%9E%97%E5%9C%92%E9%AB%98%E4%B8%AD%20%E9%AB%98%E9%9B%84%E5%B8%82%E6%9E%97%E5%9C%92%E5%8D%80%E6%9E%97%E5%9C%92%E5%8C%97%E8%B7%AF481%E8%99%9F | https://ibus.tbkc.gov.tw/,https://www.ly.kh.edu.tw/,https://www.ly.kh.edu.tw/,https://www.ly.kh.edu.tw/,2026-09-07
,124313,高雄市立仁武高中,公立,高雄區學校名錄,高中,男女校,高雄市,仁武區,高雄市仁武區仁林路20號,https://www.rwm.kh.edu.tw/,(07)3721640,普通科(日)；體育班(日),,,請以各校當年度公告為準,高雄市立仁武高中的一般高中職學生住宿目前沒有固定公開申請資訊。,高雄市立仁武高中以普通高中學科基礎、跨領域選修與探究學習，並保留自主學習與生涯探索空間為主，115學年度課程包含自然科學探究與實作、社會領域探究等學習內容；另設有體育班等班別，相關課程依班別深化。,高雄市立仁武高中以自然科學探究與實作、社會領域探究、自主學習及成果發表作為高中階段的實作／專題型學習。,高雄市立仁武高中目前沒有固定公開的校車／學生專車路線資訊；一般公共運輸方式另列於「通勤資訊」。,可由高鐵／捷運左營站轉乘紅60至仁武高中，也可搭橘16、224、8008等公車至學校周邊站點。,高雄市立仁武高中的一般高中職學生住宿目前沒有固定公開申請資訊。,https://www.google.com/maps/search/?api=1&query=%E9%AB%98%E9%9B%84%E5%B8%82%E7%AB%8B%E4%BB%81%E6%AD%A6%E9%AB%98%E4%B8%AD%20%E9%AB%98%E9%9B%84%E5%B8%82%E4%BB%81%E6%AD%A6%E5%8D%80%E4%BB%81%E6%9E%97%E8%B7%AF20%E8%99%9F,https://www.rwm.kh.edu.tw/ | https://courset.k12ea.gov.tw/courseinformation/indexStu01.asp,https://www.rwm.kh.edu.tw/ | https://courset.k12ea.gov.tw/courseinformation/indexStu01.asp,https://www.rwm.kh.edu.tw/,https://www.rwm.kh.edu.tw/about/%E5%AD%B8%E6%A0%A1%E4%BD%8D%E7%BD%AE-%E4%BA%A4%E9%80%9A%E8%B7%AF%E7%B7%9A/,https://www.rwm.kh.edu.tw/,https://www.rwm.kh.edu.tw/,https://www.rwm.kh.edu.tw/,2026-09-07
,124322,高雄市立路竹高中,公立,高雄區學校名錄,高中,男女校,高雄市,路竹區,高雄市路竹區中華路292號,https://www.lchs.kh.edu.tw/,(07)6963008,普通科(日)；體育班(日),,,請以各校當年度公告為準,高雄市立路竹高中的一般高中職學生住宿目前沒有固定公開申請資訊。,高雄市立路竹高中以普通型高中核心課程，並透過校訂課程、多元選修及自主學習延伸個人興趣為主，115學年度課程包含自然科學探究與實作、社會領域探究等學習內容；另設有體育班等班別，相關課程依班別深化。,高雄市立路竹高中以自然科學探究與實作、社會領域探究、自主學習及成果發表作為高中階段的實作／專題型學習。,有學生專車。115學年度校方公布學生專車路線與搭乘資訊，供學生上下學使用。,臺鐵路竹站距校約1.5公里，可再轉乘公車；紅67B可到路竹高中中華路側，紅71B2可到國昌路側。,高雄市立路竹高中的一般高中職學生住宿目前沒有固定公開申請資訊。,https://www.google.com/maps/search/?api=1&query=%E9%AB%98%E9%9B%84%E5%B8%82%E7%AB%8B%E8%B7%AF%E7%AB%B9%E9%AB%98%E4%B8%AD%20%E9%AB%98%E9%9B%84%E5%B8%82%E8%B7%AF%E7%AB%B9%E5%8D%80%E4%B8%AD%E8%8F%AF%E8%B7%AF292%E8%99%9F,https://www.lchs.kh.edu.tw/view/index.php?MainMenuId=87899&MainType=0&SubMenuId=87901&SubType=101&WebID=312,https://www.lchs.kh.edu.tw/view/index.php?MainMenuId=87899&MainType=0&SubMenuId=87901&SubType=101&WebID=312,https://www.lchs.kh.edu.tw/view/index.php?MainMenuId=55780&MainType=101&SubMenuId=0&SubType=0&WebID=312,https://www.lchs.kh.edu.tw/view/index.php?MainMenuId=45045&MainType=0&SubMenuId=45048&SubType=103&WebID=312,https://www.lchs.kh.edu.tw/,https://www.lchs.kh.edu.tw/,https://www.lchs.kh.edu.tw/,2026-09-07
,124333,高雄市立六龜高中,公立,高雄區學校名錄,高中,男女校,高雄市,六龜區,高雄市六龜區光復路212號,https://www.lgm.kh.edu.tw/,(07)6891023,普通科(日),,,請以各校當年度公告為準,學校設有學生宿舍。115學年度配置學生宿舍生活輔導人員，供住宿學生接受生活管理。,高雄市立六龜高中以普通高中學科基礎、跨領域選修與探究學習，並保留自主學習與生涯探索空間為主，115學年度課程包含自然科學探究與實作、社會領域探究等學習內容。,高雄市立六龜高中以自然科學探究與實作、社會領域探究、自主學習及成果發表作為高中階段的實作／專題型學習。,高雄市立六龜高中目前沒有固定公開的校車／學生專車路線資訊；一般公共運輸方式另列於「通勤資訊」。,可由旗山轉運站轉乘六龜方向公車，在六龜市區下車後步行前往高雄市立六龜高中。,學校設有學生宿舍。115學年度配置學生宿舍生活輔導人員，供住宿學生接受生活管理。,https://www.google.com/maps/search/?api=1&query=%E9%AB%98%E9%9B%84%E5%B8%82%E7%AB%8B%E5%85%AD%E9%BE%9C%E9%AB%98%E4%B8%AD%20%E9%AB%98%E9%9B%84%E5%B8%82%E5%85%AD%E9%BE%9C%E5%8D%80%E5%85%89%E5%BE%A9%E8%B7%AF212%E8%99%9F,https://www.lgm.kh.edu.tw/ | https://courset.k12ea.gov.tw/courseinformation/indexStu01.asp,https://www.lgm.kh.edu.tw/ | https://courset.k12ea.gov.tw/courseinformation/indexStu01.asp,https://www.lgm.kh.edu.tw/,https://www.google.com/maps/search/?api=1&query=%E9%AB%98%E9%9B%84%E5%B8%82%E7%AB%8B%E5%85%AD%E9%BE%9C%E9%AB%98%E4%B8%AD%20%E9%AB%98%E9%9B%84%E5%B8%82%E5%85%AD%E9%BE%9C%E5%8D%80%E5%85%89%E5%BE%A9%E8%B7%AF212%E8%99%9F | https://www.lgm.kh.edu.tw/,https://www.lgm.kh.edu.tw/,https://www.lgm.kh.edu.tw/,https://www.lgm.kh.edu.tw/,2026-09-07
,124340,高雄市立福誠高中,公立,高雄區學校名錄,高中,男女校,高雄市,鳳山區,高雄市鳳山區五甲三路176號,https://www.ftm.kh.edu.tw/,(07)8224646,普通科(日)；體育班(日),,,請以各校當年度公告為準,高雄市立福誠高中的一般高中職學生住宿目前沒有固定公開申請資訊。,高雄市立福誠高中以部定必修、校訂課程、多元選修與彈性學習為主，115學年度課程包含自然科學探究與實作、社會領域探究等學習內容；另設有體育班等班別，相關課程依班別深化。,高雄市立福誠高中以自然科學探究與實作、社會領域探究、自主學習及成果發表作為高中階段的實作／專題型學習。,高雄市立福誠高中目前沒有固定公開的校車／學生專車路線資訊；一般公共運輸方式另列於「通勤資訊」。,可由捷運前鎮高中站2號出口步行前往；紅10、紅11、黃2等公車可到福誠高中，另有12、69等路線停靠周邊。,高雄市立福誠高中的一般高中職學生住宿目前沒有固定公開申請資訊。,https://www.google.com/maps/search/?api=1&query=%E9%AB%98%E9%9B%84%E5%B8%82%E7%AB%8B%E7%A6%8F%E8%AA%A0%E9%AB%98%E4%B8%AD%20%E9%AB%98%E9%9B%84%E5%B8%82%E9%B3%B3%E5%B1%B1%E5%8D%80%E4%BA%94%E7%94%B2%E4%B8%89%E8%B7%AF176%E8%99%9F,https://www.ftm.kh.edu.tw/ | https://courset.k12ea.gov.tw/courseinformation/indexStu01.asp,https://www.ftm.kh.edu.tw/ | https://courset.k12ea.gov.tw/courseinformation/indexStu01.asp,https://www.ftm.kh.edu.tw/,https://www.ftm.kh.edu.tw/view/index.php?MainMenuId=61533&MainType=0&NowMainId=61533&NowSubId=61537&SubMenuId=61537&SubType=103&WebID=76,https://www.ftm.kh.edu.tw/,https://www.ftm.kh.edu.tw/,https://www.ftm.kh.edu.tw/,2026-09-07
,521301,天主教明誠高中,私立,高雄區學校名錄,高中,男女校,高雄市,鼓山區,高雄市鼓山區中華一路97號,http://www.mcsh.kh.edu.tw/,(07)5521593,普通科(日),,,請以各校當年度公告為準,天主教明誠高中的一般高中職學生住宿目前沒有固定公開申請資訊。,天主教明誠高中以語文、數理、自然與社會領域課程，搭配校訂必修、多元選修與自主學習為主，115學年度課程包含自然科學探究與實作、社會領域探究等學習內容。,天主教明誠高中以自然科學探究與實作、社會領域探究、自主學習及成果發表作為高中階段的實作／專題型學習。,有校車。高中部招生專區提供校車路線圖，並列有115年校車路線資料。,可由高雄輕軌美術館、內惟一帶車站或鼓山地區公車轉乘，在中華一路周邊下車後步行到天主教明誠高中。,天主教明誠高中的一般高中職學生住宿目前沒有固定公開申請資訊。,https://www.google.com/maps/search/?api=1&query=%E5%A4%A9%E4%B8%BB%E6%95%99%E6%98%8E%E8%AA%A0%E9%AB%98%E4%B8%AD%20%E9%AB%98%E9%9B%84%E5%B8%82%E9%BC%93%E5%B1%B1%E5%8D%80%E4%B8%AD%E8%8F%AF%E4%B8%80%E8%B7%AF97%E8%99%9F,http://www.mcsh.kh.edu.tw/ | https://courset.k12ea.gov.tw/courseinformation/indexStu01.asp,http://www.mcsh.kh.edu.tw/ | https://courset.k12ea.gov.tw/courseinformation/indexStu01.asp,https://www.mcsh.kh.edu.tw/InsidePage/EnrollArea/80930,https://www.google.com/maps/search/?api=1&query=%E5%A4%A9%E4%B8%BB%E6%95%99%E6%98%8E%E8%AA%A0%E9%AB%98%E4%B8%AD%20%E9%AB%98%E9%9B%84%E5%B8%82%E9%BC%93%E5%B1%B1%E5%8D%80%E4%B8%AD%E8%8F%AF%E4%B8%80%E8%B7%AF97%E8%99%9F | https://ibus.tbkc.gov.tw/,http://www.mcsh.kh.edu.tw/,http://www.mcsh.kh.edu.tw/,http://www.mcsh.kh.edu.tw/,2026-09-07
,521303,私立大榮高中,私立,高雄區學校名錄,綜高,男女校,高雄市,鼓山區,高雄市鼓山區大榮街1號,https://www.dystcs.kh.edu.tw/,(07)5613281,普通科(日)；汽車科(日)；電機科(日)；飛機修護科(日),,,請以各校當年度公告為準,私立大榮高中的一般高中職學生住宿目前沒有固定公開申請資訊。,私立大榮高中兼具普通高中學術課程與汽車科、電機科、飛機修護科等專業方向，課程包含語文數理、探究學習、多元選修及技術專業課程，提供學術與職涯兩種延伸路徑。,私立大榮高中的汽車科、電機科、飛機修護科依115學年度課程安排專業實作、實習科目與專題製作，學生透過作品、操作練習及成果發表整合所學。,私立大榮高中目前沒有固定公開的校車／學生專車路線資訊；一般公共運輸方式另列於「通勤資訊」。,可由高雄輕軌美術館、內惟一帶車站或鼓山地區公車轉乘，在大榮街周邊下車後步行到私立大榮高中。,私立大榮高中的一般高中職學生住宿目前沒有固定公開申請資訊。,https://www.google.com/maps/search/?api=1&query=%E7%A7%81%E7%AB%8B%E5%A4%A7%E6%A6%AE%E9%AB%98%E4%B8%AD%20%E9%AB%98%E9%9B%84%E5%B8%82%E9%BC%93%E5%B1%B1%E5%8D%80%E5%A4%A7%E6%A6%AE%E8%A1%971%E8%99%9F,https://www.dystcs.kh.edu.tw/ | https://courset.k12ea.gov.tw/courseinformation/indexStu01.asp,https://www.dystcs.kh.edu.tw/ | https://courset.k12ea.gov.tw/courseinformation/indexStu01.asp,https://www.dystcs.kh.edu.tw/,https://www.google.com/maps/search/?api=1&query=%E7%A7%81%E7%AB%8B%E5%A4%A7%E6%A6%AE%E9%AB%98%E4%B8%AD%20%E9%AB%98%E9%9B%84%E5%B8%82%E9%BC%93%E5%B1%B1%E5%8D%80%E5%A4%A7%E6%A6%AE%E8%A1%971%E8%99%9F | https://ibus.tbkc.gov.tw/,https://www.dystcs.kh.edu.tw/,https://www.dystcs.kh.edu.tw/,https://www.dystcs.kh.edu.tw/,2026-09-07
,521401,私立中華藝校,私立,高雄區學校名錄,高職,男女校,高雄市,鼓山區,高雄市鼓山區美術館路89號,https://www.charts.kh.edu.tw/,(07)5549696,音樂科(日)；舞蹈科(日)；美術科(日)；影劇科(日)；多媒體動畫科(日)；影劇技術科(日),,,請以各校當年度公告為準,學校設有學生住宿安排。115學年度註冊與新生資料列有住宿生入住資訊，主要服務有住宿需求的學生。,私立中華藝校以音樂科、舞蹈科、美術科、影劇科、多媒體動畫科、影劇技術科為主要專業方向；115學年度課程依各科安排專業核心、實作課程、校訂選修與跨域應用，讓學生逐步銜接升學與技術能力。,私立中華藝校的音樂科、舞蹈科、美術科、影劇科、多媒體動畫科依115學年度課程安排專業實作、實習科目與專題製作，學生透過作品、操作練習及成果發表整合所學。,私立中華藝校目前沒有固定公開的校車／學生專車路線資訊；一般公共運輸方式另列於「通勤資訊」。,可由高雄輕軌美術館、內惟一帶車站或鼓山地區公車轉乘，在美術館路周邊下車後步行到私立中華藝校。,學校設有學生住宿安排。115學年度註冊與新生資料列有住宿生入住資訊，主要服務有住宿需求的學生。,https://www.google.com/maps/search/?api=1&query=%E7%A7%81%E7%AB%8B%E4%B8%AD%E8%8F%AF%E8%97%9D%E6%A0%A1%20%E9%AB%98%E9%9B%84%E5%B8%82%E9%BC%93%E5%B1%B1%E5%8D%80%E7%BE%8E%E8%A1%93%E9%A4%A8%E8%B7%AF89%E8%99%9F,https://web.charts.kh.edu.tw/aa/%E8%AA%B2%E7%A8%8B%E8%A8%88%E7%95%AB%E5%8F%8A%E6%89%8B%E5%86%8A/,https://web.charts.kh.edu.tw/aa/%E8%AA%B2%E7%A8%8B%E8%A8%88%E7%95%AB%E5%8F%8A%E6%89%8B%E5%86%8A/,https://www.charts.kh.edu.tw/,https://www.google.com/maps/search/?api=1&query=%E7%A7%81%E7%AB%8B%E4%B8%AD%E8%8F%AF%E8%97%9D%E6%A0%A1%20%E9%AB%98%E9%9B%84%E5%B8%82%E9%BC%93%E5%B1%B1%E5%8D%80%E7%BE%8E%E8%A1%93%E9%A4%A8%E8%B7%AF89%E8%99%9F | https://ibus.tbkc.gov.tw/,https://web.charts.kh.edu.tw/hs/2026/06/29/%E6%9C%AC%E6%A0%A1115%E5%AD%B8%E5%B9%B4%E7%AC%AC%E4%B8%80%E5%AD%B8%E6%9C%9F%E9%AB%98%E4%BA%8C%E5%8F%8A%E9%AB%98%E4%B8%89%E5%AD%B8%E7%94%9F%E8%A8%BB%E5%86%8A%E9%A0%88%E7%9F%A5/,https://www.charts.kh.edu.tw/,https://www.charts.kh.edu.tw/,2026-09-07
,523301,高雄市立鼓山高中,公立,高雄區學校名錄,高中,男女校,高雄市,鼓山區,高雄市鼓山區明德路2號,https://www.kusjh.kh.edu.tw/,(07)5213258,普通科(日)；美術班(日)；體育班(日),,,請以各校當年度公告為準,高雄市立鼓山高中的一般高中職學生住宿目前沒有固定公開申請資訊。,高雄市立鼓山高中以語文、數理、自然與社會領域課程，搭配校訂必修、多元選修與自主學習為主，115學年度課程包含自然科學探究與實作、社會領域探究等學習內容；另設有美術班、體育班等班別，相關課程依班別深化。,高雄市立鼓山高中以自然科學探究與實作、社會領域探究、自主學習及成果發表作為高中階段的實作／專題型學習，另包含美術作品與展演。,高雄市立鼓山高中目前沒有固定公開的校車／學生專車路線資訊；一般公共運輸方式另列於「通勤資訊」。,可由高雄輕軌美術館、內惟一帶車站或鼓山地區公車轉乘，在明德路周邊下車後步行到高雄市立鼓山高中。,高雄市立鼓山高中的一般高中職學生住宿目前沒有固定公開申請資訊。,https://www.google.com/maps/search/?api=1&query=%E9%AB%98%E9%9B%84%E5%B8%82%E7%AB%8B%E9%BC%93%E5%B1%B1%E9%AB%98%E4%B8%AD%20%E9%AB%98%E9%9B%84%E5%B8%82%E9%BC%93%E5%B1%B1%E5%8D%80%E6%98%8E%E5%BE%B7%E8%B7%AF2%E8%99%9F,https://www.kusjh.kh.edu.tw/ | https://courset.k12ea.gov.tw/courseinformation/indexStu01.asp,https://www.kusjh.kh.edu.tw/ | https://courset.k12ea.gov.tw/courseinformation/indexStu01.asp,https://www.kusjh.kh.edu.tw/,https://www.google.com/maps/search/?api=1&query=%E9%AB%98%E9%9B%84%E5%B8%82%E7%AB%8B%E9%BC%93%E5%B1%B1%E9%AB%98%E4%B8%AD%20%E9%AB%98%E9%9B%84%E5%B8%82%E9%BC%93%E5%B1%B1%E5%8D%80%E6%98%8E%E5%BE%B7%E8%B7%AF2%E8%99%9F | https://ibus.tbkc.gov.tw/,https://www.kusjh.kh.edu.tw/,https://www.kusjh.kh.edu.tw/,https://www.kusjh.kh.edu.tw/,2026-09-07
,533301,高雄市立左營高中,公立,高雄區學校名錄,高中,男女校,高雄市,左營區,高雄市左營區海功路55號,https://www.tyhs.kh.edu.tw/,(07)5822010,普通科(日)；普通科(夜)；舞蹈班(日)；體育班(日),,,請以各校當年度公告為準,高雄市立左營高中的一般高中職學生住宿目前沒有固定公開申請資訊。,高雄市立左營高中以語文、數理、自然與社會領域課程，搭配校訂必修、多元選修與自主學習為主，115學年度課程包含自然科學探究與實作、社會領域探究等學習內容；另設有舞蹈班、體育班等班別，相關課程依班別深化。,高雄市立左營高中以自然科學探究與實作、社會領域探究、自主學習及成果發表作為高中階段的實作／專題型學習，另包含舞蹈術科與展演。,有學生專車。115學年度第一學期規劃 A 至 G 共 7 條專車路線，校方公布站點、時間與搭乘資料。,可由高鐵／臺鐵新左營站或捷運左營站轉乘紅51、紅53、301等公車至校門；捷運世運站亦可步行到校。,高雄市立左營高中的一般高中職學生住宿目前沒有固定公開申請資訊。,https://www.google.com/maps/search/?api=1&query=%E9%AB%98%E9%9B%84%E5%B8%82%E7%AB%8B%E5%B7%A6%E7%87%9F%E9%AB%98%E4%B8%AD%20%E9%AB%98%E9%9B%84%E5%B8%82%E5%B7%A6%E7%87%9F%E5%8D%80%E6%B5%B7%E5%8A%9F%E8%B7%AF55%E8%99%9F,https://www.tyhs.kh.edu.tw/ | https://courset.k12ea.gov.tw/courseinformation/indexStu01.asp,https://www.tyhs.kh.edu.tw/ | https://courset.k12ea.gov.tw/courseinformation/indexStu01.asp,https://www.tyhs.kh.edu.tw/notice/37398?sidemenuid=4,https://www.tyhs.kh.edu.tw/notice/32714?sidemenuid=4,https://www.tyhs.kh.edu.tw/,https://www.tyhs.kh.edu.tw/,https://www.tyhs.kh.edu.tw/,2026-09-07
,533302,高雄市立新莊高中,公立,高雄區學校名錄,高中,男女校,高雄市,左營區,高雄市左營區文慈路99號,https://www.hchs.kh.edu.tw/,(07)3420103,普通科(日)；音樂班(日)；體育班(日),,,請以各校當年度公告為準,高雄市立新莊高中的一般高中職學生住宿目前沒有固定公開申請資訊。,高雄市立新莊高中以普通型高中核心課程，並透過校訂課程、多元選修及自主學習延伸個人興趣為主，115學年度課程包含自然科學探究與實作、社會領域探究等學習內容；另設有音樂班、體育班等班別，相關課程依班別深化。,高雄市立新莊高中以自然科學探究與實作、社會領域探究、自主學習及成果發表作為高中階段的實作／專題型學習，另包含音樂術科與成果演出。,高雄市立新莊高中目前沒有固定公開的校車／學生專車路線資訊；一般公共運輸方式另列於「通勤資訊」。,可由高鐵／臺鐵新左營站或捷運左營站1號出口轉乘3、90、61等公車，在重愛路新莊高中周邊下車。,高雄市立新莊高中的一般高中職學生住宿目前沒有固定公開申請資訊。,https://www.google.com/maps/search/?api=1&query=%E9%AB%98%E9%9B%84%E5%B8%82%E7%AB%8B%E6%96%B0%E8%8E%8A%E9%AB%98%E4%B8%AD%20%E9%AB%98%E9%9B%84%E5%B8%82%E5%B7%A6%E7%87%9F%E5%8D%80%E6%96%87%E6%85%88%E8%B7%AF99%E8%99%9F,https://www.hchs.kh.edu.tw/office/div_811/108course/%E5%90%84%E5%B9%B4%E5%BA%A6%E8%AA%B2%E7%A8%8B%E8%A8%88%E7%95%AB%E6%9B%B8/,https://www.hchs.kh.edu.tw/office/div_811/108course/%E5%90%84%E5%B9%B4%E5%BA%A6%E8%AA%B2%E7%A8%8B%E8%A8%88%E7%95%AB%E6%9B%B8/,https://www.hchs.kh.edu.tw/,https://www.hchs.kh.edu.tw/about/%E4%BA%A4%E9%80%9A%E4%BD%8D%E7%BD%AE/,https://www.hchs.kh.edu.tw/,https://www.hchs.kh.edu.tw/,https://www.hchs.kh.edu.tw/,2026-09-07
,533401,高雄市立海青工商,公立,高雄區學校名錄,高職,男女校,高雄市,左營區,高雄市左營區左營大路1號,https://www.hcvs.kh.edu.tw/,(07)5819155,體育班(日)；資訊科(日)；電子科(日)；建築科(日)；美工科(日)；土木科(日)；室內空間設計科(日)；會計事務科(日)；資料處理科(日)；資料處理科(夜)；廣告設計科(日)；廣告設計科(夜),,,請以各校當年度公告為準,高雄市立海青工商的一般高中職學生住宿目前沒有固定公開申請資訊。,高雄市立海青工商以體育班、資訊科、電子科、建築科、美工科、土木科為主要專業方向；115學年度課程依各科安排專業核心、實作課程、校訂選修與跨域應用，讓學生逐步銜接升學與技術能力。,高雄市立海青工商的體育班、資訊科、電子科、建築科、美工科依115學年度課程安排專業實作、實習科目與專題製作，學生透過作品、操作練習及成果發表整合所學。,高雄市立海青工商目前沒有固定公開的校車／學生專車路線資訊；一般公共運輸方式另列於「通勤資訊」。,可由臺鐵岡山站或捷運岡山一帶搭乘8015路線往左營方向，海青工商為沿線停靠點；也可由左營地區公車轉乘到校。,高雄市立海青工商的一般高中職學生住宿目前沒有固定公開申請資訊。,https://www.google.com/maps/search/?api=1&query=%E9%AB%98%E9%9B%84%E5%B8%82%E7%AB%8B%E6%B5%B7%E9%9D%92%E5%B7%A5%E5%95%86%20%E9%AB%98%E9%9B%84%E5%B8%82%E5%B7%A6%E7%87%9F%E5%8D%80%E5%B7%A6%E7%87%9F%E5%A4%A7%E8%B7%AF1%E8%99%9F,https://www.hcvs.kh.edu.tw/ | https://courset.k12ea.gov.tw/courseinformation/indexStu01.asp,https://www.hcvs.kh.edu.tw/ | https://courset.k12ea.gov.tw/courseinformation/indexStu01.asp,https://www.hcvs.kh.edu.tw/,https://www.ksbus.com.tw/bus_info.asp?id=138,https://www.hcvs.kh.edu.tw/,https://www.hcvs.kh.edu.tw/,https://www.hcvs.kh.edu.tw/,2026-09-07
,533402,高雄市立三民家商,公立,高雄區學校名錄,高職,男女校,高雄市,左營區,高雄市左營區裕誠路1102號,https://www.smvhs.kh.edu.tw/,(07)5525887,體育班(日)；國際貿易科(日)；資料處理科(日)；觀光事業科(日)；餐飲管理科(日)；服裝科(日)；幼兒保育科(日)；美容科(日)；室內設計科(日)；綜合職能科(日),,,請以各校當年度公告為準,高雄市立三民家商的一般高中職學生住宿目前沒有固定公開申請資訊。,高雄市立三民家商以體育班、國際貿易科、資料處理科、觀光事業科、餐飲管理科、服裝科為主要專業方向；115學年度課程依各科安排專業核心、實作課程、校訂選修與跨域應用，讓學生逐步銜接升學與技術能力。,高雄市立三民家商的體育班、國際貿易科、資料處理科、觀光事業科、餐飲管理科依115學年度課程安排專業實作、實習科目與專題製作，學生透過作品、操作練習及成果發表整合所學。,高雄市立三民家商目前沒有固定公開的校車／學生專車路線資訊；一般公共運輸方式另列於「通勤資訊」。,可由高鐵／臺鐵新左營站或捷運左營、生態園區一帶轉乘市區公車，在裕誠路周邊下車後步行到高雄市立三民家商。,高雄市立三民家商的一般高中職學生住宿目前沒有固定公開申請資訊。,https://www.google.com/maps/search/?api=1&query=%E9%AB%98%E9%9B%84%E5%B8%82%E7%AB%8B%E4%B8%89%E6%B0%91%E5%AE%B6%E5%95%86%20%E9%AB%98%E9%9B%84%E5%B8%82%E5%B7%A6%E7%87%9F%E5%8D%80%E8%A3%95%E8%AA%A0%E8%B7%AF1102%E8%99%9F,https://www.smvhs.kh.edu.tw/ | https://courset.k12ea.gov.tw/courseinformation/indexStu01.asp,https://www.smvhs.kh.edu.tw/ | https://courset.k12ea.gov.tw/courseinformation/indexStu01.asp,https://www.smvhs.kh.edu.tw/,https://www.google.com/maps/search/?api=1&query=%E9%AB%98%E9%9B%84%E5%B8%82%E7%AB%8B%E4%B8%89%E6%B0%91%E5%AE%B6%E5%95%86%20%E9%AB%98%E9%9B%84%E5%B8%82%E5%B7%A6%E7%87%9F%E5%8D%80%E8%A3%95%E8%AA%A0%E8%B7%AF1102%E8%99%9F | https://ibus.tbkc.gov.tw/,https://www.smvhs.kh.edu.tw/,https://www.smvhs.kh.edu.tw/,https://www.smvhs.kh.edu.tw/,2026-09-07
,540301,國立中山大學附屬國光高中,公立,高雄區學校名錄,高中,男女校,高雄市,楠梓區,高雄市楠梓區後昌路512號,https://kksh.nsysu.edu.tw/,(07)3603600,普通科(日),,,請以各校當年度公告為準,國立中山大學附屬國光高中的一般高中職學生住宿目前沒有固定公開申請資訊。,國立中山大學附屬國光高中以語文、數理、自然與社會領域課程，搭配校訂必修、多元選修與自主學習為主，115學年度課程包含自然科學探究與實作、社會領域探究等學習內容。,國立中山大學附屬國光高中以自然科學探究與實作、社會領域探究、自主學習及成果發表作為高中階段的實作／專題型學習。,國立中山大學附屬國光高中目前沒有固定公開的校車／學生專車路線資訊；一般公共運輸方式另列於「通勤資訊」。,可由楠梓區捷運站或臺鐵楠梓站轉乘市區公車至後昌路周邊站點，步行到國立中山大學附屬國光高中。,國立中山大學附屬國光高中的一般高中職學生住宿目前沒有固定公開申請資訊。,https://www.google.com/maps/search/?api=1&query=%E5%9C%8B%E7%AB%8B%E4%B8%AD%E5%B1%B1%E5%A4%A7%E5%AD%B8%E9%99%84%E5%B1%AC%E5%9C%8B%E5%85%89%E9%AB%98%E4%B8%AD%20%E9%AB%98%E9%9B%84%E5%B8%82%E6%A5%A0%E6%A2%93%E5%8D%80%E5%BE%8C%E6%98%8C%E8%B7%AF512%E8%99%9F,https://kksh.nsysu.edu.tw/ | https://courset.k12ea.gov.tw/courseinformation/indexStu01.asp,https://kksh.nsysu.edu.tw/ | https://courset.k12ea.gov.tw/courseinformation/indexStu01.asp,https://kksh.nsysu.edu.tw/,https://www.google.com/maps/search/?api=1&query=%E5%9C%8B%E7%AB%8B%E4%B8%AD%E5%B1%B1%E5%A4%A7%E5%AD%B8%E9%99%84%E5%B1%AC%E5%9C%8B%E5%85%89%E9%AB%98%E4%B8%AD%20%E9%AB%98%E9%9B%84%E5%B8%82%E6%A5%A0%E6%A2%93%E5%8D%80%E5%BE%8C%E6%98%8C%E8%B7%AF512%E8%99%9F | https://ibus.tbkc.gov.tw/,https://kksh.nsysu.edu.tw/,https://kksh.nsysu.edu.tw/,https://kksh.nsysu.edu.tw/,2026-09-07
,543301,高雄市立中山高中,公立,高雄區學校名錄,高中,男女校,高雄市,楠梓區,高雄市楠梓區藍昌路416號,https://www.cshs.kh.edu.tw/,(07)3641116,普通科(日),,,請以各校當年度公告為準,高雄市立中山高中的一般高中職學生住宿目前沒有固定公開申請資訊。,高雄市立中山高中以語文、數理、自然與社會領域課程，搭配校訂必修、多元選修與自主學習為主，115學年度課程包含自然科學探究與實作、社會領域探究等學習內容。,高雄市立中山高中以自然科學探究與實作、社會領域探究、自主學習及成果發表作為高中階段的實作／專題型學習。,高雄市立中山高中目前沒有固定公開的校車／學生專車路線資訊；一般公共運輸方式另列於「通勤資訊」。,可由楠梓區捷運站或臺鐵楠梓站轉乘市區公車至藍昌路周邊站點，步行到高雄市立中山高中。,高雄市立中山高中的一般高中職學生住宿目前沒有固定公開申請資訊。,https://www.google.com/maps/search/?api=1&query=%E9%AB%98%E9%9B%84%E5%B8%82%E7%AB%8B%E4%B8%AD%E5%B1%B1%E9%AB%98%E4%B8%AD%20%E9%AB%98%E9%9B%84%E5%B8%82%E6%A5%A0%E6%A2%93%E5%8D%80%E8%97%8D%E6%98%8C%E8%B7%AF416%E8%99%9F,https://www.cshs.kh.edu.tw/ | https://courset.k12ea.gov.tw/courseinformation/indexStu01.asp,https://www.cshs.kh.edu.tw/ | https://courset.k12ea.gov.tw/courseinformation/indexStu01.asp,https://www.cshs.kh.edu.tw/,https://www.google.com/maps/search/?api=1&query=%E9%AB%98%E9%9B%84%E5%B8%82%E7%AB%8B%E4%B8%AD%E5%B1%B1%E9%AB%98%E4%B8%AD%20%E9%AB%98%E9%9B%84%E5%B8%82%E6%A5%A0%E6%A2%93%E5%8D%80%E8%97%8D%E6%98%8C%E8%B7%AF416%E8%99%9F | https://ibus.tbkc.gov.tw/,https://www.cshs.kh.edu.tw/,https://www.cshs.kh.edu.tw/,https://www.cshs.kh.edu.tw/,2026-09-07
,543302,高雄市立楠梓高中,公立,高雄區學校名錄,綜高,男女校,高雄市,楠梓區,高雄市楠梓區清豐路19號,https://www.nths.kh.edu.tw/,(07)3550571,體育班(日),,,請以各校當年度公告為準,高雄市立楠梓高中的一般高中職學生住宿目前沒有固定公開申請資訊。,高雄市立楠梓高中兼具普通高中學術課程與體育班等專業方向，課程包含語文數理、探究學習、多元選修及技術專業課程，提供學術與職涯兩種延伸路徑。,高雄市立楠梓高中的體育班依115學年度課程安排專業實作、實習科目與專題製作，學生透過作品、操作練習及成果發表整合所學。,高雄市立楠梓高中目前沒有固定公開的校車／學生專車路線資訊；一般公共運輸方式另列於「通勤資訊」。,可由楠梓區捷運站或臺鐵楠梓站轉乘市區公車至清豐路周邊站點，步行到高雄市立楠梓高中。,高雄市立楠梓高中的一般高中職學生住宿目前沒有固定公開申請資訊。,https://www.google.com/maps/search/?api=1&query=%E9%AB%98%E9%9B%84%E5%B8%82%E7%AB%8B%E6%A5%A0%E6%A2%93%E9%AB%98%E4%B8%AD%20%E9%AB%98%E9%9B%84%E5%B8%82%E6%A5%A0%E6%A2%93%E5%8D%80%E6%B8%85%E8%B1%90%E8%B7%AF19%E8%99%9F,https://www.nths.kh.edu.tw/ | https://courset.k12ea.gov.tw/courseinformation/indexStu01.asp,https://www.nths.kh.edu.tw/ | https://courset.k12ea.gov.tw/courseinformation/indexStu01.asp,https://www.nths.kh.edu.tw/,https://www.google.com/maps/search/?api=1&query=%E9%AB%98%E9%9B%84%E5%B8%82%E7%AB%8B%E6%A5%A0%E6%A2%93%E9%AB%98%E4%B8%AD%20%E9%AB%98%E9%9B%84%E5%B8%82%E6%A5%A0%E6%A2%93%E5%8D%80%E6%B8%85%E8%B1%90%E8%B7%AF19%E8%99%9F | https://ibus.tbkc.gov.tw/,https://www.nths.kh.edu.tw/,https://www.nths.kh.edu.tw/,https://www.nths.kh.edu.tw/,2026-09-07
,551301,私立立志高中,私立,高雄區學校名錄,綜高,男女校,高雄市,三民區,807066 高雄市三民區大昌一路98號,https://w5.lcvs.kh.edu.tw/,(07)3922601,普通科(日)；汽車科(日)；汽車科(夜)；資訊科(日)；資訊科(夜)；電子科(日)；電機科(日)；電機科(夜)；資料處理科(日)；資料處理科(夜)；餐飲管理科(日)；餐飲管理科(夜)；電競經營科(日)；美容科(日)；美容科(夜)；照顧服務科(夜)；水電技術科(日),,,請以各校當年度公告為準,學校設有僑生專班宿舍；住宿資訊明確對應僑生專班學生，不作為一般高中職學生皆可住宿的依據。,私立立志高中兼具普通高中學術課程與汽車科、資訊科、電子科、電機科、資料處理科、餐飲管理科等專業方向，課程包含語文數理、探究學習、多元選修及技術專業課程，提供學術與職涯兩種延伸路徑。,私立立志高中各技術科別依115課程規劃安排實作與專題製作；僑生專班另有合作廠商實習與職涯銜接安排。,私立立志高中目前沒有固定公開的校車／學生專車路線資訊；一般公共運輸方式另列於「通勤資訊」。,可由臺鐵高雄站、捷運後驛站或高雄輕軌轉乘市區公車，在大昌一路周邊下車後步行到私立立志高中。,學校設有僑生專班宿舍；住宿資訊明確對應僑生專班學生，不作為一般高中職學生皆可住宿的依據。,https://www.google.com/maps/search/?api=1&query=%E7%A7%81%E7%AB%8B%E7%AB%8B%E5%BF%97%E9%AB%98%E4%B8%AD%20807066%20%E9%AB%98%E9%9B%84%E5%B8%82%E4%B8%89%E6%B0%91%E5%8D%80%E5%A4%A7%E6%98%8C%E4%B8%80%E8%B7%AF98%E8%99%9F,https://w5.lcvs.kh.edu.tw/ | https://courset.k12ea.gov.tw/courseinformation/indexStu01.asp,https://w5.lcvs.kh.edu.tw/ | https://courset.k12ea.gov.tw/courseinformation/indexStu01.asp,https://w5.lcvs.kh.edu.tw/,https://www.google.com/maps/search/?api=1&query=%E7%A7%81%E7%AB%8B%E7%AB%8B%E5%BF%97%E9%AB%98%E4%B8%AD%20807066%20%E9%AB%98%E9%9B%84%E5%B8%82%E4%B8%89%E6%B0%91%E5%8D%80%E5%A4%A7%E6%98%8C%E4%B8%80%E8%B7%AF98%E8%99%9F | https://ibus.tbkc.gov.tw/,https://w5.lcvs.kh.edu.tw/index.php/ocs/,https://w5.lcvs.kh.edu.tw/,https://w5.lcvs.kh.edu.tw/,2026-09-07
,551402,私立樹德家商,私立,高雄區學校名錄,高職,男女校,高雄市,三民區,高雄市三民區建興路116號,https://www.shute.kh.edu.tw/,(07)3848622,商業經營科(日)；資料處理科(日)；資料處理科(夜)；廣告設計科(日)；觀光事業科(日)；餐飲管理科(日)；餐飲管理科(夜)；應用英語科(日)；應用日語科(日)；幼兒保育科(日)；美容科(日)；美容科(夜)；照顧服務科(日)；照顧服務科(夜)；表演藝術科(日)；綜合職能科(日)；表演技術科(日)；寵物經營科(日)；烘焙食品科(日)；餐飲技術科(日)；中餐廚師科(日)；美髮技術科(日)；美顏技術科(日),,,請以各校當年度公告為準,私立樹德家商的一般高中職學生住宿目前沒有固定公開申請資訊。,私立樹德家商以商業經營科、資料處理科、廣告設計科、觀光事業科、餐飲管理科、應用英語科為主要專業方向；115學年度課程依各科安排專業核心、實作課程、校訂選修與跨域應用，讓學生逐步銜接升學與技術能力。,私立樹德家商的商業經營科、資料處理科、廣告設計科、觀光事業科、餐飲管理科依115學年度課程安排專業實作、實習科目與專題製作，學生透過作品、操作練習及成果發表整合所學。,有校車。學校設有學生校車接送制度，依停靠點安排學生上下學搭乘。,高雄輕軌C29樹德家商站位於大順二路與建興路口，抵站後可直接步行至校；另有市區公車行經建興路周邊。,私立樹德家商的一般高中職學生住宿目前沒有固定公開申請資訊。,https://www.google.com/maps/search/?api=1&query=%E7%A7%81%E7%AB%8B%E6%A8%B9%E5%BE%B7%E5%AE%B6%E5%95%86%20%E9%AB%98%E9%9B%84%E5%B8%82%E4%B8%89%E6%B0%91%E5%8D%80%E5%BB%BA%E8%88%88%E8%B7%AF116%E8%99%9F,https://www.shute.kh.edu.tw/ | https://courset.k12ea.gov.tw/courseinformation/indexStu01.asp,https://www.shute.kh.edu.tw/ | https://courset.k12ea.gov.tw/courseinformation/indexStu01.asp,https://www.shute.kh.edu.tw/~general/c222.html,https://www.krtc.com.tw/KLRT/station_info?n=C29,https://www.shute.kh.edu.tw/,https://www.shute.kh.edu.tw/,https://www.shute.kh.edu.tw/,2026-09-07
,553301,高雄市立高雄中學,公立,高雄區學校名錄,高中,男女校,高雄市,三民區,高雄市三民區建國三路50號,https://www.kshs.kh.edu.tw/,(07)2862550,普通科(日)；音樂班(日)；體育班(日)；科學班(日),,,請以各校當年度公告為準,高雄市立高雄中學的一般高中職學生住宿目前沒有固定公開申請資訊。,高雄市立高雄中學以語文、數理、自然與社會領域課程，搭配校訂必修、多元選修與自主學習為主，115學年度課程包含自然科學探究與實作、社會領域探究等學習內容；另設有音樂班、體育班、科學班等班別，相關課程依班別深化。,高雄市立高雄中學以自然科學探究與實作、社會領域探究、自主學習及成果發表作為高中階段的實作／專題型學習，另包含音樂術科與成果演出。,高雄市立高雄中學目前沒有固定公開的校車／學生專車路線資訊；一般公共運輸方式另列於「通勤資訊」。,可由臺鐵高雄站、捷運後驛站或高雄輕軌轉乘市區公車，在建國三路周邊下車後步行到高雄市立高雄中學。,高雄市立高雄中學的一般高中職學生住宿目前沒有固定公開申請資訊。,https://www.google.com/maps/search/?api=1&query=%E9%AB%98%E9%9B%84%E5%B8%82%E7%AB%8B%E9%AB%98%E9%9B%84%E4%B8%AD%E5%AD%B8%20%E9%AB%98%E9%9B%84%E5%B8%82%E4%B8%89%E6%B0%91%E5%8D%80%E5%BB%BA%E5%9C%8B%E4%B8%89%E8%B7%AF50%E8%99%9F,https://www.kshs.kh.edu.tw/ | https://courset.k12ea.gov.tw/courseinformation/indexStu01.asp,https://www.kshs.kh.edu.tw/ | https://courset.k12ea.gov.tw/courseinformation/indexStu01.asp,https://www.kshs.kh.edu.tw/,https://www.google.com/maps/search/?api=1&query=%E9%AB%98%E9%9B%84%E5%B8%82%E7%AB%8B%E9%AB%98%E9%9B%84%E4%B8%AD%E5%AD%B8%20%E9%AB%98%E9%9B%84%E5%B8%82%E4%B8%89%E6%B0%91%E5%8D%80%E5%BB%BA%E5%9C%8B%E4%B8%89%E8%B7%AF50%E8%99%9F | https://ibus.tbkc.gov.tw/,https://www.kshs.kh.edu.tw/,https://www.kshs.kh.edu.tw/,https://www.kshs.kh.edu.tw/,2026-09-07
,553302,高雄市立三民高中,公立,高雄區學校名錄,高中,男女校,高雄市,三民區,高雄市三民區金鼎路81號,https://www.smhs.kh.edu.tw/,(07)3475181,普通科(日)；體育班(日),,,請以各校當年度公告為準,高雄市立三民高中的一般高中職學生住宿目前沒有固定公開申請資訊。,高雄市立三民高中以普通型高中核心課程，並透過校訂課程、多元選修及自主學習延伸個人興趣為主，115學年度課程包含自然科學探究與實作、社會領域探究等學習內容；另設有體育班等班別，相關課程依班別深化。,高雄市立三民高中以自然科學探究與實作、社會領域探究、自主學習及成果發表作為高中階段的實作／專題型學習。,高雄市立三民高中目前沒有固定公開的校車／學生專車路線資訊；一般公共運輸方式另列於「通勤資訊」。,可由捷運巨蛋站轉乘168、217等公車，或由凹子底站轉乘168、紅35、紅33等路線至金獅湖／學校周邊。,高雄市立三民高中的一般高中職學生住宿目前沒有固定公開申請資訊。,https://www.google.com/maps/search/?api=1&query=%E9%AB%98%E9%9B%84%E5%B8%82%E7%AB%8B%E4%B8%89%E6%B0%91%E9%AB%98%E4%B8%AD%20%E9%AB%98%E9%9B%84%E5%B8%82%E4%B8%89%E6%B0%91%E5%8D%80%E9%87%91%E9%BC%8E%E8%B7%AF81%E8%99%9F,https://www.smhs.kh.edu.tw/ | https://courset.k12ea.gov.tw/courseinformation/indexStu01.asp,https://www.smhs.kh.edu.tw/ | https://courset.k12ea.gov.tw/courseinformation/indexStu01.asp,https://www.smhs.kh.edu.tw/,https://www.smhs.kh.edu.tw/p/412-1000-302.php,https://www.smhs.kh.edu.tw/,https://www.smhs.kh.edu.tw/,https://www.smhs.kh.edu.tw/,2026-09-07
,553401,高雄市立高雄高工,公立,高雄區學校名錄,高職,男女校,高雄市,三民區,高雄市三民區建工路419號,https://www.ksvs.kh.edu.tw/,(07)3815366,機械科(日)；機械科(夜)；汽車科(日)；資訊科(日)；資訊科(夜)；電子科(日)；電機科(日)；電機科(夜)；冷凍空調科(日)；建築科(日)；化工科(日)；製圖科(夜)；圖文傳播科(日)；電腦機械製圖科(日),,,請以各校當年度公告為準,高雄市立高雄高工的一般高中職學生住宿目前沒有固定公開申請資訊。,高雄市立高雄高工以機械科、汽車科、資訊科、電子科、電機科、冷凍空調科為主要專業方向；115學年度課程依各科安排專業核心、實作課程、校訂選修與跨域應用，讓學生逐步銜接升學與技術能力。,高雄市立高雄高工的機械科、汽車科、資訊科、電子科、電機科依115學年度課程安排專業實作、實習科目與專題製作，學生透過作品、操作練習及成果發表整合所學。,高雄市立高雄高工目前沒有固定公開的校車／學生專車路線資訊；一般公共運輸方式另列於「通勤資訊」。,高雄輕軌C28高雄高工站位於大順二路與建工路口，抵站後可步行至校；建工路沿線亦有多條市區公車。,高雄市立高雄高工的一般高中職學生住宿目前沒有固定公開申請資訊。,https://www.google.com/maps/search/?api=1&query=%E9%AB%98%E9%9B%84%E5%B8%82%E7%AB%8B%E9%AB%98%E9%9B%84%E9%AB%98%E5%B7%A5%20%E9%AB%98%E9%9B%84%E5%B8%82%E4%B8%89%E6%B0%91%E5%8D%80%E5%BB%BA%E5%B7%A5%E8%B7%AF419%E8%99%9F,https://www.ksvs.kh.edu.tw/ | https://courset.k12ea.gov.tw/courseinformation/indexStu01.asp,https://www.ksvs.kh.edu.tw/ | https://courset.k12ea.gov.tw/courseinformation/indexStu01.asp,https://www.ksvs.kh.edu.tw/,https://www.krtc.com.tw/KLRT/station_info?n=C28,https://www.ksvs.kh.edu.tw/,https://www.ksvs.kh.edu.tw/,https://www.ksvs.kh.edu.tw/,2026-09-07
,563301,高雄市立新興高中,公立,高雄區學校名錄,高中,男女校,高雄市,新興區,高雄市新興區五福二路218號,https://www.hhhs.kh.edu.tw/,(07)2727127,普通科(日)；音樂班(日),,,請以各校當年度公告為準,高雄市立新興高中的一般高中職學生住宿目前沒有固定公開申請資訊。,高雄市立新興高中以語文、數理、自然與社會領域課程，搭配校訂必修、多元選修與自主學習為主，115學年度課程包含自然科學探究與實作、社會領域探究等學習內容；另設有音樂班等班別，相關課程依班別深化。,高雄市立新興高中以自然科學探究與實作、社會領域探究、自主學習及成果發表作為高中階段的實作／專題型學習，另包含音樂術科與成果演出。,高雄市立新興高中目前沒有固定公開的校車／學生專車路線資訊；一般公共運輸方式另列於「通勤資訊」。,可由捷運中央公園站2號出口步行約5至7分鐘到校；25、50、52、69、72、76、77等公車也停靠新興高中周邊。,高雄市立新興高中的一般高中職學生住宿目前沒有固定公開申請資訊。,https://www.google.com/maps/search/?api=1&query=%E9%AB%98%E9%9B%84%E5%B8%82%E7%AB%8B%E6%96%B0%E8%88%88%E9%AB%98%E4%B8%AD%20%E9%AB%98%E9%9B%84%E5%B8%82%E6%96%B0%E8%88%88%E5%8D%80%E4%BA%94%E7%A6%8F%E4%BA%8C%E8%B7%AF218%E8%99%9F,https://www.hhhs.kh.edu.tw/ | https://courset.k12ea.gov.tw/courseinformation/indexStu01.asp,https://www.hhhs.kh.edu.tw/ | https://courset.k12ea.gov.tw/courseinformation/indexStu01.asp,https://www.hhhs.kh.edu.tw/,https://www.hhhs.kh.edu.tw/InsidePage/About_Sub/494,https://www.hhhs.kh.edu.tw/,https://www.hhhs.kh.edu.tw/,https://www.hhhs.kh.edu.tw/,2026-09-07
,563401,高雄市立高雄高商,公立,高雄區學校名錄,高職,男女校,高雄市,新興區,高雄市新興區五福二路3號,https://www.ksvcs.kh.edu.tw/,(07)2269975,體育班(日)；商業經營科(日)；商業經營科(夜)；國際貿易科(日)；會計事務科(日)；資料處理科(日)；資料處理科(夜)；廣告設計科(日),,,請以各校當年度公告為準,高雄市立高雄高商的一般高中職學生住宿目前沒有固定公開申請資訊。,高雄市立高雄高商以體育班、商業經營科、國際貿易科、會計事務科、資料處理科、廣告設計科為主要專業方向；115學年度課程依各科安排專業核心、實作課程、校訂選修與跨域應用，讓學生逐步銜接升學與技術能力。,高雄市立高雄高商的體育班、商業經營科、國際貿易科、會計事務科、資料處理科依115學年度課程安排專業實作、實習科目與專題製作，學生透過作品、操作練習及成果發表整合所學。,高雄市立高雄高商目前沒有固定公開的校車／學生專車路線資訊；一般公共運輸方式另列於「通勤資訊」。,可由捷運中央公園、信義國小一帶車站轉乘或步行，在五福二路周邊站點下車後前往高雄市立高雄高商。,高雄市立高雄高商的一般高中職學生住宿目前沒有固定公開申請資訊。,https://www.google.com/maps/search/?api=1&query=%E9%AB%98%E9%9B%84%E5%B8%82%E7%AB%8B%E9%AB%98%E9%9B%84%E9%AB%98%E5%95%86%20%E9%AB%98%E9%9B%84%E5%B8%82%E6%96%B0%E8%88%88%E5%8D%80%E4%BA%94%E7%A6%8F%E4%BA%8C%E8%B7%AF3%E8%99%9F,https://www.ksvcs.kh.edu.tw/ | https://courset.k12ea.gov.tw/courseinformation/indexStu01.asp,https://www.ksvcs.kh.edu.tw/ | https://courset.k12ea.gov.tw/courseinformation/indexStu01.asp,https://www.ksvcs.kh.edu.tw/,https://www.google.com/maps/search/?api=1&query=%E9%AB%98%E9%9B%84%E5%B8%82%E7%AB%8B%E9%AB%98%E9%9B%84%E9%AB%98%E5%95%86%20%E9%AB%98%E9%9B%84%E5%B8%82%E6%96%B0%E8%88%88%E5%8D%80%E4%BA%94%E7%A6%8F%E4%BA%8C%E8%B7%AF3%E8%99%9F | https://ibus.tbkc.gov.tw/,https://www.ksvcs.kh.edu.tw/,https://www.ksvcs.kh.edu.tw/,https://www.ksvcs.kh.edu.tw/,2026-09-07
,573301,高雄市立高雄女中,公立,高雄區學校名錄,高中,女校,高雄市,前金區,高雄市前金區五福三路122號,https://www.kghs.kh.edu.tw/home,(07)2115418,普通科(日),,,請以各校當年度公告為準,高雄市立高雄女中的一般高中職學生住宿目前沒有固定公開申請資訊。,高雄市立高雄女中以語文、數理、自然與社會領域課程，搭配校訂必修、多元選修與自主學習為主，115學年度課程包含自然科學探究與實作、社會領域探究等學習內容。,高雄市立高雄女中以自然科學探究與實作、社會領域探究、自主學習及成果發表作為高中階段的實作／專題型學習。,高雄市立高雄女中目前沒有固定公開的校車／學生專車路線資訊；一般公共運輸方式另列於「通勤資訊」。,可由捷運前金、中央公園一帶車站轉乘市區公車，在五福三路周邊下車後步行到高雄市立高雄女中。,高雄市立高雄女中的一般高中職學生住宿目前沒有固定公開申請資訊。,https://www.google.com/maps/search/?api=1&query=%E9%AB%98%E9%9B%84%E5%B8%82%E7%AB%8B%E9%AB%98%E9%9B%84%E5%A5%B3%E4%B8%AD%20%E9%AB%98%E9%9B%84%E5%B8%82%E5%89%8D%E9%87%91%E5%8D%80%E4%BA%94%E7%A6%8F%E4%B8%89%E8%B7%AF122%E8%99%9F,https://www.kghs.kh.edu.tw/home | https://courset.k12ea.gov.tw/courseinformation/indexStu01.asp,https://www.kghs.kh.edu.tw/home | https://courset.k12ea.gov.tw/courseinformation/indexStu01.asp,https://www.kghs.kh.edu.tw/home,https://www.google.com/maps/search/?api=1&query=%E9%AB%98%E9%9B%84%E5%B8%82%E7%AB%8B%E9%AB%98%E9%9B%84%E5%A5%B3%E4%B8%AD%20%E9%AB%98%E9%9B%84%E5%B8%82%E5%89%8D%E9%87%91%E5%8D%80%E4%BA%94%E7%A6%8F%E4%B8%89%E8%B7%AF122%E8%99%9F | https://ibus.tbkc.gov.tw/,https://www.kghs.kh.edu.tw/home,https://www.kghs.kh.edu.tw/home,https://www.kghs.kh.edu.tw/home,2026-09-07
,580301,國立高師大附中,公立,高雄區學校名錄,高中,男女校,高雄市,苓雅區,高雄市苓雅區凱旋二路89號,https://www.nknush.kh.edu.tw/,(07)7613875,普通科(日),,,請以各校當年度公告為準,國立高師大附中的一般高中職學生住宿目前沒有固定公開申請資訊。,國立高師大附中以語文、數理、自然與社會領域課程，搭配校訂必修、多元選修與自主學習為主，115學年度課程包含自然科學探究與實作、社會領域探究等學習內容。,國立高師大附中以自然科學探究與實作、社會領域探究、自主學習及成果發表作為高中階段的實作／專題型學習。,國立高師大附中目前沒有固定公開的校車／學生專車路線資訊；一般公共運輸方式另列於「通勤資訊」。,可由捷運文化中心站3號出口步行約10至15分鐘到校，或搭輕軌至C33衛生局站；52A、168、紅21、綠1等公車停靠周邊。,國立高師大附中的一般高中職學生住宿目前沒有固定公開申請資訊。,https://www.google.com/maps/search/?api=1&query=%E5%9C%8B%E7%AB%8B%E9%AB%98%E5%B8%AB%E5%A4%A7%E9%99%84%E4%B8%AD%20%E9%AB%98%E9%9B%84%E5%B8%82%E8%8B%93%E9%9B%85%E5%8D%80%E5%87%B1%E6%97%8B%E4%BA%8C%E8%B7%AF89%E8%99%9F,https://www.nknush.kh.edu.tw/ | https://courset.k12ea.gov.tw/courseinformation/indexStu01.asp,https://www.nknush.kh.edu.tw/ | https://courset.k12ea.gov.tw/courseinformation/indexStu01.asp,https://www.nknush.kh.edu.tw/,https://www.nknush.kh.edu.tw/about-us/emergency-numbers-and-traffic-information/,https://www.nknush.kh.edu.tw/,https://www.nknush.kh.edu.tw/,https://www.nknush.kh.edu.tw/,2026-09-07
,581301,私立復華高中,私立,高雄區學校名錄,綜高,男女校,高雄市,苓雅區,高雄市苓雅區民權一路42號,https://www.fhhs.kh.edu.tw/,(07)3344168,普通科(日)；資料處理科(日)；觀光事業科(日)；電子商務科(日)；幼兒保育科(日)；美容科(日),,,請以各校當年度公告為準,私立復華高中的一般高中職學生住宿目前沒有固定公開申請資訊。,私立復華高中兼具普通高中學術課程與資料處理科、觀光事業科、電子商務科、幼兒保育科、美容科等專業方向，課程包含語文數理、探究學習、多元選修及技術專業課程，提供學術與職涯兩種延伸路徑。,私立復華高中的資料處理科、觀光事業科、電子商務科、幼兒保育科、美容科依115學年度課程安排專業實作、實習科目與專題製作，學生透過作品、操作練習及成果發表整合所學。,私立復華高中目前沒有固定公開的校車／學生專車路線資訊；一般公共運輸方式另列於「通勤資訊」。,可由捷運文化中心、五塊厝一帶或高雄輕軌轉乘市區公車，在民權一路周邊下車後步行到私立復華高中。,私立復華高中的一般高中職學生住宿目前沒有固定公開申請資訊。,https://www.google.com/maps/search/?api=1&query=%E7%A7%81%E7%AB%8B%E5%BE%A9%E8%8F%AF%E9%AB%98%E4%B8%AD%20%E9%AB%98%E9%9B%84%E5%B8%82%E8%8B%93%E9%9B%85%E5%8D%80%E6%B0%91%E6%AC%8A%E4%B8%80%E8%B7%AF42%E8%99%9F,https://www.fhhs.kh.edu.tw/ | https://courset.k12ea.gov.tw/courseinformation/indexStu01.asp,https://www.fhhs.kh.edu.tw/ | https://courset.k12ea.gov.tw/courseinformation/indexStu01.asp,https://www.fhhs.kh.edu.tw/,https://www.google.com/maps/search/?api=1&query=%E7%A7%81%E7%AB%8B%E5%BE%A9%E8%8F%AF%E9%AB%98%E4%B8%AD%20%E9%AB%98%E9%9B%84%E5%B8%82%E8%8B%93%E9%9B%85%E5%8D%80%E6%B0%91%E6%AC%8A%E4%B8%80%E8%B7%AF42%E8%99%9F | https://ibus.tbkc.gov.tw/,https://www.fhhs.kh.edu.tw/,https://www.fhhs.kh.edu.tw/,https://www.fhhs.kh.edu.tw/,2026-09-07
,581302,天主教道明中學,私立,高雄區學校名錄,高中,男女校,高雄市,苓雅區,高雄市苓雅區建國一路354號,https://www.dmhs.kh.edu.tw/,(07)2240711,普通科(日),,,請以各校當年度公告為準,學校設有高中部住宿申請。115學年度高一新生報到資料提供住宿申請入口，有住宿需求的新生可依校方程序辦理。,天主教道明中學以普通型高中核心課程，並透過校訂課程、多元選修及自主學習延伸個人興趣為主，115學年度課程包含自然科學探究與實作、社會領域探究等學習內容。,天主教道明中學以自然科學探究與實作、社會領域探究、自主學習及成果發表作為高中階段的實作／專題型學習。,有校車。115學年度暑期輔導使用校車證系統，高一新生資料亦提供校車申請資訊。,可由臺鐵科工館站步行約700公尺到校；捷運文化中心站或五塊厝站亦可步行前往，37、76、77、88、紅27、168等公車行經周邊。,學校設有高中部住宿申請。115學年度高一新生報到資料提供住宿申請入口，有住宿需求的新生可依校方程序辦理。,https://www.google.com/maps/search/?api=1&query=%E5%A4%A9%E4%B8%BB%E6%95%99%E9%81%93%E6%98%8E%E4%B8%AD%E5%AD%B8%20%E9%AB%98%E9%9B%84%E5%B8%82%E8%8B%93%E9%9B%85%E5%8D%80%E5%BB%BA%E5%9C%8B%E4%B8%80%E8%B7%AF354%E8%99%9F,https://www.dmhs.kh.edu.tw/ | https://courset.k12ea.gov.tw/courseinformation/indexStu01.asp,https://www.dmhs.kh.edu.tw/ | https://courset.k12ea.gov.tw/courseinformation/indexStu01.asp,https://phpweb2.dmhs.kh.edu.tw/schoolcar/index3.php,https://www2.dmhs.kh.edu.tw/releaseRedirect.do?pageID=3076&unitID=183,https://phpweb2.dmhs.kh.edu.tw/board/read.php?index=22286,https://www.dmhs.kh.edu.tw/,https://www.dmhs.kh.edu.tw/,2026-09-07
,581402,私立三信家商,私立,高雄區學校名錄,高職,男女校,高雄市,苓雅區,高雄市苓雅區三多一路186號,https://www.sanhsin.edu.tw/sansin2017/index.html,(07)7517171,商業經營科(日)；資料處理科(日)；資料處理科(夜)；廣告設計科(日)；觀光事業科(日)；餐飲管理科(日)；餐飲管理科(夜)；應用日語科(日)；幼兒保育科(日)；美容科(日)；照顧服務科(日)；照顧服務科(夜)；餐飲服務科(日)；烘焙食品科(日)；餐飲技術科(日),,,請以各校當年度公告為準,學校設有學生宿舍，校方招生資料列有男女生住宿安排與住宿申請資訊。,私立三信家商以商業經營科、資料處理科、廣告設計科、觀光事業科、餐飲管理科、應用日語科為主要專業方向；115學年度課程依各科安排專業核心、實作課程、校訂選修與跨域應用，讓學生逐步銜接升學與技術能力。,私立三信家商由實習處統籌專業實習與技能學習，各科依課程安排實作、專題製作、職場連結與成果展示。,有校車。115學年度第一學期總務處公布校車路線表，供學生依路線搭乘。,可由捷運文化中心、五塊厝一帶或高雄輕軌轉乘市區公車，在三多一路周邊下車後步行到私立三信家商。,學校設有學生宿舍，校方招生資料列有男女生住宿安排與住宿申請資訊。,https://www.google.com/maps/search/?api=1&query=%E7%A7%81%E7%AB%8B%E4%B8%89%E4%BF%A1%E5%AE%B6%E5%95%86%20%E9%AB%98%E9%9B%84%E5%B8%82%E8%8B%93%E9%9B%85%E5%8D%80%E4%B8%89%E5%A4%9A%E4%B8%80%E8%B7%AF186%E8%99%9F,https://web2.sanhsin.edu.tw/aa/,https://web2.sanhsin.edu.tw/io/,https://web2.sanhsin.edu.tw/ga/,https://www.google.com/maps/search/?api=1&query=%E7%A7%81%E7%AB%8B%E4%B8%89%E4%BF%A1%E5%AE%B6%E5%95%86%20%E9%AB%98%E9%9B%84%E5%B8%82%E8%8B%93%E9%9B%85%E5%8D%80%E4%B8%89%E5%A4%9A%E4%B8%80%E8%B7%AF186%E8%99%9F | https://ibus.tbkc.gov.tw/,https://www.sanhsin.edu.tw/LocalUser/sansin13/newstudent/QA.pdf,https://www.sanhsin.edu.tw/sansin2017/index.html,https://www.sanhsin.edu.tw/sansin2017/index.html,2026-09-07
,583301,高雄市立中正高中,公立,高雄區學校名錄,高中,男女校,高雄市,苓雅區,高雄市苓雅區中正一路8號,https://www.cchs.kh.edu.tw/,(07)7491992,普通科(日)；體育班(日),,,請以各校當年度公告為準,高雄市立中正高中的一般高中職學生住宿目前沒有固定公開申請資訊。,高雄市立中正高中以語文、數理、自然與社會領域課程，搭配校訂必修、多元選修與自主學習為主，115學年度課程包含自然科學探究與實作、社會領域探究等學習內容；另設有體育班等班別，相關課程依班別深化。,高雄市立中正高中以自然科學探究與實作、社會領域探究、自主學習及成果發表作為高中階段的實作／專題型學習。,高雄市立中正高中目前沒有固定公開的校車／學生專車路線資訊；一般公共運輸方式另列於「通勤資訊」。,可由捷運文化中心、五塊厝一帶或高雄輕軌轉乘市區公車，在中正一路周邊下車後步行到高雄市立中正高中。,高雄市立中正高中的一般高中職學生住宿目前沒有固定公開申請資訊。,https://www.google.com/maps/search/?api=1&query=%E9%AB%98%E9%9B%84%E5%B8%82%E7%AB%8B%E4%B8%AD%E6%AD%A3%E9%AB%98%E4%B8%AD%20%E9%AB%98%E9%9B%84%E5%B8%82%E8%8B%93%E9%9B%85%E5%8D%80%E4%B8%AD%E6%AD%A3%E4%B8%80%E8%B7%AF8%E8%99%9F,https://www.cchs.kh.edu.tw/ | https://courset.k12ea.gov.tw/courseinformation/indexStu01.asp,https://www.cchs.kh.edu.tw/ | https://courset.k12ea.gov.tw/courseinformation/indexStu01.asp,https://www.cchs.kh.edu.tw/,https://www.google.com/maps/search/?api=1&query=%E9%AB%98%E9%9B%84%E5%B8%82%E7%AB%8B%E4%B8%AD%E6%AD%A3%E9%AB%98%E4%B8%AD%20%E9%AB%98%E9%9B%84%E5%B8%82%E8%8B%93%E9%9B%85%E5%8D%80%E4%B8%AD%E6%AD%A3%E4%B8%80%E8%B7%AF8%E8%99%9F | https://ibus.tbkc.gov.tw/,https://www.cchs.kh.edu.tw/,https://www.cchs.kh.edu.tw/,https://www.cchs.kh.edu.tw/,2026-09-07
,593301,高雄市立前鎮高中,公立,高雄區學校名錄,高中,男女校,高雄市,前鎮區,高雄市前鎮區中路132號,https://www.cjhs.kh.edu.tw/,(07)8226841,普通科(日)；美術班(日),,,請以各校當年度公告為準,高雄市立前鎮高中的一般高中職學生住宿目前沒有固定公開申請資訊。,高雄市立前鎮高中以語文、數理、自然與社會領域課程，搭配校訂必修、多元選修與自主學習為主，115學年度課程包含自然科學探究與實作、社會領域探究等學習內容；另設有美術班等班別，相關課程依班別深化。,高雄市立前鎮高中以自然科學探究與實作、社會領域探究、自主學習及成果發表作為高中階段的實作／專題型學習，另包含美術作品與展演。,高雄市立前鎮高中目前沒有固定公開的校車／學生專車路線資訊；一般公共運輸方式另列於「通勤資訊」。,可搭捷運至前鎮高中站，出站後步行至學校；中山四路、鎮中路周邊亦有市區公車可轉乘。,高雄市立前鎮高中的一般高中職學生住宿目前沒有固定公開申請資訊。,https://www.google.com/maps/search/?api=1&query=%E9%AB%98%E9%9B%84%E5%B8%82%E7%AB%8B%E5%89%8D%E9%8E%AE%E9%AB%98%E4%B8%AD%20%E9%AB%98%E9%9B%84%E5%B8%82%E5%89%8D%E9%8E%AE%E5%8D%80%E4%B8%AD%E8%B7%AF132%E8%99%9F,https://www.cjhs.kh.edu.tw/view/index.php?DataId=501254&MainMenuId=62398&MainType=0&SubMenuId=88480&SubType=101&WebID=340&Work=View&page=1,https://www.cjhs.kh.edu.tw/view/index.php?DataId=501254&MainMenuId=62398&MainType=0&SubMenuId=88480&SubType=101&WebID=340&Work=View&page=1,https://www.cjhs.kh.edu.tw/,https://www.krtc.com.tw/Guide/station_info?n=R5,https://www.cjhs.kh.edu.tw/,https://www.cjhs.kh.edu.tw/,https://www.cjhs.kh.edu.tw/,2026-09-07
,593302,高雄市立瑞祥高中,公立,高雄區學校名錄,高中,男女校,高雄市,前鎮區,高雄市前鎮區班超路63號,https://www.rssh.kh.edu.tw/,(07)8152271,普通科(日)；體育班(日),,,請以各校當年度公告為準,高雄市立瑞祥高中的一般高中職學生住宿目前沒有固定公開申請資訊。,高雄市立瑞祥高中以普通型高中核心課程，並透過校訂課程、多元選修及自主學習延伸個人興趣為主，115學年度課程包含自然科學探究與實作、社會領域探究等學習內容；另設有體育班等班別，相關課程依班別深化。,高雄市立瑞祥高中以自然科學探究與實作、社會領域探究、自主學習及成果發表作為高中階段的實作／專題型學習。,高雄市立瑞祥高中目前沒有固定公開的校車／學生專車路線資訊；一般公共運輸方式另列於「通勤資訊」。,可由捷運前鎮地區車站或高雄輕軌轉乘市區公車，在班超路周邊站點下車後步行到高雄市立瑞祥高中。,高雄市立瑞祥高中的一般高中職學生住宿目前沒有固定公開申請資訊。,https://www.google.com/maps/search/?api=1&query=%E9%AB%98%E9%9B%84%E5%B8%82%E7%AB%8B%E7%91%9E%E7%A5%A5%E9%AB%98%E4%B8%AD%20%E9%AB%98%E9%9B%84%E5%B8%82%E5%89%8D%E9%8E%AE%E5%8D%80%E7%8F%AD%E8%B6%85%E8%B7%AF63%E8%99%9F,https://sites.google.com/gcloud.rssh.tw/rsshacd/%E5%AF%A6%E7%A0%94%E7%B5%84/%E9%AB%98%E4%B8%AD%E8%AA%B2%E7%A8%8B%E8%A8%88%E7%95%AB?authuser=0,https://sites.google.com/gcloud.rssh.tw/rsshacd/%E5%AF%A6%E7%A0%94%E7%B5%84/%E9%AB%98%E4%B8%AD%E8%AA%B2%E7%A8%8B%E8%A8%88%E7%95%AB?authuser=0,https://www.rssh.kh.edu.tw/,https://www.google.com/maps/search/?api=1&query=%E9%AB%98%E9%9B%84%E5%B8%82%E7%AB%8B%E7%91%9E%E7%A5%A5%E9%AB%98%E4%B8%AD%20%E9%AB%98%E9%9B%84%E5%B8%82%E5%89%8D%E9%8E%AE%E5%8D%80%E7%8F%AD%E8%B6%85%E8%B7%AF63%E8%99%9F | https://ibus.tbkc.gov.tw/,https://www.rssh.kh.edu.tw/,https://www.rssh.kh.edu.tw/,https://www.rssh.kh.edu.tw/,2026-09-07
,593401,高雄市立中正高工,公立,高雄區學校名錄,高職,男女校,高雄市,前鎮區,高雄市前鎮區光華二路80號,https://www.ccvs.kh.edu.tw/,(07)7232301,體育班(日)；機械科(日)；汽車科(日)；資訊科(日)；電子科(日)；控制科(日)；電機科(日)；電機科(夜)；冷凍空調科(日)；建築科(日)；化工科(日)；製圖科(日)；電腦機械製圖科(日)；金屬工藝科(日)；金屬工藝科(夜)；汽車美容服務科(日)；微電腦修護科(夜)；冷凍空調技術科(夜),,,請以各校當年度公告為準,高雄市立中正高工的一般高中職學生住宿目前沒有固定公開申請資訊。,高雄市立中正高工以體育班、機械科、汽車科、資訊科、電子科、控制科為主要專業方向；115學年度課程依各科安排專業核心、實作課程、校訂選修與跨域應用，讓學生逐步銜接升學與技術能力。,高雄市立中正高工各專業科設有實習與專題製作課程，並以專題競賽、作品製作及成果發表整合專業技能與問題解決能力。,高雄市立中正高工目前沒有固定公開的校車／學生專車路線資訊；一般公共運輸方式另列於「通勤資訊」。,可由捷運前鎮地區車站或高雄輕軌轉乘市區公車，在光華二路周邊站點下車後步行到高雄市立中正高工。,高雄市立中正高工的一般高中職學生住宿目前沒有固定公開申請資訊。,https://www.google.com/maps/search/?api=1&query=%E9%AB%98%E9%9B%84%E5%B8%82%E7%AB%8B%E4%B8%AD%E6%AD%A3%E9%AB%98%E5%B7%A5%20%E9%AB%98%E9%9B%84%E5%B8%82%E5%89%8D%E9%8E%AE%E5%8D%80%E5%85%89%E8%8F%AF%E4%BA%8C%E8%B7%AF80%E8%99%9F,https://www.ccvs.kh.edu.tw/p/405-1000-18041%2Cc480.php,https://www.ccvs.kh.edu.tw/p/403-1000-200-1.php,https://www.ccvs.kh.edu.tw/,https://www.google.com/maps/search/?api=1&query=%E9%AB%98%E9%9B%84%E5%B8%82%E7%AB%8B%E4%B8%AD%E6%AD%A3%E9%AB%98%E5%B7%A5%20%E9%AB%98%E9%9B%84%E5%B8%82%E5%89%8D%E9%8E%AE%E5%8D%80%E5%85%89%E8%8F%AF%E4%BA%8C%E8%B7%AF80%E8%99%9F | https://ibus.tbkc.gov.tw/,https://www.ccvs.kh.edu.tw/,https://www.ccvs.kh.edu.tw/,https://www.ccvs.kh.edu.tw/,2026-09-07
,610405,國立高餐大附屬餐旅中學,公立,高雄區學校名錄,高職,男女校,高雄市,小港區,81271 高雄市小港區松和路40號,https://nkhhs.kmhjh.kh.edu.tw/bin/home.php,(07)8060705,觀光事業科(日)；餐飲管理科(日)；烹調技術科(日),,,請以各校當年度公告為準,國立高餐大附屬餐旅中學的一般高中職學生住宿目前沒有固定公開申請資訊。,國立高餐大附屬餐旅中學以觀光事業科、餐飲管理科、烹調技術科為主要專業方向；115學年度課程依各科安排專業核心、實作課程、校訂選修與跨域應用，讓學生逐步銜接升學與技術能力。,國立高餐大附屬餐旅中學的觀光事業科、餐飲管理科、烹調技術科依115學年度課程安排專業實作、實習科目與專題製作，學生透過作品、操作練習及成果發表整合所學。,國立高餐大附屬餐旅中學目前沒有固定公開的校車／學生專車路線資訊；一般公共運輸方式另列於「通勤資訊」。,可由捷運小港站轉乘小港區公車，在松和路周邊站點下車後步行到國立高餐大附屬餐旅中學。,國立高餐大附屬餐旅中學的一般高中職學生住宿目前沒有固定公開申請資訊。,https://www.google.com/maps/search/?api=1&query=%E5%9C%8B%E7%AB%8B%E9%AB%98%E9%A4%90%E5%A4%A7%E9%99%84%E5%B1%AC%E9%A4%90%E6%97%85%E4%B8%AD%E5%AD%B8%2081271%20%E9%AB%98%E9%9B%84%E5%B8%82%E5%B0%8F%E6%B8%AF%E5%8D%80%E6%9D%BE%E5%92%8C%E8%B7%AF40%E8%99%9F,https://nkhhs.kmhjh.kh.edu.tw/bin/home.php | https://courset.k12ea.gov.tw/courseinformation/indexStu01.asp,https://nkhhs.kmhjh.kh.edu.tw/bin/home.php | https://courset.k12ea.gov.tw/courseinformation/indexStu01.asp,https://nkhhs.kmhjh.kh.edu.tw/bin/home.php,https://www.google.com/maps/search/?api=1&query=%E5%9C%8B%E7%AB%8B%E9%AB%98%E9%A4%90%E5%A4%A7%E9%99%84%E5%B1%AC%E9%A4%90%E6%97%85%E4%B8%AD%E5%AD%B8%2081271%20%E9%AB%98%E9%9B%84%E5%B8%82%E5%B0%8F%E6%B8%AF%E5%8D%80%E6%9D%BE%E5%92%8C%E8%B7%AF40%E8%99%9F | https://ibus.tbkc.gov.tw/,https://nkhhs.kmhjh.kh.edu.tw/bin/home.php,https://nkhhs.kmhjh.kh.edu.tw/bin/home.php,https://nkhhs.kmhjh.kh.edu.tw/bin/home.php,2026-09-07
,613301,高雄市立小港高中,公立,高雄區學校名錄,高中,男女校,高雄市,小港區,81255 高雄市小港區學府路117號,https://www.hkhs.kh.edu.tw/,(07)8062627,普通科(日)；體育班(日),,,請以各校當年度公告為準,高雄市立小港高中的一般高中職學生住宿目前沒有固定公開申請資訊。,高雄市立小港高中以語文、數理、自然與社會領域課程，搭配校訂必修、多元選修與自主學習為主，115學年度課程包含自然科學探究與實作、社會領域探究等學習內容；另設有體育班等班別，相關課程依班別深化。,高雄市立小港高中以自然科學探究與實作、社會領域探究、自主學習及成果發表作為高中階段的實作／專題型學習。,高雄市立小港高中目前沒有固定公開的校車／學生專車路線資訊；一般公共運輸方式另列於「通勤資訊」。,可由捷運小港站2或3號出口步行約5分鐘到校；69A、12等市區公車亦可到學校周邊。,高雄市立小港高中的一般高中職學生住宿目前沒有固定公開申請資訊。,https://www.google.com/maps/search/?api=1&query=%E9%AB%98%E9%9B%84%E5%B8%82%E7%AB%8B%E5%B0%8F%E6%B8%AF%E9%AB%98%E4%B8%AD%2081255%20%E9%AB%98%E9%9B%84%E5%B8%82%E5%B0%8F%E6%B8%AF%E5%8D%80%E5%AD%B8%E5%BA%9C%E8%B7%AF117%E8%99%9F,https://sites.google.com/mail.hkhs.kh.edu.tw/108/%E5%B0%8F%E6%B8%AF%E9%AB%98%E4%B8%AD%E8%AA%B2%E7%A8%8B%E8%A8%88%E7%95%AB,https://sites.google.com/mail.hkhs.kh.edu.tw/108/%E5%B0%8F%E6%B8%AF%E9%AB%98%E4%B8%AD%E8%AA%B2%E7%A8%8B%E8%A8%88%E7%95%AB,https://www.hkhs.kh.edu.tw/,https://www.hkhs.kh.edu.tw/ischool/publish_page/27/?cid=576,https://www.hkhs.kh.edu.tw/,https://www.hkhs.kh.edu.tw/,https://www.hkhs.kh.edu.tw/,2026-09-07
