排名,學校代碼,學校名稱,公私立,招生區,學制分類,男女校,縣市,區,地址,官網,電話,科系與名額,,招生名額,最低錄取分數,分數年度,分數來源備註,資優班/特色班,課程方向,通勤資訊,住宿資訊,生活資料來源,
42,050314,國立卓蘭高級中等學校,公立,中投區免試入學日間部,高中,不限,苗栗縣,卓蘭鎮,苗栗縣卓蘭鎮老庄里161號,https://www.jlsh.mlc.edu.tw,04-25892007#204,普通科:93(不限)；商業經營科:25(不限)；國際貿易科:25(不限)；資料處理科:25(不限)；電子商務科:25(不限)；應用英語科:25(不限)；幼兒保育科:51(不限),,269,,,115學年度中投區高級中等學校免試入學委員會「招生名額查詢」；一般生實際招生名額；擷取時間：2026/8/10 16:44:26,普通科特色班曾規劃科學創思班、卓越人文班、文創閱讀班；各職業類科另依科本位課程發展，實際開班依當年度公告。,依校方科別與課程計畫，重點包含普通／綜高的學科加深加廣、多元選修與生涯探索；工業與資電的專業實習、專題及技術士證照；商業管理、會計、數位應用與電商實務；餐旅、家政與照顧服務的情境實作及證照；應用外語溝通、檢定與職場語言，並銜接升學或就業。,設學生專車；另可從豐原搭208至卓蘭市區，部分班次繞駛卓蘭高中。遠距學生可申請校內宿舍。,有學生宿舍，可申請住宿。,https://www.jlsh.mlc.edu.tw；https://www.jlsh.mlc.edu.tw/p/412-1012-3487.php；https://www.jlsh.mlc.edu.tw/p/403-1012-827-1.php,
43,050315,國立苑裡高級中學,公立,中投區免試入學日間部,高中,不限,苗栗縣,苑裡鎮,苗栗縣苑裡鎮育才街100號,https://www.ylsh.mlc.edu.tw,037-868680#202,普通科:190(不限),,190,,,115學年度中投區高級中等學校免試入學委員會「招生名額查詢」；一般生實際招生名額；擷取時間：2026/8/10 16:44:26,美術班；課程計畫另列普通班與實驗班課程地圖，實際甄選與編班依當年度公告。,依校方科別與課程計畫，重點包含普通／綜高的學科加深加廣、多元選修與生涯探索，並銜接升學或就業。,海線臺鐵苑裡站下車，步行約900公尺、約10分鐘；亦可搭97、616、662、839至國立苑裡高中站。,,https://www.ylsh.mlc.edu.tw；https://www.ylsh.mlc.edu.tw/office/div_200/108course/%E8%AA%B2%E7%A8%8B%E8%A8%88%E7%95%AB%E6%9B%B8/；https://www1.ylsh.mlc.edu.tw/?p=44,
70,050401,國立大湖高級農工職業學校,公立,中投區免試入學日間部,技高,不限,苗栗縣,大湖鄉,苗栗縣大湖鄉大寮村竹高屋68號,https://www.thvs.mlc.edu.tw,037-992216#403,園藝科(產特):4(不限)；食品加工科:4(不限)；機械科:4(不限)；電機科:4(不限)；室內空間設計科:4(不限),,20,,,115學年度中投區高級中等學校免試入學委員會「招生名額查詢」；一般生實際招生名額；擷取時間：2026/8/10 16:44:26,園藝科為產業特殊需求類科；另設實用技能學程與綜合職能科，實際招生科班依年度簡章。,依校方科別與課程計畫，重點包含工業與資電的專業實習、專題及技術士證照；農業、園藝、食品或環境實作；視覺／空間／多媒體／表演創作與作品集、展演，並銜接升學或就業。,有學生交通車，路線含公館、三義銅鑼、竹南造橋、後龍苗栗等線；新生期間亦曾由苗栗火車站開湖農專車。遠距學生可申請宿舍。,有學生宿舍，可申請住宿。,https://www.thvs.mlc.edu.tw；https://www.thvs.mlc.edu.tw/%E6%B9%96%E8%BE%B2%E7%B0%A1%E4%BB%8B/%E5%AD%B8%E6%A0%A1%E7%B0%A1%E5%8F%B2/；https://www.thvs.mlc.edu.tw/2026/08/24/%E3%80%90%E5%85%AC%E5%91%8A%E3%80%91115%E5%AD%B8%E5%B9%B4%E5%BA%A6%E7%AC%AC1%E5%AD%B8%E6%9C%9F%E4%BA%A4%E9%80%9A%E8%BB%8A%E8%B7%AF%E7%B7%9A%E5%8F%8A%E6%99%82%E5%88%BB%E8%A1%A8/；https://www.thvs.mlc.edu.tw/2026/02/03/%E3%80%90%E5%85%AC%E5%91%8A%E3%80%91114%E5%AD%B8%E5%B9%B4%E5%BA%A6%E7%AC%AC2%E5%AD%B8%E6%9C%9F%E4%BD%8F%E5%AE%BF%E5%90%8D%E5%96%AE/,
78,050B14,國立卓蘭高級中等學校進修部,公立,中投區免試入學進修部,高中,不限,苗栗縣,卓蘭鎮,苗栗縣卓蘭鎮老庄里161號,https://www.jlsh.mlc.edu.tw,04-25895645,資料處理科(夜間班):20(不限),,20,,,115學年度中投區高級中等學校免試入學委員會「招生名額查詢」；一般生實際招生名額；擷取時間：2026/8/10 16:44:26,普通科特色班曾規劃科學創思班、卓越人文班、文創閱讀班；各職業類科另依科本位課程發展，實際開班依當年度公告。,依校方科別與課程計畫，重點包含商業管理、會計、數位應用與電商實務，並銜接升學或就業。,設學生專車；另可從豐原搭208至卓蘭市區，部分班次繞駛卓蘭高中。遠距學生可申請校內宿舍。 進修部晚間返程可使用上述公共運輸；請依實際下課時間核對末班車，日校學生專車不一定等同夜間班車。,有學生宿舍，可申請住宿。,https://www.jlsh.mlc.edu.tw；https://www.jlsh.mlc.edu.tw/p/412-1012-3487.php；https://www.jlsh.mlc.edu.tw/p/403-1012-827-1.php,
71,051307,全人學校財團法人苗栗縣全人實驗高級中等學校,私立,中投區免試入學日間部,高中,不限,苗栗縣,卓蘭鎮,苗栗縣卓蘭鎮內灣里內灣141-3號,https://holistic.org.tw,04-25896909、25896910,普通科:5(不限),,5,,,115學年度中投區高級中等學校免試入學委員會「招生名額查詢」；一般生實際招生名額；擷取時間：2026/8/10 16:44:26,實驗教育學校，不以傳統資優班分流；以民主教育、專題式學習、追夢計畫與畢業專題為主要特色。,以學習者自主、民主共治與PBL為核心；國三至高三安排個人專題、團隊專題、民主課程，並以畢業專題呈現學習成果。,位於卓蘭郊山，校方指引由卓蘭鎮到校約15分鐘車程；道路較偏，參訪或到校前應先依官網路線確認。,住宿型實驗學校，學生以住校為主。,https://holistic.org.tw；https://holistic.org.tw/holistic-track/corpus/54-educational-point-of-view/242-the-purpose-of-education-and-the-importance-of-project-based-learning-pbl.html；https://holistic.org.tw/news/administrative/107-where-is-holistic-in-how-to-go.html,
74,051413,苗栗縣私立龍德家事商業職業學校,私立,中投區免試入學日間部,技高,不限,苗栗縣,苑裡鎮,苗栗縣苑裡鎮房裡里南房75之1號,http://www.ldvs.mlc.edu.tw,037-851277#121、122,家具木工科(產特):15(不限),,15,,,115學年度中投區高級中等學校免試入學委員會「招生名額查詢」；一般生實際招生名額；擷取時間：2026/8/10 16:44:26,家具木工科為產業特殊需求類科；本次查閱校方官網未見另設資優班。,依校方科別與課程計畫，重點包含工業與資電的專業實習、專題及技術士證照，並銜接升學或就業。,可搭97於龍德家商(中山路)下車，或181於龍德家商(田心二十四路)下車；97可銜接苑裡、日南、大甲等火車站。,,http://www.ldvs.mlc.edu.tw；https://citybus-free.taichung.gov.tw/driving-map?route=97；https://citybus-free.taichung.gov.tw/driving-map?route=181,
44,054308,苗栗縣立三義高級中學,公立,中投區免試入學日間部,高中,不限,苗栗縣,三義鄉,苗栗縣三義鄉廣盛村11鄰122號,https://sjh.mlc.edu.tw,037-872015#201,普通科:5(不限)；餐飲管理科:5(不限)；多媒體設計科:9(不限),,19,,,115學年度中投區高級中等學校免試入學委員會「招生名額查詢」；一般生實際招生名額；擷取時間：2026/8/10 16:44:26,普通科、餐飲管理科、多媒體設計科並設；校方另有高中課程計畫，固定特色班依當年度公告。,依校方科別與課程計畫，重點包含普通／綜高的學科加深加廣、多元選修與生涯探索；餐旅、家政與照顧服務的情境實作及證照；視覺／空間／多媒體／表演創作與作品集、展演，並銜接升學或就業。,校方公告115學年校車路線；另可依官網學校位置規劃到校，路線與停靠站以當期公告為準。,,https://sjh.mlc.edu.tw；https://sjh.mlc.edu.tw/WebMap/Index.php,
45,054309,苗栗縣立苑裡高級中學,公立,中投區免試入學日間部,高中,不限,苗栗縣,苑裡鎮,苗栗縣苑裡鎮客庄里新興路19號,https://yljh.mlc.edu.tw,037-857042#213,普通科:57(不限)；商業經營科:13(不限)；廣告設計科:13(不限),,83,,,115學年度中投區高級中等學校免試入學委員會「招生名額查詢」；一般生實際招生名額；擷取時間：2026/8/10 16:44:26,高中部設體育班，並推動數理實驗課程班；普通科、商業經營科、廣告設計科多軌發展。,依校方科別與課程計畫，重點包含普通／綜高的學科加深加廣、多元選修與生涯探索；商業管理、會計、數位應用與電商實務；視覺／空間／多媒體／表演創作與作品集、展演，並銜接升學或就業。,臺鐵苑裡站下車，沿為公路、新興路步行約10至15分鐘；也可搭97、616、662、839至國立苑裡高中站，再步行至新興路校區。,,https://yljh.mlc.edu.tw；https://yljh.mlc.edu.tw/WebLink/Page.php?ID=3；https://yljh.mlc.edu.tw/WebLink/Page.php?ID=1128；https://citybus-free.taichung.gov.tw/driving-map?route=839；https://citybus-free.taichung.gov.tw/,
4,060322,國立中興大學附屬高級中學,公立,中投區免試入學日間部,高中,不限,臺中市,大里區,臺中市大里區東榮路369號,https://www.dali.tc.edu.tw,04-24875199#321,普通科:454(不限),,454,4A1B10+作文5級分,113,115學年度中投區高級中等學校免試入學委員會「招生名額查詢」；一般生實際招生名額；擷取時間：2026/8/10 16:44:26,數理資優班、創意科學實驗班；新生特色班級依校方當年度遴選公告辦理。,普通型高中學科加深加廣，搭配專題研究、多元選修、自主學習；數理資優與創意科學實驗班強化探究實作。,可搭39、158至國立興大附中站；53至側門，亦可於仁愛醫院周邊站下車步行。,,https://www.dali.tc.edu.tw；https://www.dali.tc.edu.tw/introduction；https://www.dali.tc.edu.tw/ischool/publish_page/46/?cid=1232,
3,060323,國立中科實驗高級中學,公立,中投區免試入學日間部,高中,不限,臺中市,大雅區,臺中市大雅區平和路227號,https://www.nehs.tc.edu.tw,04-25686850#1220,普通科:76(不限),,76,5A4+作文4級分 國A+數A++,113,115學年度中投區高級中等學校免試入學委員會「招生名額查詢」；一般生實際招生名額；擷取時間：2026/8/10 16:44:26,高中部設數理實驗班；課程以專題研究、小論文、科展與PBL成果發表為特色。,以研究法、PBL、自然領域專題、小論文與科展為重點，並融入雙語與園區科技資源。,可搭45延、45延1至中科實驗高中(平和路)；另可搭6、69、500至忠義里(中科實驗高中)站。,,https://www.nehs.tc.edu.tw；https://www.nehs.tc.edu.tw/%E9%97%9C%E6%96%BC%E4%B8%AD%E7%A7%91%E5%AF%A6%E4%B8%AD/；https://www.nehs.tc.edu.tw/2026/06/30/%E3%80%90%E5%85%AC%E5%91%8A%E3%80%91%E6%9C%AC%E6%A0%A1115%E5%AD%B8%E5%B9%B4%E5%BA%A6%E9%AB%98%E4%B8%AD%E9%83%A8%E5%85%A5%E5%AD%B8%E6%96%B0%E7%94%9F%E7%94%B3%E8%AB%8B%E9%81%B4%E9%81%B8%E6%95%B8/；https://citybus-free.taichung.gov.tw/driving-map?route=5001；https://citybus-free.taichung.gov.tw/,
51,061301,常春藤學校財團法人臺中市常春藤高級中學,私立,中投區免試入學日間部,高中,不限,臺中市,潭子區,臺中市潭子區潭興路一段165巷320號,https://www.ivyjhs.tc.edu.tw,04-25395066#114,普通科:191(不限),,191,,,115學年度中投區高級中等學校免試入學委員會「招生名額查詢」；一般生實際招生名額；擷取時間：2026/8/10 16:44:26,官網可見哈克尼斯國際實驗教育移地教學等活動；未見固定資優班招生，班別以當年度公告為準。,依校方科別與課程計畫，重點包含普通／綜高的學科加深加廣、多元選修與生涯探索，並銜接升學或就業。,校方官網提供校車路線圖；停靠站與時間依學期公告。,,https://www.ivyjhs.tc.edu.tw,
68,061306,臺中市明台高級中學,私立,中投區免試入學日間部,高中,不限,臺中市,霧峰區,臺中市霧峰區萊園路91號,https://www.mths.tc.edu.tw,04-23393071#210、211,資料處理科:87(不限)；觀光事業科:83(不限)；餐飲管理科:82(不限)；幼兒保育科:43(不限)；美容科:42(不限)；室內設計科:86(不限),,423,,,115學年度中投區高級中等學校免試入學委員會「招生名額查詢」；一般生實際招生名額；擷取時間：2026/8/10 16:44:26,以餐旅、設計、美容、幼保、資料處理等專業科別為特色；另有實用技能科別，無固定資優班公告。,依校方科別與課程計畫，重點包含商業管理、會計、數位應用與電商實務；餐旅、家政與照顧服務的情境實作及證照；視覺／空間／多媒體／表演創作與作品集、展演，並銜接升學或就業。,有學生校車；公車可搭50、59、107、200、243、281、291等至霧峰郵局(明台高中)，或搭291至明台高中站。,,https://www.mths.tc.edu.tw；https://www.mths.tc.edu.tw/GeneralServices；https://citybus-free.taichung.gov.tw/driving-map?route=291；https://citybus-free.taichung.gov.tw/,
61,061309,臺中市私立致用高級中學,私立,中投區免試入學日間部,高中,不限,臺中市,大甲區,臺中市大甲區甲東路512號,https://www.cycivs.tc.edu.tw,04-26872354#311、312,普通科:40(不限)；機械科:65(不限)；汽車科:64(不限)；資訊科:80(不限)；資料處理科:40(不限)；餐飲管理科:39(不限)；美容科:63(不限)；照顧服務科(產特):25(不限),,416,4B1C3+,112,115學年度中投區高級中等學校免試入學委員會「招生名額查詢」；一般生實際招生名額；擷取時間：2026/8/10 16:44:26,照顧服務科為產業特殊需求類科；另有國立大學／國立科大升學輔導班、建教合作班與實用技能學程。,依校方科別與課程計畫，重點包含普通／綜高的學科加深加廣、多元選修與生涯探索；工業與資電的專業實習、專題及技術士證照；商業管理、會計、數位應用與電商實務；餐旅、家政與照顧服務的情境實作及證照，並銜接升學或就業。,可搭661由大甲車站直達致用高中站；亦可先搭臺鐵至大甲站，再轉661。校方另有學生專車。,,https://www.cycivs.tc.edu.tw；https://www.cycivs.tc.edu.tw/ischool/publish_page/0/?cid=698；https://www.cycivs.tc.edu.tw/ischool/publish_page/0/?cid=1776；https://citybus-free.taichung.gov.tw/driving-map?route=661；https://citybus-free.taichung.gov.tw/,
53,061310,永誠學校財團法人臺中市大明高級中等學校,私立,中投區免試入學日間部,高中,不限,臺中市,大里區,臺中市潭子區潭興路一段168號,https://www.tmsh.tc.edu.tw,04-25391800#202,普通科:90(不限)；美工科:65(不限)；廣告設計科:65(不限)；多媒體動畫科:65(不限),,285,,,115學年度中投區高級中等學校免試入學委員會「招生名額查詢」；一般生實際招生名額；擷取時間：2026/8/10 16:44:26,美工、廣告設計、多媒體動畫等藝術設計特色科，並辦理藝術類特色招生；普通科班別依年度公告。,依校方科別與課程計畫，重點包含普通／綜高的學科加深加廣、多元選修與生涯探索；視覺／空間／多媒體／表演創作與作品集、展演，並銜接升學或就業。,有學生校車；可搭20、123、920至翔仁社區(大明高中)，或20、123、202、203、920、921至潭子聯合辦公大樓後步行約2分鐘。,,https://www.tmsh.tc.edu.tw；https://www.tmsh.tc.edu.tw/about/14/；https://citybus-free.taichung.gov.tw/driving-map?route=123；https://citybus-free.taichung.gov.tw/,
58,061313,臺中市私立明道高級中學,私立,中投區免試入學日間部,高中,不限,臺中市,烏日區,臺中市烏日區中山路一段497號,https://www.mingdao.edu.tw,04-23341115,普通科:111(不限)；資訊科:69(不限)；電子科:69(不限)；美工科:44(不限)；商業經營科:128(不限)；廣告設計科:86(不限)；觀光事業科:27(不限)；餐飲管理科:86(不限)；應用英語科:49(不限),,669,3A2B8+ 作 文 4,113,115學年度中投區高級中等學校免試入學委員會「招生名額查詢」；一般生實際招生名額；擷取時間：2026/8/10 16:44:26,普通高中、技高與國際教育多軌；設數理實驗等學習方案，並有完整校內外課程、社團與升學支持。,依校方科別與課程計畫，重點包含普通／綜高的學科加深加廣、多元選修與生涯探索；工業與資電的專業實習、專題及技術士證照；商業管理、會計、數位應用與電商實務；餐旅、家政與照顧服務的情境實作及證照；視覺／空間／多媒體／表演創作與作品集、展演；應用外語溝通、檢定與職場語言，並銜接升學或就業。,校車涵蓋臺中市區、海線、山線、彰化、員林與南投；115學年度約74線，另有課後與晚自習班車。,,https://www.mingdao.edu.tw,
54,061314,臺中市私立僑泰高級中學,私立,中投區免試入學日間部,高中,不限,臺中市,大里區,臺中市大里區樹王路342號,https://www.ctas.tc.edu.tw,04-24063936#117,普通科:302(不限)；機械科:71(不限)；汽車科:64(不限)；資訊科:32(不限)；電子科:75(不限)；商業經營科:75(不限)；廣告設計科:32(不限)；觀光事業科:32(不限)；餐飲管理科:98(不限)；多媒體設計科:70(不限)；應用英語科:32(不限)；應用日語科:32(不限)；幼兒保育科:31(不限)；美容科:72(不限)；室內設計科:60(不限),,1078,83-93 (28-88),110,115學年度中投區高級中等學校免試入學委員會「招生名額查詢」；一般生實際招生名額；擷取時間：2026/8/10 16:44:26,高中部官網列醫科班、台清交成班、國立大學班、雙語國際班；技高另有多科專業與實用技能班。,依校方科別與課程計畫，重點包含普通／綜高的學科加深加廣、多元選修與生涯探索；工業與資電的專業實習、專題及技術士證照；商業管理、會計、數位應用與電商實務；餐旅、家政與照顧服務的情境實作及證照；視覺／空間／多媒體／表演創作與作品集、展演；應用外語溝通、檢定與職場語言，並銜接升學或就業。,有學生校車；可搭33至僑泰中學(美村南路)，或281至僑泰中學(高工路)，下車後步行至樹王路校區。,,https://www.ctas.tc.edu.tw；https://bak.ctas.tc.edu.tw/home?cid=3818；https://citybus-free.taichung.gov.tw/driving-map?goback=2&route=33；https://citybus-free.taichung.gov.tw/driving-map?route=281；https://citybus-free.taichung.gov.tw/,
24,061315,臺中市華盛頓高級中學,私立,中投區免試入學日間部,高中,不限,臺中市,太平區,臺中市太平區廍仔坑路26號,https://www.whs.tc.edu.tw,04-23934712#113、116,普通科:237(不限),,237,,,115學年度中投區高級中等學校免試入學委員會「招生名額查詢」；一般生實際招生名額；擷取時間：2026/8/10 16:44:26,寰宇雙語實驗班、國際雙聯課程、IBDP／AP等國際課程；班別與收費依當年度招生公告。,普通高中課程外，提供AP、IBDP、國際雙聯及STEAM、VEX機器人、Computer Science、Business等選修。,可搭15、85、163、246等公車至校區周邊；校方另有平日、週六與假日校車路線。,,https://www.whs.tc.edu.tw；https://www.whs.tc.edu.tw/henrollment/；https://www.whs.tc.edu.tw/portal/index.php/accommodation/generalaffairs/schoolbus,
41,061316,臺中市青年高級中學,私立,中投區免試入學日間部,高中,不限,臺中市,大里區,臺中市大里區中湖路100號,https://www.youth.tc.edu.tw,04-24963333#212,綜合高中:134(不限)；汽車科:44(不限)；資訊科:45(不限)；餐飲管理科:44(不限)；美容科:88(不限)；音樂科:45(不限)；表演藝術科:131(不限)；多媒體動畫科:132(不限),,663,,,115學年度中投區高級中等學校免試入學委員會「招生名額查詢」；一般生實際招生名額；擷取時間：2026/8/10 16:44:26,音樂科、表演藝術科、多媒體動畫科（含電競專長），綜高另有藥護、體育專長等學程。,綜高兼顧學術自然／社會探索；技職課程聚焦汽車、資訊、餐飲、美容、音樂、表演藝術與多媒體動畫實作。,有學生校車；公車可搭23、132、200至青年高中站，23可銜接大里與市區，200可由臺中車站方向到校。,,https://www.youth.tc.edu.tw；https://newstu.gm.youth.tc.edu.tw/applydpt；https://newstu.gm.youth.tc.edu.tw/freshman/schoolbus；https://citybus-free.taichung.gov.tw/driving-map?goback=2&route=23；https://citybus-free.taichung.gov.tw/,
56,061317,臺中市私立弘文高級中學,私立,中投區免試入學日間部,高中,不限,臺中市,潭子區,臺中市潭子區弘文街100號,https://www.hwhs.tc.edu.tw,04-25340011#118,普通科:392(不限),,392,,,115學年度中投區高級中等學校免試入學委員會「招生名額查詢」；一般生實際招生名額；擷取時間：2026/8/10 16:44:26,普通科以多元選修、自主學習、議題研究與ESL／國際課程資源為特色；未見固定資優班招生公告。,依校方科別與課程計畫，重點包含普通／綜高的學科加深加廣、多元選修與生涯探索，並銜接升學或就業。,校方設校車申請系統與交通資訊頁；路線、停靠站及費用依學期公告。,,https://www.hwhs.tc.edu.tw；https://www.hwhs.tc.edu.tw/home,
60,061318,臺中市私立立人高級中學,私立,中投區免試入學日間部,高中,不限,臺中市,大里區,臺中市大里區中興路二段380號,https://www.lzsh.tc.edu.tw,04-24834138#511~514,普通科:660(不限),,660,87-91 (40-73),110,115學年度中投區高級中等學校免試入學委員會「招生名額查詢」；一般生實際招生名額；擷取時間：2026/8/10 16:44:26,設菁英班，依新生測驗與校方編班規定辦理；實際名額與測驗方式依當年度公告。,依校方科別與課程計畫，重點包含普通／綜高的學科加深加廣、多元選修與生涯探索，並銜接升學或就業。,校方提供數字線平日專車及課後兩階段放學專車；路線、站點與費用依每學期公告。,,https://www.lzsh.tc.edu.tw；https://www.lzsh.tc.edu.tw/p/406-1000-5170%2Cr12.php?Lang=zh-tw；https://www.lzsh.tc.edu.tw/p/406-1000-4571%2Cr14.php?Lang=zh-tw,
69,061319,臺中市私立玉山高級中學,私立,中投區免試入學日間部,高中,不限,臺中市,東勢區,臺中市東勢區東崎路四段399號,https://www.yssh.tc.edu.tw,04-25771313#103,觀光事業科:42(不限)；餐飲管理科:42(不限)；照顧服務科(產特):42(不限),,126,,,115學年度中投區高級中等學校免試入學委員會「招生名額查詢」；一般生實際招生名額；擷取時間：2026/8/10 16:44:26,照顧服務科為產業特殊需求類科；另以餐飲、觀光專業實作及證照輔導為特色。,依校方科別與課程計畫，重點包含餐旅、家政與照顧服務的情境實作及證照，並銜接升學或就業。,有學生校車；學校位於東勢青龍崗，先到東勢轉運站後可轉校車或接送至東崎路校區。校方學生規範亦列有住校方式。,可申請住校；官網學生規範列有住校通學方式。,https://www.yssh.tc.edu.tw；https://www.yssh.tc.edu.tw/introduce/html/index7.htm,
67,061321,慈明學校財團法人臺中市慈明高級中等學校,私立,中投區免試入學日間部,高中,不限,臺中市,太平區,臺中市太平區光德路388號,https://www.tmhs.tc.edu.tw,04-22713911#102,資訊科:43(不限)；餐飲管理科:41(不限)；電子商務科:43(不限)；照顧服務科(產特):43(不限),,170,,,115學年度中投區高級中等學校免試入學委員會「招生名額查詢」；一般生實際招生名額；擷取時間：2026/8/10 16:44:26,照顧服務科為產特；另發展電子商務電競、資電AI、長照產學等特色課程。,資訊科發展AI應用；電子商務科融入直播與電競；餐飲與照服強調實務、證照、產學合作及第二外語。,有學生校車；可搭3、7、41、249、280、284、286、291至光隆、七星或慈明高中站，再步行到校。,有男女學生宿舍，可申請住宿。,https://www.tmhs.tc.edu.tw；https://www.gapp.tmhs.tc.edu.tw/%E8%AA%8D%E8%AD%98%E6%85%88%E6%98%8E/%E8%91%A3%E4%BA%8B%E9%95%B7-%E5%B8%B8%E9%9C%B2%E4%B8%8A%E4%BA%BA；https://www.gapp.tmhs.tc.edu.tw/%E8%B3%87%E8%A8%8A%E6%9C%8D%E5%8B%99/%E6%A0%A1%E8%BB%8A%E5%85%AC%E8%BB%8A%E8%B7%AF%E7%B7%9A%E8%B3%87%E8%A8%8A；https://citybus-free.taichung.gov.tw/driving-map?route=291；https://citybus-free.taichung.gov.tw/,
94,061B11,嘉陽學校財團法人臺中市嘉陽高級中學進修部,私立,中投區免試入學進修部,高中,不限,臺中市,清水區,臺中市清水區中航路三段1號,https://www.cysh.tc.edu.tw,04-26152166# 2221,餐飲管理科(夜間班):120(不限),,120,,,115學年度中投區高級中等學校免試入學委員會「招生名額查詢」；一般生實際招生名額；擷取時間：2026/8/10 16:44:26,進修部依當年度核定科別開班；本次查閱官網未見另設固定資優班，實際班別以進修部公告為準。,依校方科別與課程計畫，重點包含餐旅、家政與照顧服務的情境實作及證照，並銜接升學或就業。,可搭162由沙鹿車站直達嘉陽高中；182、185也停嘉陽高中，並可銜接豐原、神岡、臺中國際機場與清水。 進修部晚間返程可使用上述公共運輸；請依實際下課時間核對末班車，日校學生專車不一定等同夜間班車。,,https://www.cysh.tc.edu.tw；https://citybus-free.taichung.gov.tw/driving-map?route=162；https://citybus-free.taichung.gov.tw/driving-map?route=182；https://citybus-free.taichung.gov.tw/,
93,061B14,臺中市私立僑泰高級中學進修部,私立,中投區免試入學進修部,高中,不限,臺中市,大里區,臺中市大里區樹王路342號,https://www.ctas.tc.edu.tw,04-24063936#152,汽車科(夜間班):40(不限)；觀光事業科(夜間班):40(不限)；餐飲管理科(夜間班):80(不限)；美容科(夜間班):80(不限)；流行服飾科(夜間班):40(不限),,280,83-93 (28-88),110,115學年度中投區高級中等學校免試入學委員會「招生名額查詢」；一般生實際招生名額；擷取時間：2026/8/10 16:44:26,進修部依當年度核定科別開班；本次查閱官網未見另設固定資優班，實際班別以進修部公告為準。,依校方科別與課程計畫，重點包含工業與資電的專業實習、專題及技術士證照；餐旅、家政與照顧服務的情境實作及證照；視覺／空間／多媒體／表演創作與作品集、展演，並銜接升學或就業。,有學生校車；可搭33至僑泰中學(美村南路)，或281至僑泰中學(高工路)，下車後步行至樹王路校區。 進修部晚間返程可使用上述公共運輸；請依實際下課時間核對末班車，日校學生專車不一定等同夜間班車。,,https://www.ctas.tc.edu.tw；https://citybus-free.taichung.gov.tw/driving-map?goback=2&route=33；https://citybus-free.taichung.gov.tw/driving-map?route=281；https://citybus-free.taichung.gov.tw/,
90,061B16,臺中市私立青年高級中學進修部,私立,中投區免試入學進修部,高中,不限,臺中市,大里區,臺中市大里區中湖路100號,https://www.youth.tc.edu.tw,04-24963333#212,餐飲管理科(日間班):40(不限)；餐飲管理科(夜間班):40(不限)；美容科(日間班):40(不限)；照顧服務科(產特)(夜間班):40(不限),,160,,,115學年度中投區高級中等學校免試入學委員會「招生名額查詢」；一般生實際招生名額；擷取時間：2026/8/10 16:44:26,進修部設照顧服務科(夜間班)產業特殊需求類科；其餘依核定夜間／日間班辦理，未另設資優班。,依校方科別與課程計畫，重點包含餐旅、家政與照顧服務的情境實作及證照，並銜接升學或就業。,有學生校車；公車可搭23、132、200至青年高中站，23可銜接大里與市區，200可由臺中車站方向到校。 進修部晚間返程可使用上述公共運輸；請依實際下課時間核對末班車，日校學生專車不一定等同夜間班車。,,https://www.youth.tc.edu.tw；https://newstu.gm.youth.tc.edu.tw/freshman/schoolbus；https://citybus-free.taichung.gov.tw/driving-map?goback=2&route=23；https://citybus-free.taichung.gov.tw/,
96,061B19,臺中市私立玉山高級中學進修部,私立,中投區免試入學進修部,高中,不限,臺中市,東勢區,臺中市東勢區東崎路四段399號,https://www.yssh.tc.edu.tw,04-25771313#103,資料處理科(夜間班):10(不限)；餐飲管理科(夜間班):20(不限)；美容科(夜間班):10(不限)；照顧服務科(產特)(夜間班):20(不限),,60,,,115學年度中投區高級中等學校免試入學委員會「招生名額查詢」；一般生實際招生名額；擷取時間：2026/8/10 16:44:26,進修部設照顧服務科(夜間班)產業特殊需求類科；其餘依核定夜間／日間班辦理，未另設資優班。,依校方科別與課程計畫，重點包含商業管理、會計、數位應用與電商實務；餐旅、家政與照顧服務的情境實作及證照，並銜接升學或就業。,有學生校車；學校位於東勢青龍崗，先到東勢轉運站後可轉校車或接送至東崎路校區。校方學生規範亦列有住校方式。 進修部晚間返程可使用上述公共運輸；請依實際下課時間核對末班車，日校學生專車不一定等同夜間班車。,可申請住校；官網學生規範列有住校通學方式。,https://www.yssh.tc.edu.tw；https://www.yssh.tc.edu.tw/introduce/html/index7.htm,
95,061B21,臺中市私立慈明高級中學進修部,私立,中投區免試入學進修部,高中,不限,臺中市,太平區,臺中市太平區光德路388號,https://www.gapp.tmhs.tc.edu.tw,04-22713911#501~503,餐飲管理科(夜間班):80(不限),,80,,,115學年度中投區高級中等學校免試入學委員會「招生名額查詢」；一般生實際招生名額；擷取時間：2026/8/10 16:44:26,進修部依當年度核定科別開班；本次查閱官網未見另設固定資優班，實際班別以進修部公告為準。,依校方科別與課程計畫，重點包含餐旅、家政與照顧服務的情境實作及證照，並銜接升學或就業。,有學生校車；可搭3、7、41、249、280、284、286、291至光隆、七星或慈明高中站，再步行到校。 進修部晚間返程可使用上述公共運輸；請依實際下課時間核對末班車，日校學生專車不一定等同夜間班車。,有男女學生宿舍，可申請住宿。,https://www.gapp.tmhs.tc.edu.tw；https://www.gapp.tmhs.tc.edu.tw/%E8%B3%87%E8%A8%8A%E6%9C%8D%E5%8B%99/%E6%A0%A1%E8%BB%8A%E5%85%AC%E8%BB%8A%E8%B7%AF%E7%B7%9A%E8%B3%87%E8%A8%8A；https://citybus-free.taichung.gov.tw/driving-map?route=291；https://citybus-free.taichung.gov.tw/,
16,063303,臺中市立大甲高級中等學校,公立,中投區免試入學日間部,高中,不限,臺中市,大甲區,臺中市大甲區中山路一段720號,https://djsh.tc.edu.tw,04-26877165#333,綜合高中:410(不限)；美工科:33(不限),,443,5B2+作文4級分,113,115學年度中投區高級中等學校免試入學委員會「招生名額查詢」；一般生實際招生名額；擷取時間：2026/8/10 16:44:26,設實驗班、體育班及美工科；實驗班甄選與體育班特色招生依當年度校方公告。,依校方科別與課程計畫，重點包含普通／綜高的學科加深加廣、多元選修與生涯探索；視覺／空間／多媒體／表演創作與作品集、展演，並銜接升學或就業。,臺鐵大甲站可轉154、154延、305、662至大甲高中(水源路／中山路)；661亦停大甲高中(水源路)。,,https://djsh.tc.edu.tw；https://citybus-free.taichung.gov.tw/,
12,063305,臺中市立清水高級中等學校,公立,中投區免試入學日間部,高中,不限,臺中市,清水區,臺中市清水區中山路90號,https://cshs.tc.edu.tw,04-26222116 # 231,普通科:452(不限),,452,1A4B6+作文4級分,113,115學年度中投區高級中等學校免試入學委員會「招生名額查詢」；一般生實際招生名額；擷取時間：2026/8/10 16:44:26,本次查閱校方官網未見固定資優班／特色班招生；實際班別與校本特色課程依當年度公告。,依校方科別與課程計畫，重點包含普通／綜高的學科加深加廣、多元選修與生涯探索，並銜接升學或就業。,海線臺鐵清水站步行約10分鐘，或轉303、304、305；多線公車停靠清水高中（中山路／學園街）。,,https://cshs.tc.edu.tw；https://www2.cshs.tc.edu.tw/home?cid=440,
13,063312,臺中市立豐原高級中等學校,公立,中投區免試入學日間部,高中,不限,臺中市,豐原區,臺中市豐原區水源路150號,https://fysh.tc.edu.tw,04-25290381#1121,普通科:470(不限),,470,1A4B5+作文4級分,113,115學年度中投區高級中等學校免試入學委員會「招生名額查詢」；一般生實際招生名額；擷取時間：2026/8/10 16:44:26,本次查閱校方官網未見固定資優班／特色班招生；實際班別與校本特色課程依當年度公告。,依校方科別與課程計畫，重點包含普通／綜高的學科加深加廣、多元選修與生涯探索，並銜接升學或就業。,由豐原火車站可搭12、90、223、700、900至豐原高中站。,,https://fysh.tc.edu.tw；https://fysh.tc.edu.tw/p/412-1075-20477.php?Lang=zh-tw,
39,063401,臺中市立豐原商業高級中等學校,公立,中投區免試入學日間部,技高,不限,臺中市,豐原區,臺中市豐原區圓環南路50號,https://fyvs.tc.edu.tw,04-25283556#212、296,商業經營科:133(不限)；國際貿易科:135(不限)；資料處理科:102(不限)；應用英語科:69(不限),,439,,,115學年度中投區高級中等學校免試入學委員會「招生名額查詢」；一般生實際招生名額；擷取時間：2026/8/10 16:44:26,以商業經營科、國際貿易科、資料處理科、應用英語科多元科別為特色；未見固定資優班公告。,依校方科別與課程計畫，重點包含商業管理、會計、數位應用與電商實務；應用外語溝通、檢定與職場語言，並銜接升學或就業。,可搭202、203、235、900、900繞等直達豐原高商；700、901、956至豐原分局後步行約5分鐘，或由豐原車站騎YouBike約10分鐘。,,https://fyvs.tc.edu.tw；https://fyvs.tc.edu.tw/p/412-1085-4982.php；https://citybus-free.taichung.gov.tw/,
33,063402,臺中市立大甲工業高級中等學校,公立,中投區免試入學日間部,技高,不限,臺中市,大甲區,臺中市大甲區開元路71號,https://tcvs.tc.edu.tw,04-26874132#113、120,機械科:67(不限)；資訊科:33(不限)；電子科:64(不限)；電機科:66(不限)；建築科:64(不限)；製圖科:31(不限),,325,,,115學年度中投區高級中等學校免試入學委員會「招生名額查詢」；一般生實際招生名額；擷取時間：2026/8/10 16:44:26,以機械科、資訊科、電子科、電機科、建築科等多元科別為特色；未見固定資優班公告。,依校方科別與課程計畫，重點包含工業與資電的專業實習、專題及技術士證照，並銜接升學或就業。,可搭95、211、657至大甲高工站；92、154、157、210、213、215、658、811、813可在甲工入口下車。臺鐵大甲站距校約2公里。,,https://tcvs.tc.edu.tw；https://tcvs.tc.edu.tw/p/404-1084-49667.php；https://citybus-free.taichung.gov.tw/,
34,063404,臺中市立東勢工業高級中等學校,公立,中投區免試入學日間部,技高,不限,臺中市,東勢區,臺中市東勢區東關路六段1328號,https://tsvs.tc.edu.tw,04-25872136#103,機械科:66(不限)；汽車科:68(不限)；資訊科:34(不限)；電子科:34(不限)；電機科:67(不限)；建築科:34(不限)；化工科:69(不限)；製圖科:34(不限)；室內空間設計科:34(不限)；家具設計科:34(不限),,474,,,115學年度中投區高級中等學校免試入學委員會「招生名額查詢」；一般生實際招生名額；擷取時間：2026/8/10 16:44:26,以機械科、汽車科、資訊科、電子科、電機科等多元科別為特色；未見固定資優班公告。,依校方科別與課程計畫，重點包含工業與資電的專業實習、專題及技術士證照；視覺／空間／多媒體／表演創作與作品集、展演，並銜接升學或就業。,日校有學生專車；公共運輸可由豐原搭206至新盛里(東勢高工)或東勢高工站。,,https://tsvs.tc.edu.tw；https://tsvs.tc.edu.tw/p/412-1083-7373.php；https://citybus-free.taichung.gov.tw/,
35,063407,臺中市立沙鹿工業高級中等學校,公立,中投區免試入學日間部,技高,不限,臺中市,沙鹿區,臺中市沙鹿區臺灣大道七段823號,https://slvs.tc.edu.tw,04-26621795#203、207,機械科:34(不限)；汽車科:68(不限)；資訊科:33(不限)；電子科:33(不限)；化工科:70(不限)；紡織科(產特):70(不限)；染整科(產特):35(不限)；製圖科:33(不限)；資料處理科:35(不限),,411,5B2+,112,115學年度中投區高級中等學校免試入學委員會「招生名額查詢」；一般生實際招生名額；擷取時間：2026/8/10 16:44:26,紡織科、染整科為產業特殊需求類科；其餘各科以專業實習、證照與升學就業銜接為特色。,依校方科別與課程計畫，重點包含工業與資電的專業實習、專題及技術士證照；商業管理、會計、數位應用與電商實務，並銜接升學或就業。,臺鐵沙鹿站可轉162、353至沙鹿高工(中山路)；128停沙鹿高工(臺灣大道)，另93、95、237、238、677也行經校門周邊。,,https://slvs.tc.edu.tw；https://citybus-free.taichung.gov.tw/,
40,063408,臺中市立霧峰農業工業高級中等學校,公立,中投區免試入學日間部,技高,不限,臺中市,霧峰區,臺中市霧峰區中正路1222號,https://wufai.tc.edu.tw,04-23303118#203,園藝科(產特):35(不限)；食品加工科:34(不限)；機械科:67(不限)；汽車科:34(不限)；電子科:69(不限)；電機科:68(不限)；餐飲管理科:34(不限),,341,,,115學年度中投區高級中等學校免試入學委員會「招生名額查詢」；一般生實際招生名額；擷取時間：2026/8/10 16:44:26,園藝科為產業特殊需求類科；其餘各科以專業實習、證照與升學就業銜接為特色。,依校方科別與課程計畫，重點包含工業與資電的專業實習、專題及技術士證照；農業、園藝、食品或環境實作；餐旅、家政與照顧服務的情境實作及證照，並銜接升學或就業。,可搭50、107、200、243、281、291至霧峰農工站；281可由臺中車站方向直達。,,https://wufai.tc.edu.tw；https://citybus-free.taichung.gov.tw/,
88,063C01,臺中市立豐原商業高級中等學校進修部,公立,中投區免試入學進修部,技高,不限,臺中市,豐原區,臺中市豐原區圓環南路50號,https://fyvs.tc.edu.tw,04-25283556#262,商業經營科(夜間班):19(不限)；資料處理科(夜間班):12(不限),,31,,,115學年度中投區高級中等學校免試入學委員會「招生名額查詢」；一般生實際招生名額；擷取時間：2026/8/10 16:44:26,進修部依當年度核定科別開班；本次查閱官網未見另設固定資優班，實際班別以進修部公告為準。,依校方科別與課程計畫，重點包含商業管理、會計、數位應用與電商實務，並銜接升學或就業。,可搭202、203、235、900、900繞等直達豐原高商；700、901、956至豐原分局後步行約5分鐘，或由豐原車站騎YouBike約10分鐘。 進修部晚間返程可使用上述公共運輸；請依實際下課時間核對末班車，日校學生專車不一定等同夜間班車。,,https://fyvs.tc.edu.tw；https://fyvs.tc.edu.tw/p/412-1085-4982.php；https://citybus-free.taichung.gov.tw/,
84,063C02,臺中市立大甲工業高級中等學校進修部,公立,中投區免試入學進修部,技高,不限,臺中市,大甲區,臺中市大甲區頂店里開元路71號,https://tcvs.tc.edu.tw,04-26874132#502,建築科(夜間班):39(不限),,39,,,115學年度中投區高級中等學校免試入學委員會「招生名額查詢」；一般生實際招生名額；擷取時間：2026/8/10 16:44:26,進修部依當年度核定科別開班；本次查閱官網未見另設固定資優班，實際班別以進修部公告為準。,依校方科別與課程計畫，重點包含工業與資電的專業實習、專題及技術士證照，並銜接升學或就業。,可搭95、211、657至大甲高工站；92、154、157、210、213、215、658、811、813可在甲工入口下車。臺鐵大甲站距校約2公里。 進修部晚間返程可使用上述公共運輸；請依實際下課時間核對末班車，日校學生專車不一定等同夜間班車。,,https://tcvs.tc.edu.tw；https://tcvs.tc.edu.tw/p/404-1084-49667.php；https://citybus-free.taichung.gov.tw/,
85,063C04,臺中市立東勢工業高級中等學校進修部,公立,中投區免試入學進修部,技高,不限,臺中市,東勢區,臺中市東勢區東關路六段1328號,https://tsvs.tc.edu.tw,04-25872136#607,機械科(夜間班):39(不限),,39,,,115學年度中投區高級中等學校免試入學委員會「招生名額查詢」；一般生實際招生名額；擷取時間：2026/8/10 16:44:26,進修部依當年度核定科別開班；本次查閱官網未見另設固定資優班，實際班別以進修部公告為準。,依校方科別與課程計畫，重點包含工業與資電的專業實習、專題及技術士證照，並銜接升學或就業。,日校有學生專車；公共運輸可由豐原搭206至新盛里(東勢高工)或東勢高工站。 進修部晚間返程可使用上述公共運輸；請依實際下課時間核對末班車，日校學生專車不一定等同夜間班車。,,https://tsvs.tc.edu.tw；https://tsvs.tc.edu.tw/p/412-1083-7373.php；https://citybus-free.taichung.gov.tw/,
75,063C07,臺中市立沙鹿工業高級中等學校進修部,公立,中投區免試入學進修部,技高,不限,臺中市,沙鹿區,臺中市沙鹿區臺灣大道七段823號,https://slvs.tc.edu.tw,04-26621795#262,機械科(夜間班):36(不限)；汽車科(夜間班):36(不限)；電子科(夜間班):36(不限)；紡織科(產特)(夜間班):36(不限),,144,5B2+,112,115學年度中投區高級中等學校免試入學委員會「招生名額查詢」；一般生實際招生名額；擷取時間：2026/8/10 16:44:26,進修部設紡織科(夜間班)產業特殊需求類科；其餘依核定夜間／日間班辦理，未另設資優班。,依校方科別與課程計畫，重點包含工業與資電的專業實習、專題及技術士證照，並銜接升學或就業。,臺鐵沙鹿站可轉162、353至沙鹿高工(中山路)；128停沙鹿高工(臺灣大道)，另93、95、237、238、677也行經校門周邊。 進修部晚間返程可使用上述公共運輸；請依實際下課時間核對末班車，日校學生專車不一定等同夜間班車。,,https://slvs.tc.edu.tw；https://citybus-free.taichung.gov.tw/,
89,063C08,臺中市立霧峰農業工業高級中等學校進修部,公立,中投區免試入學進修部,技高,不限,臺中市,霧峰區,臺中市霧峰區中正路1222號,https://wufai.tc.edu.tw,04-23303118#802,食品加工科(夜間班):22(不限)；汽車科(夜間班):22(不限),,44,,,115學年度中投區高級中等學校免試入學委員會「招生名額查詢」；一般生實際招生名額；擷取時間：2026/8/10 16:44:26,進修部依當年度核定科別開班；本次查閱官網未見另設固定資優班，實際班別以進修部公告為準。,依校方科別與課程計畫，重點包含工業與資電的專業實習、專題及技術士證照；農業、園藝、食品或環境實作，並銜接升學或就業。,可搭50、107、200、243、281、291至霧峰農工站；281可由臺中車站方向直達。 進修部晚間返程可使用上述公共運輸；請依實際下課時間核對末班車，日校學生專車不一定等同夜間班車。,,https://wufai.tc.edu.tw；https://citybus-free.taichung.gov.tw/,
18,064308,臺中市立后綜高級中學,公立,中投區免試入學日間部,高中,不限,臺中市,后里區,臺中市后里區三豐路三段968號,https://hzsh.tc.edu.tw,04-25562012#1107,普通科:264(不限),,264,4B1C8+作文3級分,113,115學年度中投區高級中等學校免試入學委員會「招生名額查詢」；一般生實際招生名額；擷取時間：2026/8/10 16:44:26,本次查閱校方官網未見固定資優班／特色班招生；實際班別與校本特色課程依當年度公告。,依校方科別與課程計畫，重點包含普通／綜高的學科加深加廣、多元選修與生涯探索，並銜接升學或就業。,臺鐵后里站下車步行約10至15分鐘，或搭92、155、212、213、215、813至啟明學校站；校方另有學生專車。,,https://hzsh.tc.edu.tw；https://hzsh.tc.edu.tw/p/412-1071-4771.php,
11,064324,臺中市立大里高級中學,公立,中投區免試入學日間部,高中,不限,臺中市,大里區,臺中市大里區國中路365號,https://dlsh.tc.edu.tw,04-24067870#215,普通科:188(不限),,188,2A3B4+作文4級分,113,115學年度中投區高級中等學校免試入學委員會「招生名額查詢」；一般生實際招生名額；擷取時間：2026/8/10 16:44:26,本次查閱校方官網未見固定資優班／特色班招生；實際班別與校本特色課程依當年度公告。,依校方科別與課程計畫，重點包含普通／綜高的學科加深加廣、多元選修與生涯探索，並銜接升學或就業。,可搭23、59、132、283至市立大里高中站，或在大衛路口下車步行到校。,,https://dlsh.tc.edu.tw；https://citybus-free.taichung.gov.tw/,
19,064328,臺中市立新社高級中學,公立,中投區免試入學日間部,高中,不限,臺中市,新社區,臺中市新社區中和街三段國中巷10號,https://sshs.tc.edu.tw,04-25812116#213,普通科:130(不限)；農場經營科(產特):30(不限)；園藝科(產特):29(不限)；商業經營科:33(不限)；資料處理科:30(不限),,252,4B1C3+作文4級分,113,115學年度中投區高級中等學校免試入學委員會「招生名額查詢」；一般生實際招生名額；擷取時間：2026/8/10 16:44:26,體育班（自行車、射擊等專長）；農場經營、園藝為產業特殊需求類科，並發展在地農業特色。,普通科學術探索，農業類科結合園藝、農場實作；校本課程連結新社花海、農業休憩觀光與永續議題。,公車91、265、270、272、276、278、279可至新社高中站，277可至土城站；校方另有學生專車。,,https://sshs.tc.edu.tw；https://sshs.tc.edu.tw/p/426-1069-4.php；https://sshs.tc.edu.tw/p/426-1069-5.php,
14,064336,臺中市立長億高級中學,公立,中投區免試入學日間部,高中,不限,臺中市,太平區,臺中市太平區長億里長億六街1號,https://cyhs.tc.edu.tw,04-22704022#112,普通科:195(不限),,195,1A4B5+作文4級分,113,115學年度中投區高級中等學校免試入學委員會「招生名額查詢」；一般生實際招生名額；擷取時間：2026/8/10 16:44:26,發展國際雙語教育、雙語實驗課程、美術班與體育班，實際招生與編班依年度公告。,依校方科別與課程計畫，重點包含普通／綜高的學科加深加廣、多元選修與生涯探索，並銜接升學或就業。,可搭3、7、249、284至長億高中站；3可銜接東山高中與新烏日車站，7、284可由臺中市區方向到校。,,https://cyhs.tc.edu.tw；https://cyhs.tc.edu.tw/p/412-1072-82.php；https://citybus-free.taichung.gov.tw/,
15,064342,臺中市立中港高級中學,公立,中投區免試入學日間部,高中,不限,臺中市,梧棲區,臺中市梧棲區文昌路400號,https://cgsh.tc.edu.tw,04-26578270#9202,普通科:198(不限),,198,5B7+作文4級分,113,115學年度中投區高級中等學校免試入學委員會「招生名額查詢」；一般生實際招生名額；擷取時間：2026/8/10 16:44:26,本次查閱校方官網未見固定資優班／特色班招生；實際班別與校本特色課程依當年度公告。,依校方科別與課程計畫，重點包含普通／綜高的學科加深加廣、多元選修與生涯探索，並銜接升學或就業。,可搭128、306、307、308、616、677至中港高中(臺灣大道)站；128連結大雅與清水，616可銜接臺中港、苑裡。,,https://cgsh.tc.edu.tw；https://citybus-free.taichung.gov.tw/,
17,064350,臺中市立龍津高級中等學校,公立,中投區免試入學日間部,高中,不限,臺中市,龍井區,臺中市龍井區三港路130號,https://ljjhs.tc.edu.tw,04-26304536#714、710,普通科:118(不限),,118,5B3+作文3級分,113,115學年度中投區高級中等學校免試入學委員會「招生名額查詢」；一般生實際招生名額；擷取時間：2026/8/10 16:44:26,高中部設美術班、體育班；普通班另發展海洋教育、跨域與國際教育課程。,普通型課程結合多元選修、自主學習；發展海洋教育、跨域專題、在地文化與國際交流。,可搭361至龍津高中，路線可銜接龍井火車站、東海與臺中榮總；另可搭105延、675至校區周邊。,,https://ljjhs.tc.edu.tw；https://ljjhs.tc.edu.tw/p/404-1080-43208.php?Lang=zh-tw；https://citybus-free.taichung.gov.tw/,
36,064406,臺中市立神岡工業高級中等學校,公立,中投區免試入學日間部,技高,不限,臺中市,神岡區,臺中市神岡區中山路627號,https://sgihs.tc.edu.tw,04-25623421#612,機械科:59(不限),,59,,,115學年度中投區高級中等學校免試入學委員會「招生名額查詢」；一般生實際招生名額；擷取時間：2026/8/10 16:44:26,本次查閱校方官網未見固定資優班／特色班招生；實際班別與校本特色課程依當年度公告。,依校方科別與課程計畫，重點包含工業與資電的專業實習、專題及技術士證照，並銜接升學或就業。,可搭91、182、185、232至神岡高工站；182、185可由豐原轉運中心前往，校門旁另有YouBike神岡高工站。,,https://sgihs.tc.edu.tw；https://citybus-free.taichung.gov.tw/driving-map?route=182；https://citybus-free.taichung.gov.tw/driving-map?route=185；https://citybus-free.taichung.gov.tw/,
25,064B08,臺中市立后綜高級中學進修部,公立,中投區免試入學進修部,高中,不限,臺中市,后里區,臺中市后里區三豐路三段968號,https://hzsh.tc.edu.tw,04-25562012#3151、3152,普通科(夜間班):25(不限),,25,4B1C8+作文3級分,113,115學年度中投區高級中等學校免試入學委員會「招生名額查詢」；一般生實際招生名額；擷取時間：2026/8/10 16:44:26,進修部依當年度核定科別開班；本次查閱官網未見另設固定資優班，實際班別以進修部公告為準。,依校方科別與課程計畫，重點包含普通／綜高的學科加深加廣、多元選修與生涯探索，並銜接升學或就業。,臺鐵后里站下車步行約10至15分鐘，或搭92、155、212、213、215、813至啟明學校站；校方另有學生專車。 進修部晚間返程可使用上述公共運輸；請依實際下課時間核對末班車，日校學生專車不一定等同夜間班車。,,https://hzsh.tc.edu.tw；https://hzsh.tc.edu.tw/p/412-1071-4771.php,
72,071414,彰化縣私立達德高級商工職業學校,私立,中投區免試入學日間部,技高,不限,彰化縣,田中鎮,彰化縣田中鎮中南路二段277號,https://www.tdvs.chc.edu.tw,04-8753929#108,汽車科:2(不限)；電機科:1(不限)；資料處理科:1(不限)；餐飲管理科:2(不限)；幼兒保育科:2(不限)；美容科:1(不限),,9,,,115學年度中投區高級中等學校免試入學委員會「招生名額查詢」；一般生實際招生名額；擷取時間：2026/8/10 16:44:26,以汽車科、電機科、資料處理科、餐飲管理科、幼兒保育科等多元科別為特色；未見固定資優班公告。,依校方科別與課程計畫，重點包含工業與資電的專業實習、專題及技術士證照；商業管理、會計、數位應用與電商實務；餐旅、家政與照顧服務的情境實作及證照，並銜接升學或就業。,有學生交通車，校方公布26線以上通學路線並提供智慧交通車查詢；也可先搭臺鐵至田中站，再轉學生專車或接送。,,https://www.tdvs.chc.edu.tw；https://www.tdvs.chc.edu.tw/www/dwc021/；https://www.tdvs.chc.edu.tw/www/school_web/aspx/Description.aspx?Uid=Y2ML3SC1,
22,080302,國立南投高級中學,公立,中投區免試入學日間部,高中,不限,南投縣,南投市,南投縣南投市建國路137號,https://www.ntsh.ntct.edu.tw,049-2231175#307、308,普通科:198(不限)；電子科:31(不限)；電機科:32(不限)；建築科:32(不限)；美工科:31(不限)；電腦機械製圖科:31(不限)；電子商務科:32(不限)；應用英語科:33(不限),,420,,,115學年度中投區高級中等學校免試入學委員會「招生名額查詢」；一般生實際招生名額；擷取時間：2026/8/10 16:44:26,設雙語實驗班、音樂班等特色學習；普通科與電子、電機、建築、設計、商管外語類科並行。,普通科與電子、電機、建築、設計、製圖、電商、應英並行；特色含雙語、AI智慧電商與互動機器人實作。,校方公告學生專車與公車資訊；學校無自有校車，曾公告總達學生專車及5路班車，實際班次依當期公告。,,https://www.ntsh.ntct.edu.tw；https://www.ntsh.ntct.edu.tw/home?cid=1289；https://www.ntsh.ntct.edu.tw/ischool/publish_page/18/?cid=3494,
21,080305,國立中興高級中學,公立,中投區免試入學日間部,高中,不限,南投縣,南投市,南投縣南投市中興新村中學路2號,https://www.chsh.ntct.edu.tw,049-2332110#1203、1207,普通科:350(不限),,350,89 (60),110,115學年度中投區高級中等學校免試入學委員會「招生名額查詢」；一般生實際招生名額；擷取時間：2026/8/10 16:44:26,校方設有資優班鑑定暨特色班招生專區；實際班別、名額與鑑定方式依當年度公告。,依校方科別與課程計畫，重點包含普通／綜高的學科加深加廣、多元選修與生涯探索，並銜接升學或就業。,有學生班車與家長接送區；公共運輸可先到南投市或中興新村，再轉南投客運、總達客運至中興高中周邊站點。,,https://www.chsh.ntct.edu.tw；https://www.chsh.ntct.edu.tw/ischool/publish_page/22/?cid=5203,
31,080307,國立竹山高級中學,公立,中投區免試入學日間部,高中,不限,南投縣,竹山鎮,南投縣竹山鎮枋坪巷1-3號,https://www.cshs.ntct.edu.tw,049-2643344#113、114,綜合高中:148(不限)；商業經營科:10(不限)；國際貿易科:18(不限)；資料處理科:26(不限)；廣告設計科:14(不限)；多媒體設計科:13(不限),,229,,,115學年度中投區高級中等學校免試入學委員會「招生名額查詢」；一般生實際招生名額；擷取時間：2026/8/10 16:44:26,官網列實驗班、自然科、社會科、美術班、體育班及商業／設計群等特色學習路徑。,綜高與商業、資處、設計群並行；設計群重視2D／3D造形、作品集、印前製程證照與專題實作。,可搭6188至竹山交流道後轉接送／計程車到校；水里方向可搭6718至竹山市區再轉乘。學校有宿舍，可向生輔組申請。,有學生宿舍，可向生輔組申請。,https://www.cshs.ntct.edu.tw；https://www.cshs.ntct.edu.tw/ischool/publish_page/36/?cid=1095；https://www.cshs.ntct.edu.tw/ischool/publish_page/36/?cid=1079；https://www.cshs.ntct.edu.tw/ischool/widget/main_menu/show.php?id=1222&map=0,
30,080308,國立暨南國際大學附屬高級中學,公立,中投區免試入學日間部,高中,不限,南投縣,埔里鎮,南投縣埔里鎮鐵山路1-6號,https://www.pshs.ntct.edu.tw,049-2913483#202,綜合高中:198(不限)；商業經營科:24(不限)；國際貿易科:26(不限)；資料處理科:27(不限)；電子商務科:23(不限),,298,83 (28),110,115學年度中投區高級中等學校免試入學委員會「招生名額查詢」；一般生實際招生名額；擷取時間：2026/8/10 16:44:26,數理實驗班、語文實驗班；另有綜合高中與商管群專業科別，提供多軌適性選擇。,綜高兼顧學術與生涯試探，商管群聚焦商業、國貿、資料處理、電子商務；強調國際觀、實作創新與科學探究。,由臺中搭全航、國光或南投客運往埔里，在崎下站下車後步行到校；亦可由埔里轉搭台14線公車。,,https://www.pshs.ntct.edu.tw；https://www.pshs.ntct.edu.tw/home?cid=5；https://www.pshs.ntct.edu.tw/home?cid=7,
27,080401,國立仁愛高級農業職業學校,公立,中投區免試入學日間部,技高,不限,南投縣,仁愛鄉,南投縣仁愛鄉大同村山農巷27號,https://www.ravs.ntct.edu.tw,049-2802619#203,農場經營科(產特):18(不限)；園藝科(產特):20(不限)；森林科(產特):19(不限)；空間測繪科(產特):21(不限)；觀光事業科:20(不限)；家政科:16(不限),,114,,,115學年度中投區高級中等學校免試入學委員會「招生名額查詢」；一般生實際招生名額；擷取時間：2026/8/10 16:44:26,農場經營、園藝、森林、空間測繪為產業特殊需求類科，另有觀光與家政專業。,依校方科別與課程計畫，重點包含工業與資電的專業實習、專題及技術士證照；農業、園藝、食品或環境實作；餐旅、家政與照顧服務的情境實作及證照，並銜接升學或就業。,由埔里轉搭6658、6659、6664、6666等往霧社／清境方向班車，在霧社或仁愛高農附近下車；山區遠距學生可申請校內宿舍。,有學生宿舍，可申請住宿。,https://www.ravs.ntct.edu.tw；https://www.ravs.ntct.edu.tw/ischool/widget/main_menu/show.php?id=3254&map=0,
29,080403,國立埔里高級工業職業學校,公立,中投區免試入學日間部,技高,不限,南投縣,埔里鎮,南投縣埔里鎮中山路一段435號,https://www.plvs.ntct.edu.tw,049-2982225#206,機械科:62(不限)；資訊科:22(不限)；電機科:33(不限)；建築科:50(不限)；化工科:29(不限),,196,,,115學年度中投區高級中等學校免試入學委員會「招生名額查詢」；一般生實際招生名額；擷取時間：2026/8/10 16:44:26,以機械科、資訊科、電機科、建築科、化工科多元科別為特色；未見固定資優班公告。,依校方科別與課程計畫，重點包含工業與資電的專業實習、專題及技術士證照，並銜接升學或就業。,由埔里轉運站搭6658、6659、6664等往霧社／清境方向班車，在埔里高工站下車；校內設學生宿舍，可申請住宿。,有學生宿舍，可申請住宿。,https://www.plvs.ntct.edu.tw；https://www.plvs.ntct.edu.tw/ischool/publish_page/11/,
28,080404,國立南投高級商業職業學校,公立,中投區免試入學日間部,技高,不限,南投縣,南投市,南投縣南投市彰南路一段993號,https://www.pntcv.ntct.edu.tw,049-2222269#2207~2209,商業經營科:47(不限)；會計事務科:29(不限)；資料處理科:23(不限)；廣告設計科:31(不限)；觀光事業科:12(不限)；餐飲管理科:30(不限)；電子商務科:29(不限)；應用英語科:26(不限),,227,,,115學年度中投區高級中等學校免試入學委員會「招生名額查詢」；一般生實際招生名額；擷取時間：2026/8/10 16:44:26,以商業經營科、會計事務科、資料處理科、廣告設計科、觀光事業科等多元科別為特色；未見固定資優班公告。,依校方科別與課程計畫，重點包含工業與資電的專業實習、專題及技術士證照；商業管理、會計、數位應用與電商實務；餐旅、家政與照顧服務的情境實作及證照；視覺／空間／多媒體／表演創作與作品集、展演；應用外語溝通、檢定與職場語言，並銜接升學或就業。,有學生專車；公共運輸可先到南投轉運站，再搭彰化客運、總達客運至南投市區，轉乘市區公車或步行到彰南路校區。,,https://www.pntcv.ntct.edu.tw；https://www.pntcv.ntct.edu.tw/,
32,080406,國立草屯高級商工職業學校,公立,中投區免試入學日間部,技高,不限,南投縣,草屯鎮,南投縣草屯鎮芬草路二段736號,https://www.ttvs.ntct.edu.tw,049-2362082#1208、1210,機械科:60(不限)；配管科(產特):29(不限)；商業經營科:128(不限)；會計事務科:65(不限)；資料處理科:64(不限)；應用英語科:31(不限),,377,,,115學年度中投區高級中等學校免試入學委員會「招生名額查詢」；一般生實際招生名額；擷取時間：2026/8/10 16:44:26,配管科為產業特殊需求類科；其餘商管、外語、機械科以技能、證照及專題實作為主。,依校方科別與課程計畫，重點包含工業與資電的專業實習、專題及技術士證照；商業管理、會計、數位應用與電商實務；應用外語溝通、檢定與職場語言，並銜接升學或就業。,有學生專車；由臺中可搭108至草屯方向，或搭往埔里的全航／南投客運在草屯市區下車，再轉接送至芬草路校區。,,https://www.ttvs.ntct.edu.tw；https://www.ttvs.ntct.edu.tw/home?cid=1229；https://www.ttvs.ntct.edu.tw/home?cid=727；https://citybus-free.taichung.gov.tw/,
23,080410,國立水里高級商工職業學校,公立,中投區免試入學日間部,技高,不限,南投縣,水里鄉,南投縣水里鄉南湖路2號,https://www.slvs.ntct.edu.tw,049-2870666#253、254,普通科:26(不限)；資訊科:30(不限)；電機科:24(不限)；商業經營科:29(不限)；觀光事業科:28(不限)；餐飲管理科:16(不限)；應用日語科:27(不限),,180,83 (28),110,115學年度中投區高級中等學校免試入學委員會「招生名額查詢」；一般生實際招生名額；擷取時間：2026/8/10 16:44:26,普通科、體育班與多元技職科並設；特色包含山野教育、水上運動與山水美學校本課程。,普通科與商工餐旅外語並行；校訂山水美學結合山野教育、水上運動、在地社區及國際交流。,臺鐵集集線水里站下車，步行約15至20分鐘至南湖路校區；6333、6667、6702、6718等也到水里火車站，可再步行或接送。,,https://www.slvs.ntct.edu.tw；https://www.slvs.ntct.edu.tw/ischool/publish_page/273/?cid=13338；https://funbus.welcometw.com/estimate；https://citybus-free.taichung.gov.tw/,
77,080B05,國立中興高級中學進修部,公立,中投區免試入學進修部,高中,不限,南投縣,南投市,南投縣南投市中興新村中學路2號,https://www.chsh.ntct.edu.tw,049-2332110#1702,商業經營科(夜間班):38(不限)；資料處理科(夜間班):38(不限),,76,89 (60),110,115學年度中投區高級中等學校免試入學委員會「招生名額查詢」；一般生實際招生名額；擷取時間：2026/8/10 16:44:26,進修部依當年度核定科別開班；本次查閱官網未見另設固定資優班，實際班別以進修部公告為準。,依校方科別與課程計畫，重點包含商業管理、會計、數位應用與電商實務，並銜接升學或就業。,有學生班車與家長接送區；公共運輸可先到南投市或中興新村，再轉南投客運、總達客運至中興高中周邊站點。 進修部晚間返程可使用上述公共運輸；請依實際下課時間核對末班車，日校學生專車不一定等同夜間班車。,,https://www.chsh.ntct.edu.tw,
82,080B07,國立竹山高級中學進修部,公立,中投區免試入學進修部,高中,不限,南投縣,竹山鎮,南投縣竹山鎮枋坪巷1-3號,https://www.cshs.ntct.edu.tw,049-2643344#141,資料處理科(夜間班):14(不限),,14,,,115學年度中投區高級中等學校免試入學委員會「招生名額查詢」；一般生實際招生名額；擷取時間：2026/8/10 16:44:26,進修部依當年度核定科別開班；本次查閱官網未見另設固定資優班，實際班別以進修部公告為準。,依校方科別與課程計畫，重點包含商業管理、會計、數位應用與電商實務，並銜接升學或就業。,可搭6188至竹山交流道後轉接送／計程車到校；水里方向可搭6718至竹山市區再轉乘。學校有宿舍，可向生輔組申請。 進修部晚間返程可使用上述公共運輸；請依實際下課時間核對末班車，日校學生專車不一定等同夜間班車。,有學生宿舍，可向生輔組申請。,https://www.cshs.ntct.edu.tw；https://www.cshs.ntct.edu.tw/ischool/publish_page/36/?cid=1079；https://www.cshs.ntct.edu.tw/ischool/widget/main_menu/show.php?id=1222&map=0,
80,080B08,國立暨南國際大學附屬高級中學進修部,公立,中投區免試入學進修部,高中,不限,南投縣,埔里鎮,南投縣埔里鎮鐵山路1-6號,https://www.pshs.ntct.edu.tw,049-2913483#711,商業經營科(夜間班):18(不限)；資料處理科(夜間班):18(不限),,36,83 (28),110,115學年度中投區高級中等學校免試入學委員會「招生名額查詢」；一般生實際招生名額；擷取時間：2026/8/10 16:44:26,進修部依當年度核定科別開班；本次查閱官網未見另設固定資優班，實際班別以進修部公告為準。,依校方科別與課程計畫，重點包含商業管理、會計、數位應用與電商實務，並銜接升學或就業。,由臺中搭全航、國光或南投客運往埔里，在崎下站下車後步行到校；亦可由埔里轉搭台14線公車。 進修部晚間返程可使用上述公共運輸；請依實際下課時間核對末班車，日校學生專車不一定等同夜間班車。,,https://www.pshs.ntct.edu.tw,
79,080C04,國立南投高級商業職業學校進修部,公立,中投區免試入學進修部,技高,不限,南投縣,南投市,南投縣南投市彰南路一段993號,https://www.pntcv.ntct.edu.tw,049-2222269#2312~2316,商業經營科(夜間班):28(不限)；資料處理科(夜間班):28(不限),,56,,,115學年度中投區高級中等學校免試入學委員會「招生名額查詢」；一般生實際招生名額；擷取時間：2026/8/10 16:44:26,進修部依當年度核定科別開班；本次查閱官網未見另設固定資優班，實際班別以進修部公告為準。,依校方科別與課程計畫，重點包含商業管理、會計、數位應用與電商實務，並銜接升學或就業。,有學生專車；公共運輸可先到南投轉運站，再搭彰化客運、總達客運至南投市區，轉乘市區公車或步行到彰南路校區。 進修部晚間返程可使用上述公共運輸；請依實際下課時間核對末班車，日校學生專車不一定等同夜間班車。,,https://www.pntcv.ntct.edu.tw,
83,080C06,國立草屯高級商工職業學校進修部,公立,中投區免試入學進修部,技高,不限,南投縣,草屯鎮,南投縣草屯鎮芬草路二段736號,https://www.ttvs.ntct.edu.tw,049-2362082#3138、3140,機械科(夜間班):17(不限)；商業經營科(夜間班):17(不限)；資料處理科(夜間班):17(不限),,51,,,115學年度中投區高級中等學校免試入學委員會「招生名額查詢」；一般生實際招生名額；擷取時間：2026/8/10 16:44:26,進修部依當年度核定科別開班；本次查閱官網未見另設固定資優班，實際班別以進修部公告為準。,依校方科別與課程計畫，重點包含工業與資電的專業實習、專題及技術士證照；商業管理、會計、數位應用與電商實務，並銜接升學或就業。,有學生專車；由臺中可搭108至草屯方向，或搭往埔里的全航／南投客運在草屯市區下車，再轉接送至芬草路校區。 進修部晚間返程可使用上述公共運輸；請依實際下課時間核對末班車，日校學生專車不一定等同夜間班車。,,https://www.ttvs.ntct.edu.tw；https://citybus-free.taichung.gov.tw/,
81,080C10,國立水里高級商工職業學校進修部,公立,中投區免試入學進修部,技高,不限,南投縣,水里鄉,南投縣水里鄉南湖路2號,https://www.slvs.ntct.edu.tw,049-2870666#350,餐飲管理科(夜間班):20(不限),,20,83 (28),110,115學年度中投區高級中等學校免試入學委員會「招生名額查詢」；一般生實際招生名額；擷取時間：2026/8/10 16:44:26,普通科、體育班與多元技職科並設；特色包含山野教育、水上運動與山水美學校本課程。,普通科與商工餐旅外語並行；校訂山水美學結合山野教育、水上運動、在地社區及國際交流。,臺鐵集集線水里站下車，步行約15至20分鐘至南湖路校區；6333、6667、6702、6718等也到水里火車站，可再步行或接送。 進修部晚間返程可使用上述公共運輸；請依實際下課時間核對末班車，日校學生專車不一定等同夜間班車。,,https://www.slvs.ntct.edu.tw；https://www.slvs.ntct.edu.tw/ischool/publish_page/273/?cid=13338；https://funbus.welcometw.com/estimate；https://citybus-free.taichung.gov.tw/,
66,081311,南投縣私立五育高級中學,私立,中投區免試入學日間部,高中,不限,南投縣,南投市,南投縣南投市嘉和里樂利路200號,https://www.wu-yu.ntct.edu.tw,049-2246346#204,美容科:34(不限)；照顧服務科(產特):31(不限)；多媒體動畫科:34(不限),,99,,,115學年度中投區高級中等學校免試入學委員會「招生名額查詢」；一般生實際招生名額；擷取時間：2026/8/10 16:44:26,照顧服務科為產特，另有就業導向／建教合作及醫護人才培育等課程方案。,照服課程結合照顧技巧、健康促進、銀髮膳食、多媒體與VR輔助活動；美容、多媒體動畫另重專業實作與證照。,校方公布校車路線表；停靠站、時間及收費依各學年度公告。,,https://www.wu-yu.ntct.edu.tw；https://www.wu-yu.ntct.edu.tw/zh-hant/freshman/schoolbus；https://www.wu-yu.ntct.edu.tw/index.php/zh-hant/spotlight/1326,
46,081312,南投縣私立三育高級中學,私立,中投區免試入學日間部,高中,不限,南投縣,魚池鄉,南投縣魚池鄉魚池村瓊文巷39號,https://www.taa.ntct.edu.tw,049-2897212#112、114,普通科:35(不限)；照顧服務科(產特):41(不限),,76,,,115學年度中投區高級中等學校免試入學委員會「招生名額查詢」；一般生實際招生名額；擷取時間：2026/8/10 16:44:26,美語學程、音樂學程；照顧服務科為產業特殊需求類科。,普通科加強ESL聽說讀寫、分組小班與國際交流；音樂學程含樂器個別課、合奏、樂理，照服科銜接證照與升學。,可搭南投客運6670於三育神學院站下車，再步行約15分鐘；自行開車可由國6愛蘭交流道轉台21線。,有學生宿舍，可向學務處查詢住宿申請。,https://www.taa.ntct.edu.tw；https://www.taa.ntct.edu.tw/ischool/publish_page/159/?cid=4908；https://www.taa.ntct.edu.tw/ischool/publish_page/159/?cid=4913；https://www.taa.ntct.edu.tw/ischool/publish_page/21,
47,081313,南投縣私立弘明實驗高級中等學校,私立,中投區免試入學日間部,高中,不限,南投縣,名間鄉,南投縣名間鄉東湖村大老巷102號,http://www.holdmean.org.tw,049-2731799#714,普通科:33(不限),,33,,,115學年度中投區高級中等學校免試入學委員會「招生名額查詢」；一般生實際招生名額；擷取時間：2026/8/10 16:44:26,實驗教育普通科；校方官網本次無法穩定讀取，未將未核實班名寫入，實際實驗課程依校方最新公告。,依校方科別與課程計畫，重點包含普通／綜高的學科加深加廣、多元選修與生涯探索，並銜接升學或就業。,最近的鐵路據點為臺鐵濁水站；校址在名間鄉大老巷，從車站到校最後一段需由家長接送或計程車，約10至15分鐘車程。,,http://www.holdmean.org.tw,
48,081314,南投縣私立普台高級中學,私立,中投區免試入學日間部,高中,不限,南投縣,埔里鎮,南投縣埔里鎮中台路5號,https://www.ptsh.ntct.edu.tw,049-2932899#11222 11224,普通科:181(不限),,181,,,115學年度中投區高級中等學校免試入學委員會「招生名額查詢」；一般生實際招生名額；擷取時間：2026/8/10 16:44:26,住宿型學校；以國學、書法、靜心、四語教學、音樂與通識活動為特色。,普通高中學科外，融入國學、書法、靜心、四語教學、音樂、通識講座與藝文活動，採住宿型整體學習。,全體住宿，淨空返家與收假日提供交通車，依各縣市中台精舍設站；各次路線與時間依返家信函。,全體學生住宿，返家與收假日另有交通車。,https://www.ptsh.ntct.edu.tw；https://www.ptsh.ntct.edu.tw/ptsh/administrative13-2.php；https://www.ptsh.ntct.edu.tw/ptsh/administrative5-2.php,
49,081409,同德學校財團法人南投縣同德高級中等學校,私立,中投區免試入學日間部,技高,不限,南投縣,草屯鎮,南投縣草屯鎮中正路培英巷8號,https://www.tdhs.ntct.edu.tw,049-2553109#1241,普通科:117(不限)；餐飲管理科:82(不限)；烘焙科:41(不限),,240,,,115學年度中投區高級中等學校免試入學委員會「招生名額查詢」；一般生實際招生名額；擷取時間：2026/8/10 16:44:26,國際文憑課程實驗班（IBDP候選學校資訊以官網最新狀態為準）；另有普通科、餐飲與烘焙專業。,普通科與IB國際課程方向並行；餐飲、烘焙著重實作、證照、專題與產業連結。,有學生校車，校方依各地搭乘需求排路線；若校車站點不合適，學校另有宿舍可申請。公共運輸可先到草屯，再轉接送至中正路校區。,有學生宿舍；校車站點不合適者可向學務處申請。,https://www.tdhs.ntct.edu.tw；https://www.tdhs.ntct.edu.tw/；https://www.tdvs.ntct.edu.tw/list/30/4915,
20,084309,南投縣立旭光高級中學,公立,中投區免試入學日間部,高中,不限,南投縣,草屯鎮,南投縣草屯鎮富寮里中正路568-23號,https://skjhs.ntct.edu.tw,049-2563472#211,普通科:152(不限),,152,85 (37),110,115學年度中投區高級中等學校免試入學委員會「招生名額查詢」；一般生實際招生名額；擷取時間：2026/8/10 16:44:26,設數理語文班與體育班；班別招生依年度簡章。,依校方科別與課程計畫，重點包含普通／綜高的學科加深加廣、多元選修與生涯探索，並銜接升學或就業。,可由臺中搭往埔里的全航／南投客運，在旭光高中站下車；校址位於台14線中潭公路旁。,,https://skjhs.ntct.edu.tw；https://ischool.skjhs.ntct.edu.tw/home?cid=1181；https://ischool.skjhs.ntct.edu.tw/home?cid=918,
73,091318,義峰學校財團法人雲林縣義峰高級中學,私立,中投區免試入學日間部,高中,不限,雲林縣,林內鄉,雲林縣林內鄉烏麻村長源201號,http://www.yfsh.ylc.edu.tw,05-5800099#521、523,餐飲管理科:3(不限)；照顧服務科(產特):3(不限)；多媒體動畫科:3(不限),,9,,,115學年度中投區高級中等學校免試入學委員會「招生名額查詢」；一般生實際招生名額；擷取時間：2026/8/10 16:44:26,照顧服務科為產特；另以餐飲、多媒體動畫等專業實作為特色。,依校方科別與課程計畫，重點包含餐旅、家政與照顧服務的情境實作及證照；視覺／空間／多媒體／表演創作與作品集、展演，並銜接升學或就業。,可搭臺西客運7128（斗六火車站－林內）於義峰高中站下車；也可搭臺鐵至林內站，再轉7128或接送。,,http://www.yfsh.ylc.edu.tw,
26,190406,國立中興大學附屬臺中高級農業職業學校,公立,中投區免試入學日間部,技高,不限,臺中市,東區,臺中市東區台中路283號,https://www.tcavs.tc.edu.tw,04-22810010#202、208、209,農場經營科(產特):63(不限)；園藝科(產特):63(不限)；森林科(產特):31(不限)；食品加工科:62(不限)；畜產保健科(產特):31(不限)；土木科(產特):31(不限)；生物產業機電科:32(不限)；觀光事業科:32(不限)；餐飲管理科:64(不限)；幼兒保育科:32(不限),,441,,,115學年度中投區高級中等學校免試入學委員會「招生名額查詢」；一般生實際招生名額；擷取時間：2026/8/10 16:44:26,農場經營、園藝、森林、畜產保健、土木等為產業特殊需求類科；另設實用技能與體育班。,以農業、食品、畜產、土木、生物產業機電、餐旅與幼保專業實習為主，強調技能檢定、建教合作與務實致用。,臺中車站步行約20分鐘；多線公車停靠興大附農（臺中路）或建成路周邊站。,,https://www.tcavs.tc.edu.tw；https://www.tcavs.tc.edu.tw/1-1.asp?proid=20140403112340&prokid=20140124171855；https://www.tcavs.tc.edu.tw/1-1.asp?proid=20140124173054&prokid=20140124171855,
76,190C06,國立中興大學附屬臺中高級農業職業學校進修部,公立,中投區免試入學進修部,技高,不限,臺中市,東區,臺中市東區台中路283號,https://www.tcavs.tc.edu.tw/night/,04-22810010#702,農場經營科(產特)(夜間班):28(不限)；園藝科(產特)(夜間班):28(不限)；觀光事業科(夜間班):28(不限)；餐飲管理科(夜間班):28(不限),,112,,,115學年度中投區高級中等學校免試入學委員會「招生名額查詢」；一般生實際招生名額；擷取時間：2026/8/10 16:44:26,農場經營、園藝、森林、畜產保健、土木等為產業特殊需求類科；另設實用技能與體育班。,以農業、食品、畜產、土木、生物產業機電、餐旅與幼保專業實習為主，強調技能檢定、建教合作與務實致用。,臺中車站步行約20分鐘；多線公車停靠興大附農（臺中路）或建成路周邊站。,,https://www.tcavs.tc.edu.tw/night/；https://www.tcavs.tc.edu.tw/1-1.asp?proid=20140403112340&prokid=20140124171855；https://www.tcavs.tc.edu.tw/1-1.asp?proid=20140124173054&prokid=20140124171855,
64,191301,財團法人東海大學附屬高級中等學校,私立,中投區免試入學日間部,高中,不限,臺中市,西屯區,臺中市西屯區臺灣大道四段1727號,https://www.hn.thu.edu.tw/index.php,04-23590269#1220,普通科:207(不限),,207,,,115學年度中投區高級中等學校免試入學委員會「招生名額查詢」；一般生實際招生名額；擷取時間：2026/8/10 16:44:26,普通科結合東海大學資源、多元選修與自主學習；官網另設國際教育與AP／SAT、IB測驗資源。,依校方科別與課程計畫，重點包含普通／綜高的學科加深加廣、多元選修與生涯探索，並銜接升學或就業。,位於東海大學校園臺灣大道旁；校方有學生專車，亦可利用臺灣大道公車，路線依當期公告。,,https://www.hn.thu.edu.tw/index.php,
63,191302,葳格學校財團法人臺中市葳格高級中學,私立,中投區免試入學日間部,高中,不限,臺中市,北屯區,臺中市北屯區軍福十八路328號,https://senior.wagor.tc.edu.tw,04-24371728#712,普通科:45(不限)；餐飲管理科:44(不限),,89,87 (49),110,115學年度中投區高級中等學校免試入學委員會「招生名額查詢」；一般生實際招生名額；擷取時間：2026/8/10 16:44:26,國際教育與雙語學習為校本特色；另設餐飲管理科，班別依年度招生公告。,依校方科別與課程計畫，重點包含普通／綜高的學科加深加廣、多元選修與生涯探索；餐旅、家政與照顧服務的情境實作及證照，並銜接升學或就業。,校方公布A／B／C班車、暑輔及週六社團定點專車；路線與時間依學期公告。,,https://senior.wagor.tc.edu.tw；https://senior.wagor.tc.edu.tw/ga/%E6%A0%A1%E8%BB%8A%E6%9C%8D%E5%8B%99,
57,191305,臺中市私立新民高級中學,私立,中投區免試入學日間部,高中,不限,臺中市,北區,臺中市北區健行路111號,https://www.shinmin.tc.edu.tw,04-22334105#6171~6179,普通科:363(不限)；機械科:45(不限)；資訊科:94(不限)；電子科:45(不限)；電機科:90(不限)；機電科:45(不限)；商業經營科:121(不限)；資料處理科:37(不限)；廣告設計科:45(不限)；觀光事業科:79(不限)；多媒體設計科:93(不限)；應用英語科:81(不限)；應用日語科:74(不限)；室內設計科:45(不限)；表演藝術科:27(不限),,1284,87 (44),110,115學年度中投區高級中等學校免試入學委員會「招生名額查詢」；一般生實際招生名額；擷取時間：2026/8/10 16:44:26,普通科與工業、商管、外語、設計、表演藝術等多科並設；另有音樂、雙語等特色課程資源。,依校方科別與課程計畫，重點包含普通／綜高的學科加深加廣、多元選修與生涯探索；工業與資電的專業實習、專題及技術士證照；商業管理、會計、數位應用與電商實務；餐旅、家政與照顧服務的情境實作及證照；視覺／空間／多媒體／表演創作與作品集、展演；應用外語溝通、檢定與職場語言，並銜接升學或就業。,可搭12、12延、700跳蛙至新民高中(崇德路)，或901、901副2至新民高中(三民路)；校方另有學生專車。,,https://www.shinmin.tc.edu.tw；https://www.shinmin.tc.edu.tw/p/404-1000-1307.php；https://citybus-free.taichung.gov.tw/driving-map?route=12；https://citybus-free.taichung.gov.tw/driving-map?route=901；https://citybus-free.taichung.gov.tw/,
50,191308,宜寧學校財團法人臺中市宜寧高級中學,私立,中投區免試入學日間部,高中,不限,臺中市,西屯區,臺中市西屯區東大路一段555號,https://www.inhs.tc.edu.tw,04- 24621800#204,普通科:180(不限)；電機科:88(不限)；資料處理科:89(不限)；觀光事業科:90(不限)；電子商務科:45(不限)；應用日語科:42(不限),,534,,,115學年度中投區高級中等學校免試入學委員會「招生名額查詢」；一般生實際招生名額；擷取時間：2026/8/10 16:44:26,普通科、電機、資處、電商、觀光、應日等多軌；官網另列電競學程與雙語國中部。,依校方科別與課程計畫，重點包含普通／綜高的學科加深加廣、多元選修與生涯探索；工業與資電的專業實習、專題及技術士證照；商業管理、會計、數位應用與電商實務；餐旅、家政與照顧服務的情境實作及證照；應用外語溝通、檢定與職場語言，並銜接升學或就業。,可搭45、63、88、220、355、357至國安社區(宜寧中學)；63、220可由豐原方向到校，357可銜接臺中國際機場。,,https://www.inhs.tc.edu.tw；https://citybus-free.taichung.gov.tw/driving-map?route=88；https://citybus-free.taichung.gov.tw/driving-map?route=355；https://citybus-free.taichung.gov.tw/,
52,191309,明德學校財團法人臺中市明德高級中學,私立,中投區免試入學日間部,高中,不限,臺中市,南區,臺中市南區明德街84號,https://www.mdhs.tc.edu.tw,04-22877676#2,普通科:166(不限)；商業經營科:47(不限)；餐飲管理科:117(不限)；多媒體設計科:45(不限)；幼兒保育科:74(不限)；美容科:117(不限),,566,85-91 (37-71),110,115學年度中投區高級中等學校免試入學委員會「招生名額查詢」；一般生實際招生名額；擷取時間：2026/8/10 16:44:26,普通科與商管、餐飲、多媒體、幼保、美容等職業類科並設；各科依專業實習發展特色。,依校方科別與課程計畫，重點包含普通／綜高的學科加深加廣、多元選修與生涯探索；商業管理、會計、數位應用與電商實務；餐旅、家政與照顧服務的情境實作及證照；視覺／空間／多媒體／表演創作與作品集、展演，並銜接升學或就業。,可搭12、12延、700跳蛙、901、901副2至明德高中(明德街)；12與901可銜接臺中車站。,,https://www.mdhs.tc.edu.tw；https://www.mdhs.tc.edu.tw/d1_1.htm；https://citybus-free.taichung.gov.tw/driving-map?route=12；https://citybus-free.taichung.gov.tw/driving-map?route=901；https://citybus-free.taichung.gov.tw/,
62,191311,臺中市私立衛道高級中學,私立,中投區免試入學日間部,高中,不限,臺中市,北屯區,臺中市北屯區四平路161號,https://www.vtsh.tc.edu.tw,04-22911187# 230,普通科:180(不限),,180,3A2B5+作文4,113,115學年度中投區高級中等學校免試入學委員會「招生名額查詢」；一般生實際招生名額；擷取時間：2026/8/10 16:44:26,普通科以課程計畫、多元選修與校本活動為主；本次查閱官網未見固定資優班招生公告。,依校方科別與課程計畫，重點包含普通／綜高的學科加深加廣、多元選修與生涯探索，並銜接升學或就業。,校方設校專車專區，需先登記再繳費；各線停靠站、座位與費用依學期公告。,,https://www.vtsh.tc.edu.tw；https://www.vtsh.tc.edu.tw/news/%E3%80%90%E6%A0%A1%E5%B0%88%E8%BB%8A%E3%80%91114-1-%E6%A0%A1%E5%B0%88%E8%BB%8A%E8%B2%BB%E7%94%A8%E8%A1%A8/,
59,191313,臺中市私立曉明女子高級中學,私立,中投區免試入學日間部,高中,女生,臺中市,北區,臺中市北區中清路一段606號,https://www.smgsh.tc.edu.tw,04-22921175#131,普通科:137(女生),,137,3A2B5+作文5,113,115學年度中投區高級中等學校免試入學委員會「招生名額查詢」；一般生實際招生名額；擷取時間：2026/8/10 16:44:26,普通科女校；官網未見固定資優班招生資訊，實際特色課程與分組依當年度課程計畫。,依校方科別與課程計畫，重點包含普通／綜高的學科加深加廣、多元選修與生涯探索，並銜接升學或就業。,可搭101、108、154、154延、500等至曉明女中(中清路)；也可搭捷運綠線至文心中清站後轉公車或步行。,,https://www.smgsh.tc.edu.tw；https://citybus-free.taichung.gov.tw/driving-map?route=101；https://citybus-free.taichung.gov.tw/driving-map?route=154；https://citybus-free.taichung.gov.tw/,
55,191314,臺中市私立嶺東高級中學,私立,中投區免試入學日間部,高中,不限,臺中市,南屯區,臺中市南屯區嶺東路2號,https://www.lths.tc.edu.tw,04-23898940#22,普通科:248(不限)；汽車科:77(不限)；資訊科:35(不限)；電子科:32(不限)；建築科:35(不限)；商業經營科:35(不限)；廣告設計科:34(不限)；觀光事業科:78(不限)；餐飲管理科:34(不限)；多媒體設計科:77(不限)；應用英語科:35(不限),,720,85 (33),110,115學年度中投區高級中等學校免試入學委員會「招生名額查詢」；一般生實際招生名額；擷取時間：2026/8/10 16:44:26,普通科與汽車、資電、建築、商管、餐旅、設計及應英等多科；另有實用技能與建教合作課程。,依校方科別與課程計畫，重點包含普通／綜高的學科加深加廣、多元選修與生涯探索；工業與資電的專業實習、專題及技術士證照；商業管理、會計、數位應用與電商實務；餐旅、家政與照顧服務的情境實作及證照；視覺／空間／多媒體／表演創作與作品集、展演；應用外語溝通、檢定與職場語言，並銜接升學或就業。,可搭70、70B、89、357至嶺東高中站；70可銜接高鐵臺中站與市區，357可銜接臺中國際機場。,,https://www.lths.tc.edu.tw；https://citybus-free.taichung.gov.tw/driving-map?route=70；https://citybus-free.taichung.gov.tw/driving-map?route=89；https://citybus-free.taichung.gov.tw/,
65,191412,光華學校財團法人臺中市光華高級工業職業學校,私立,中投區免試入學日間部,技高,不限,臺中市,太平區,臺中市太平區東平路18號,https://www.khvs.tc.edu.tw,04-23949009#1120,機械科:23(不限)；電機科:23(不限)；消防工程科:23(不限),,69,,,115學年度中投區高級中等學校免試入學委員會「招生名額查詢」；一般生實際招生名額；擷取時間：2026/8/10 16:44:26,工業技職特色校，發展電機、機械、消防工程及AIoT跨域實作；本次招生資料未列固定資優班。,依校方科別與課程計畫，重點包含工業與資電的專業實習、專題及技術士證照，並銜接升學或就業。,可搭956直達光華高工(校內)或光華高工站；956可銜接豐原轉運中心、栗林／頭家厝車站與捷運松竹站。,,https://www.khvs.tc.edu.tw；https://www.khvs.tc.edu.tw/faq/；https://citybus-free.taichung.gov.tw/driving-map?route=999；https://citybus-free.taichung.gov.tw/,
91,191B05,臺中市私立新民高級中學進修部,私立,中投區免試入學進修部,高中,不限,臺中市,北區,臺中市北區健行路111號,https://www.shinmin.tc.edu.tw,04-22334105#6167,普通科(日間班):40(不限)；機械科(夜間班):40(不限)；電機科(夜間班):40(不限)；商業經營科(夜間班):40(不限)；觀光事業科(夜間班):40(不限)；多媒體設計科(夜間班):40(不限)；應用英語科(夜間班):40(不限)；應用日語科(夜間班):40(不限),,320,87 (44),110,115學年度中投區高級中等學校免試入學委員會「招生名額查詢」；一般生實際招生名額；擷取時間：2026/8/10 16:44:26,進修部依當年度核定科別開班；本次查閱官網未見另設固定資優班，實際班別以進修部公告為準。,依校方科別與課程計畫，重點包含普通／綜高的學科加深加廣、多元選修與生涯探索；工業與資電的專業實習、專題及技術士證照；商業管理、會計、數位應用與電商實務；餐旅、家政與照顧服務的情境實作及證照；視覺／空間／多媒體／表演創作與作品集、展演；應用外語溝通、檢定與職場語言，並銜接升學或就業。,可搭12、12延、700跳蛙至新民高中(崇德路)，或901、901副2至新民高中(三民路)；校方另有學生專車。 進修部晚間返程可使用上述公共運輸；請依實際下課時間核對末班車，日校學生專車不一定等同夜間班車。,,https://www.shinmin.tc.edu.tw；https://citybus-free.taichung.gov.tw/driving-map?route=12；https://citybus-free.taichung.gov.tw/driving-map?route=901；https://citybus-free.taichung.gov.tw/,
92,191B14,臺中市私立嶺東高級中學進修部,私立,中投區免試入學進修部,高中,不限,臺中市,南屯區,臺中市南屯區嶺東路2號,https://www.lths.tc.edu.tw,04-23898940#52,資訊科(夜間班):40(不限)；商業經營科(夜間班):40(不限)；資料處理科(夜間班):40(不限)；觀光事業科(夜間班):80(不限),,200,85 (33),110,115學年度中投區高級中等學校免試入學委員會「招生名額查詢」；一般生實際招生名額；擷取時間：2026/8/10 16:44:26,普通科與汽車、資電、建築、商管、餐旅、設計及應英等多科；另有實用技能與建教合作課程。,依校方科別與課程計畫，重點包含工業與資電的專業實習、專題及技術士證照；商業管理、會計、數位應用與電商實務；餐旅、家政與照顧服務的情境實作及證照，並銜接升學或就業。,可搭70、70B、89、357至嶺東高中站；70可銜接高鐵臺中站與市區，357可銜接臺中國際機場。 進修部晚間返程可使用上述公共運輸；請依實際下課時間核對末班車，日校學生專車不一定等同夜間班車。,,https://www.lths.tc.edu.tw；https://citybus-free.taichung.gov.tw/driving-map?route=70；https://citybus-free.taichung.gov.tw/driving-map?route=89；https://citybus-free.taichung.gov.tw/,
2,193301,臺中市立臺中女子高級中等學校,公立,中投區免試入學日間部,高中,女校,臺中市,西區,臺中市西區自由路一段95號,https://www.tcgs.tc.edu.tw,04-22205108#203,普通科:613(女生),,613,5A4+作文5級分 國A數英A++,113,115學年度中投區高級中等學校免試入學委員會「招生名額查詢」；一般生實際招生名額；擷取時間：2026/8/10 16:44:26,數理資優班、人文社會資優班、語文資優班、創意科學實驗班；各班依鑑定或校方遴選辦理。,普通型高中加深加廣、多元選修與自主學習；資優班強化數理／人社／語文研究、專題實驗、成果發表與競賽。,由臺中車站可搭154、154延、276、277等至臺中女中站，或從車站步行約15分鐘到自由路校區。,,https://www.tcgs.tc.edu.tw；https://itcgs.tcgs.tc.edu.tw/tcgs?cid=2602；https://citybus-free.taichung.gov.tw/driving-map?route=154；https://citybus-free.taichung.gov.tw/driving-map?route=277；https://citybus-free.taichung.gov.tw/,
1,193302,臺中市立臺中第一高級中等學校,公立,中投區免試入學日間部,高中,男生,臺中市,北區,臺中市北區育才街2號,https://www.tcfsh.tc.edu.tw,04-22226081#203,普通科:795(男生),,795,5A6+作文4級分 國A++,113,115學年度中投區高級中等學校免試入學委員會「招生名額查詢」；一般生實際招生名額；擷取時間：2026/8/10 16:44:26,科學班、數理資優班、語文資優班、美術班；科學班與陽明交通大學合作，班別依各管道甄選。,普通型高中兼顧人文與基礎科學；科學班另設科學專業領域課程，與陽明交大合作授課並可赴大學修課。,可搭12、154、154延、276、277等至臺中一中站；由臺中車站搭車約10至15分鐘。,,https://www.tcfsh.tc.edu.tw；https://tcfsh.tc.edu.tw/p/412-1076-20838.php；https://tcfsh.tc.edu.tw/p/17-1076.php；https://citybus-free.taichung.gov.tw/driving-map?route=154；https://citybus-free.taichung.gov.tw/driving-map?route=277；https://citybus-free.taichung.gov.tw/,
8,193303,臺中市立忠明高級中學,公立,中投區免試入學日間部,高中,不限,臺中市,西區,臺中市西區博館路166號,https://cmsh.tc.edu.tw,04-23224690#712,普通科:244(不限),,244,3A2B3+作文4級分,113,115學年度中投區高級中等學校免試入學委員會「招生名額查詢」；一般生實際招生名額；擷取時間：2026/8/10 16:44:26,高中部雙語實驗班；另有多元課程與升學銜接，實際編班依當年度公告。,普通型高中多元選修與班群課程，雙語實驗班強化雙語沉浸、國際視野與學科整合。,位於博館路，校方課程總體架構載明周邊有多條公車路線；可依官網交通圖及即時公車查詢。,,https://cmsh.tc.edu.tw；https://cmsh.tc.edu.tw/p/406-1065-601460%2Cr2388.php；https://cmsh.tc.edu.tw/p/412-1065-16388.php,
9,193313,臺中市立西苑高級中學,公立,中投區免試入學日間部,高中,不限,臺中市,西屯區,臺中市西屯區漢翔路188號,https://sysh.tc.edu.tw,04-27016473#714,普通科:241(不限),,241,2A3B6+作文4級分,113,115學年度中投區高級中等學校免試入學委員會「招生名額查詢」；一般生實際招生名額；擷取時間：2026/8/10 16:44:26,普通科並發展資訊科技、自主學習與體育專長；固定班別與特色招生依校方年度公告。,依校方科別與課程計畫，重點包含普通／綜高的學科加深加廣、多元選修與生涯探索，並銜接升學或就業。,可搭33、88、355至西苑高中站；33可銜接高鐵臺中站與捷運文華高中站，88可銜接太原車站。,,https://sysh.tc.edu.tw；https://citybus-free.taichung.gov.tw/driving-map?route=33；https://citybus-free.taichung.gov.tw/driving-map?route=355；https://citybus-free.taichung.gov.tw/,
10,193315,臺中市立東山高級中學,公立,中投區免試入學日間部,高中,不限,臺中市,北屯區,臺中市北屯區景賢六路200號,https://tsjh.tc.edu.tw,04-24360166#713,普通科:199(不限),,199,2A3B6+作文4級分,113,115學年度中投區高級中等學校免試入學委員會「招生名額查詢」；一般生實際招生名額；擷取時間：2026/8/10 16:44:26,發展程式設計、創客與科學教育特色；固定特色班別依當年度校方公告。,普通型高中課程結合程式設計、創客、科學探究、跨域教材與自主學習。,可搭3、88、243至東山高中(景賢六路)；243另停太原車站，3可銜接新烏日車站。,,https://tsjh.tc.edu.tw；https://tsjh.tsjh.tc.edu.tw/ischool/publish_page/231/?cid=5031；https://citybus-free.taichung.gov.tw/driving-map?route=3；https://citybus-free.taichung.gov.tw/driving-map?route=243；https://citybus-free.taichung.gov.tw/,
6,193316,臺中市立惠文高級中學,公立,中投區免試入學日間部,高中,不限,臺中市,南屯區,臺中市南屯區公益路二段298號,https://hwsh.tc.edu.tw,04-22503928#721,普通科:294(不限),,294,4A1B4+作文4級分,113,115學年度中投區高級中等學校免試入學委員會「招生名額查詢」；一般生實際招生名額；擷取時間：2026/8/10 16:44:26,國際教育雙語實驗班；另有多元選修、特色活動與國際教育課程。,普通型高中多元選修、自主學習與學習歷程；雙語實驗班及國際教育課程強化跨文化溝通與全球議題。,位於公益路二段，校方提供交通動線圖；可利用市區公車至惠文高中周邊站點，班次依即時資訊。,,https://hwsh.tc.edu.tw；https://hwsh.tc.edu.tw/p/406-1066-452970%2Cr4268.php?Lang=zh-tw,
37,193404,臺中市立臺中家事商業高級中等學校,公立,中投區免試入學日間部,技高,不限,臺中市,東區,臺中市東區和平街50號,https://www.tchcvs.tc.edu.tw,04-22223307#203,商業經營科:131(不限)；國際貿易科:65(不限)；會計事務科:65(不限)；資料處理科:96(不限)；應用英語科:66(不限)；幼兒保育科:62(不限)；流行服飾科:55(不限),,540,,,115學年度中投區高級中等學校免試入學委員會「招生名額查詢」；一般生實際招生名額；擷取時間：2026/8/10 16:44:26,流行服飾科辦理特色招生，另有商管、應英、幼保等專業類科；實際招生科班依年度簡章。,商管、外語、幼保與服飾設計專業並行；重視實習、技能檢定、專題、產學合作，流行服飾強化設計製作與染織。,臺中車站步行約5至10分鐘；也可搭285至臺中家商站，或搭多線公車至臺中車站後步行。,,https://www.tchcvs.tc.edu.tw；https://tchcvs.tc.edu.tw/var/file/87/1087/img/1693/562532240.pdf；https://citybus-free.taichung.gov.tw/driving-map?route=285；https://citybus-free.taichung.gov.tw/,
38,193407,臺中市立臺中工業高級中等學校,公立,中投區免試入學日間部,技高,不限,臺中市,南區,臺中市南區高工路191號,https://www.tcivs.tc.edu.tw,04-22613158#2200,機械科:67(不限)；汽車科:67(不限)；板金科(產特):34(不限)；資訊科:70(不限)；電子科:65(不限)；控制科:66(不限)；電機科:66(不限)；冷凍空調科:67(不限)；建築科:33(不限)；化工科:66(不限)；土木科(產特):32(不限)；圖文傳播科:67(不限)；電腦機械製圖科:69(不限),,769,93 (73-77),110,115學年度中投區高級中等學校免試入學委員會「招生名額查詢」；一般生實際招生名額；擷取時間：2026/8/10 16:44:26,板金、土木為產業特殊需求類科；另有臺中高工×臺科大專班及多元工業專業科。,13個工業類科強調專業實習、技術士證照、專題製作與產學銜接；另有臺科大專班等升學路徑。,可搭33至臺中高工(高工路)；亦可搭臺鐵／捷運至大慶站，再轉公車或步行約15至20分鐘。,,https://www.tcivs.tc.edu.tw；https://tcivs.tc.edu.tw/p/404-1081-465249.php；https://tcivs.tc.edu.tw/p/404-1081-487421.php；https://citybus-free.taichung.gov.tw/driving-map?goback=2&route=33；https://citybus-free.taichung.gov.tw/,
86,193C04,臺中市立臺中家事商業高級中等學校進修部,公立,中投區免試入學進修部,技高,不限,臺中市,東區,臺中市東區和平街50號,https://www.tchcvs.tc.edu.tw,04-22223307#703、713,商業經營科(夜間班):34(不限)；國際貿易科(夜間班):34(不限)；資料處理科(夜間班):34(不限),,102,,,115學年度中投區高級中等學校免試入學委員會「招生名額查詢」；一般生實際招生名額；擷取時間：2026/8/10 16:44:26,流行服飾科辦理特色招生，另有商管、應英、幼保等專業類科；實際招生科班依年度簡章。,商管、外語、幼保與服飾設計專業並行；重視實習、技能檢定、專題、產學合作，流行服飾強化設計製作與染織。,臺中車站步行約5至10分鐘；也可搭285至臺中家商站，或搭多線公車至臺中車站後步行。 進修部晚間返程可使用上述公共運輸；請依實際下課時間核對末班車，日校學生專車不一定等同夜間班車。,,https://www.tchcvs.tc.edu.tw；https://tchcvs.tc.edu.tw/var/file/87/1087/img/1693/562532240.pdf；https://citybus-free.taichung.gov.tw/driving-map?route=285；https://citybus-free.taichung.gov.tw/,
87,193C07,臺中市立臺中工業高級中等學校進修部,公立,中投區免試入學進修部,技高,不限,臺中市,南區,臺中市南區高工路191號,https://www.tcivs.tc.edu.tw,04-22613158#6504,機械科(夜間班):22(不限)；汽車科(夜間班):22(不限)；電機科(夜間班):21(不限)；建築科(夜間班):20(不限),,85,93 (73-77),110,115學年度中投區高級中等學校免試入學委員會「招生名額查詢」；一般生實際招生名額；擷取時間：2026/8/10 16:44:26,板金、土木為產業特殊需求類科；另有臺中高工×臺科大專班及多元工業專業科。,13個工業類科強調專業實習、技術士證照、專題製作與產學銜接；另有臺科大專班等升學路徑。,可搭33至臺中高工(高工路)；亦可搭臺鐵／捷運至大慶站，再轉公車或步行約15至20分鐘。 進修部晚間返程可使用上述公共運輸；請依實際下課時間核對末班車，日校學生專車不一定等同夜間班車。,,https://www.tcivs.tc.edu.tw；https://tcivs.tc.edu.tw/p/404-1081-465249.php；https://tcivs.tc.edu.tw/p/404-1081-487421.php；https://citybus-free.taichung.gov.tw/driving-map?goback=2&route=33；https://citybus-free.taichung.gov.tw/,
7,194303,臺中市立臺中第二高級中等學校,公立,中投區免試入學日間部,高中,不限,臺中市,北區,臺中市北區英士路109號,https://tcssh.tc.edu.tw,04-22021521#1205,普通科:740(不限),,740,3A2B6+作文4,113,115學年度中投區高級中等學校免試入學委員會「招生名額查詢」；一般生實際招生名額；擷取時間：2026/8/10 16:44:26,語文資優班、音樂班；其他特色學習與招生方式依當年度校方公告。,普通型高中多元選修、自主學習與學科加深加廣；語資強化語文與人社研究，音樂班重視個別術科與合奏。,校方設交通資訊頁；位於北區英士路，可搭市區公車至二中／英士路周邊站點，班次依即時資訊。,,https://tcssh.tc.edu.tw；https://tcssh.tc.edu.tw/,
5,194315,臺中市立文華高級中等學校,公立,中投區免試入學日間部,高中,不限,臺中市,西屯區,臺中市西屯區寧夏路240號,https://www.whsh.tc.edu.tw,04-23124000#214,普通科:279(男生)；普通科:369(女生),,648,4A1B7+作文4級分,113,115學年度中投區高級中等學校免試入學委員會「招生名額查詢」；一般生實際招生名額；擷取時間：2026/8/10 16:44:26,數理資優班、語文資優班、舞蹈班；另推動國際教育與多元特色課程。,普通型高中課程結合多元選修、國際教育與自主學習；數理／語文資優強化專題研究，舞蹈班進行專業術科訓練。,校方設交通／電話信箱頁；位於寧夏路，鄰近捷運文華高中站與多線市區公車。,,https://www.whsh.tc.edu.tw；https://whsh.tc.edu.tw/p/412-1078-15338.php；https://whsh.tc.edu.tw/,
