排名,學校代碼,學校名稱,公私立,招生區,學制分類,男女校,縣市,區,地址,官網,電話,科系與名額,簡章招生名額,招生名額,資優班/特色班,課程方向,實習／專題,校車／專車資訊,通勤資訊,住宿資訊,Google地圖,課程資料來源,實習專題資料來源,校車／專車資料來源,通勤資料來源,住宿資料來源,地址資料來源,生活資料來源,資料更新日期
,030305,國立中央大學附屬中壢高中,公立,桃連區日間部,綜高,男女校,桃園市,中壢區,桃園市中壢區三光路115號,http://www.clhs.tyc.edu.tw,(03)4932181,普通科:612；機械科:62；模具科:31；生物產業機電科:62；汽車科:52,819,819,,115學年度普通科課程包含「閱讀理解與表達」、「壢中小大學」、自然科學探究與實作、多元選修與班群深化選修，並提供數理資優等學習路徑。,以自然科學探究與實作、閱讀表達、壢中小大學與自主學習成果為主要專題型學習，學生可依班群延伸研究與成果發表。,有學生專車與交通車。115-1設大湳、大溪、中壢客運總站接駁、南崁、藝文特區、龍潭石門等路線，另有正班公車入校服務。,可由臺鐵中壢站轉乘市區公車；機場捷運A22老街溪站步行約15分鐘，A21環北站步行約21分鐘，校門旁亦有YouBike中壢高中站。,國立中央大學附屬中壢高中目前沒有公開的一般高中職學生固定住宿申請制度資訊。,https://www.google.com/maps/search/?api=1&query=%E5%9C%8B%E7%AB%8B%E4%B8%AD%E5%A4%AE%E5%A4%A7%E5%AD%B8%E9%99%84%E5%B1%AC%E4%B8%AD%E5%A3%A2%E9%AB%98%E4%B8%AD%20%E6%A1%83%E5%9C%92%E5%B8%82%E4%B8%AD%E5%A3%A2%E5%8D%80%E4%B8%89%E5%85%89%E8%B7%AF115%E8%99%9F,https://www.clhs.tyc.edu.tw/ischool/publish_page/536/?cid=13502,https://www.clhs.tyc.edu.tw/ischool/publish_page/536/?cid=13502,https://www.clhs.tyc.edu.tw/ischool/temp/file/A_bWFpbl9tZW51KnVwbG9hZGVyX3VpZCoxNzgxMTQ2NjAxMzM5/6df3998660dd4bb519c2d2ba7f9e08d1.pdf,https://www.clhs.tyc.edu.tw/ischool/temp/file/A_bWFpbl9tZW51KnVwbG9hZGVyX3VpZCoxNzgxMTQ2NjAxMzM5/6df3998660dd4bb519c2d2ba7f9e08d1.pdf,http://www.clhs.tyc.edu.tw,http://www.clhs.tyc.edu.tw,http://www.clhs.tyc.edu.tw,2026-09-08
,030403,國立北科大附屬桃園農工,公立,桃連區日間部,高職,男女校,桃園市,桃園區,桃園市桃園區成功路二段144號,http://www.tyai.tyc.edu.tw,(03)3333921,機械科:62；模具科:31；生物產業機電科:62；汽車科:52；動力機械科:31；電子科:62；電機科:62；化工科:62；農場經營科:26；園藝科:31；畜產保健科:31；進修部：機械科:24；模具科:24；汽車科:24；電子科:24；電機科:24；化工科:24,656,656,,國立北科大附屬桃園農工115學年度課程以機械科、模具科、生物產業機電科、汽車科、動力機械科、電子科、電機科等專業方向為主，各科配置專業核心、實習實作、校訂選修與職涯銜接課程。,國立北科大附屬桃園農工各專業科別依115學年度課程安排專業實作、實習科目與專題製作，透過操作、作品或成果發表整合所學。,國立北科大附屬桃園農工目前沒有公開固定的高中部校車／學生專車路線資訊；一般公共運輸方式另列於「通勤資訊」。,可由臺鐵桃園站轉乘桃園市區公車至國立北科大附屬桃園農工周邊站點，下車後步行到校。,國立北科大附屬桃園農工目前沒有公開的一般高中職學生固定住宿申請制度資訊。,https://www.google.com/maps/search/?api=1&query=%E5%9C%8B%E7%AB%8B%E5%8C%97%E7%A7%91%E5%A4%A7%E9%99%84%E5%B1%AC%E6%A1%83%E5%9C%92%E8%BE%B2%E5%B7%A5%20%E6%A1%83%E5%9C%92%E5%B8%82%E6%A1%83%E5%9C%92%E5%8D%80%E6%88%90%E5%8A%9F%E8%B7%AF%E4%BA%8C%E6%AE%B5144%E8%99%9F,https://www.tyai.tyc.edu.tw/,https://www.tyai.tyc.edu.tw/,http://www.tyai.tyc.edu.tw,https://www.google.com/maps/search/?api=1&query=%E5%9C%8B%E7%AB%8B%E5%8C%97%E7%A7%91%E5%A4%A7%E9%99%84%E5%B1%AC%E6%A1%83%E5%9C%92%E8%BE%B2%E5%B7%A5%20%E6%A1%83%E5%9C%92%E5%B8%82%E6%A1%83%E5%9C%92%E5%8D%80%E6%88%90%E5%8A%9F%E8%B7%AF%E4%BA%8C%E6%AE%B5144%E8%99%9F | https://ebus.tycg.gov.tw/ebus/,http://www.tyai.tyc.edu.tw,http://www.tyai.tyc.edu.tw,http://www.tyai.tyc.edu.tw,2026-09-08
,720301,國立馬祖高中,公立,桃連區日間部,綜高,男女校,連江縣,南竿鄉,連江縣南竿鄉介壽村374號,http://www.mssh.matsu.edu.tw,(0836)25668,綜合高中:33；普通科:135；機械科:29,197,197,,課程兼具普通高中學科、綜合高中探索與機械專業方向，並透過校訂課程、選修及實作學習銜接升學與在地需求。,國立馬祖高中各專業科別依115學年度課程安排專業實作、實習科目與專題製作，透過操作、作品或成果發表整合所學。,國立馬祖高中目前沒有公開固定的高中部校車／學生專車路線資訊；一般公共運輸方式另列於「通勤資訊」。,可利用南竿公車前往介壽地區，於介壽村周邊下車後步行至國立馬祖高中；往返南竿機場可先至介壽轉乘。,國立馬祖高中目前沒有公開的一般高中職學生固定住宿申請制度資訊。,https://www.google.com/maps/search/?api=1&query=%E5%9C%8B%E7%AB%8B%E9%A6%AC%E7%A5%96%E9%AB%98%E4%B8%AD%20%E9%80%A3%E6%B1%9F%E7%B8%A3%E5%8D%97%E7%AB%BF%E9%84%89%E4%BB%8B%E5%A3%BD%E6%9D%91374%E8%99%9F,https://www.mssh.matsu.edu.tw/p/412-1014-2319.php?Lang=zh-tw,https://www.mssh.matsu.edu.tw/p/412-1014-2319.php?Lang=zh-tw,http://www.mssh.matsu.edu.tw,https://www.google.com/maps/search/?api=1&query=%E5%9C%8B%E7%AB%8B%E9%A6%AC%E7%A5%96%E9%AB%98%E4%B8%AD%20%E9%80%A3%E6%B1%9F%E7%B8%A3%E5%8D%97%E7%AB%BF%E9%84%89%E4%BB%8B%E5%A3%BD%E6%9D%91374%E8%99%9F,http://www.mssh.matsu.edu.tw,http://www.mssh.matsu.edu.tw,http://www.mssh.matsu.edu.tw,2026-09-08
,033302,市立龍潭高中,公立,桃連區日間部,高職,男女校,桃園市,龍潭區,桃園市龍潭區神龍路155號,http://www.ltsh.tyc.edu.tw/bin/home.php,(03)4792829,電子科:31；園藝科:29；造園科:28；畜產保健科:31；食品加工科:31；電機科:24,174,174,,市立龍潭高中115學年度課程以電子科、園藝科、造園科、畜產保健科、食品加工科、電機科等專業方向為主，各科配置專業核心、實習實作、校訂選修與職涯銜接課程。,市立龍潭高中各專業科別依115學年度課程安排專業實作、實習科目與專題製作，透過操作、作品或成果發表整合所學。,市立龍潭高中目前沒有公開固定的高中部校車／學生專車路線資訊；一般公共運輸方式另列於「通勤資訊」。,可先到龍潭市區，再轉乘桃園客運／市區公車至市立龍潭高中周邊站點，下車後步行到校。,市立龍潭高中目前沒有公開的一般高中職學生固定住宿申請制度資訊。,https://www.google.com/maps/search/?api=1&query=%E5%B8%82%E7%AB%8B%E9%BE%8D%E6%BD%AD%E9%AB%98%E4%B8%AD%20%E6%A1%83%E5%9C%92%E5%B8%82%E9%BE%8D%E6%BD%AD%E5%8D%80%E7%A5%9E%E9%BE%8D%E8%B7%AF155%E8%99%9F,https://www.ltsh.tyc.edu.tw/files/11-1001-232.php,https://www.ltsh.tyc.edu.tw/files/11-1001-232.php,http://www.ltsh.tyc.edu.tw/bin/home.php,https://www.google.com/maps/search/?api=1&query=%E5%B8%82%E7%AB%8B%E9%BE%8D%E6%BD%AD%E9%AB%98%E4%B8%AD%20%E6%A1%83%E5%9C%92%E5%B8%82%E9%BE%8D%E6%BD%AD%E5%8D%80%E7%A5%9E%E9%BE%8D%E8%B7%AF155%E8%99%9F | https://ebus.tycg.gov.tw/ebus/,http://www.ltsh.tyc.edu.tw/bin/home.php,http://www.ltsh.tyc.edu.tw/bin/home.php,http://www.ltsh.tyc.edu.tw/bin/home.php,2026-09-08
,033304,市立桃園高中,公立,桃連區日間部,高中,男女校,桃園市,桃園區,桃園市桃園區成功路三段38號,http://www.tysh.tyc.edu.tw,(03)3946001,普通科:700,700,700,,115學年度以普通高中課程為主，結合校訂必修、多元選修、探究與實作；另設舞蹈、體育等特色學習資源。,市立桃園高中高中課程以自然科學探究與實作、社會領域探究、自主學習及課程成果發表作為主要實作／專題型學習。,有學生專車。115學年度校方設學生專車資訊專區，並同步提供周邊公車與上下學交通調查。,可由臺鐵桃園站轉乘桃園市區公車至市立桃園高中周邊站點，下車後步行到校。,校園設有學生宿舍；校舍配置中列有學生宿舍空間。,https://www.google.com/maps/search/?api=1&query=%E5%B8%82%E7%AB%8B%E6%A1%83%E5%9C%92%E9%AB%98%E4%B8%AD%20%E6%A1%83%E5%9C%92%E5%B8%82%E6%A1%83%E5%9C%92%E5%8D%80%E6%88%90%E5%8A%9F%E8%B7%AF%E4%B8%89%E6%AE%B538%E8%99%9F,https://www.tysh.tyc.edu.tw/ischool/publish_page/88/?cid=2496,https://www.tysh.tyc.edu.tw/ischool/publish_page/88/?cid=2496,https://www.tysh.tyc.edu.tw/ischool/publish_page/12/?cid=311,https://www.google.com/maps/search/?api=1&query=%E5%B8%82%E7%AB%8B%E6%A1%83%E5%9C%92%E9%AB%98%E4%B8%AD%20%E6%A1%83%E5%9C%92%E5%B8%82%E6%A1%83%E5%9C%92%E5%8D%80%E6%88%90%E5%8A%9F%E8%B7%AF%E4%B8%89%E6%AE%B538%E8%99%9F | https://ebus.tycg.gov.tw/ebus/,https://www.tysh.tyc.edu.tw/ischool/rfile/c4a618d81e0634ef148c2fcb95028bb5,http://www.tysh.tyc.edu.tw,http://www.tysh.tyc.edu.tw,2026-09-08
,033306,市立武陵高中,公立,桃連區日間部,高中,男女校,桃園市,桃園區,桃園市桃園區中山路889號,http://www.wlsh.tyc.edu.tw,(03)3698170,普通科:651,651,651,,115學年度以普通高中核心課程為主，搭配校訂必修、多元選修、週期性課程與自主學習，提供跨領域與深化選修。,市立武陵高中高中課程以自然科學探究與實作、社會領域探究、自主學習及課程成果發表作為主要實作／專題型學習。,有學生專車服務。115學年度新生報到資料列有專車業務與專車詢問窗口，供新生辦理上下學交通需求。,可由臺鐵桃園站或中壢站搭1、1A、1B等中山路幹線公車，在武陵高中周邊站點下車後步行到校。,市立武陵高中目前沒有公開的一般高中職學生固定住宿申請制度資訊。,https://www.google.com/maps/search/?api=1&query=%E5%B8%82%E7%AB%8B%E6%AD%A6%E9%99%B5%E9%AB%98%E4%B8%AD%20%E6%A1%83%E5%9C%92%E5%B8%82%E6%A1%83%E5%9C%92%E5%8D%80%E4%B8%AD%E5%B1%B1%E8%B7%AF889%E8%99%9F,https://www.wlsh.tyc.edu.tw/p/405-1000-24524%2Cc399.php?Lang=zh-tw,https://www.wlsh.tyc.edu.tw/p/405-1000-24524%2Cc399.php?Lang=zh-tw,https://www.wlsh.tyc.edu.tw/p/404-1000-42656.php?Lang=zh-tw,https://ebus.tycg.gov.tw/ebus/,http://www.wlsh.tyc.edu.tw,http://www.wlsh.tyc.edu.tw,http://www.wlsh.tyc.edu.tw,2026-09-08
,033316,市立楊梅高中,公立,桃連區日間部,綜高,男女校,桃園市,楊梅區,桃園市楊梅區高獅路5號,http://www.ymhs.tyc.edu.tw/,(03)4789618,普通科:447；資訊科:64；電子科:32,543,543,,市立楊梅高中兼具一般學術課程與資訊科、電子科等專業方向，115學年度透過校訂課程、多元選修、實作學習與生涯探索提供不同升學路徑。,市立楊梅高中各專業科別依115學年度課程安排專業實作、實習科目與專題製作，透過操作、作品或成果發表整合所學。,市立楊梅高中目前沒有公開固定的高中部校車／學生專車路線資訊；一般公共運輸方式另列於「通勤資訊」。,可由臺鐵楊梅站或埔心站轉乘楊梅地區公車至市立楊梅高中周邊站點，再步行到校。,市立楊梅高中目前沒有公開的一般高中職學生固定住宿申請制度資訊。,https://www.google.com/maps/search/?api=1&query=%E5%B8%82%E7%AB%8B%E6%A5%8A%E6%A2%85%E9%AB%98%E4%B8%AD%20%E6%A1%83%E5%9C%92%E5%B8%82%E6%A5%8A%E6%A2%85%E5%8D%80%E9%AB%98%E7%8D%85%E8%B7%AF5%E8%99%9F,https://www.ymhs.tyc.edu.tw/ischool/publish_page/218/,https://www.ymhs.tyc.edu.tw/ischool/publish_page/218/,http://www.ymhs.tyc.edu.tw/,https://www.google.com/maps/search/?api=1&query=%E5%B8%82%E7%AB%8B%E6%A5%8A%E6%A2%85%E9%AB%98%E4%B8%AD%20%E6%A1%83%E5%9C%92%E5%B8%82%E6%A5%8A%E6%A2%85%E5%8D%80%E9%AB%98%E7%8D%85%E8%B7%AF5%E8%99%9F | https://ebus.tycg.gov.tw/ebus/,http://www.ymhs.tyc.edu.tw/,http://www.ymhs.tyc.edu.tw/,http://www.ymhs.tyc.edu.tw/,2026-09-08
,033325,市立陽明高中,公立,桃連區日間部,高中,男女校,桃園市,桃園區,桃園市桃園區德壽街8號,http://www.pymhs.tyc.edu.tw,(03)3672706,普通科:649,649,649,,市立陽明高中115學年度以普通高中部定課程為基礎，搭配校訂必修、多元選修、自然與社會探究實作、自主學習與生涯探索。,市立陽明高中高中課程以自然科學探究與實作、社會領域探究、自主學習及課程成果發表作為主要實作／專題型學習。,市立陽明高中目前沒有公開固定的高中部校車／學生專車路線資訊；一般公共運輸方式另列於「通勤資訊」。,可由臺鐵桃園站後站轉乘102路至介壽路口／桃園監理站一帶，再步行到校；中壢方向可搭1路市區公車前往。,市立陽明高中目前沒有公開的一般高中職學生固定住宿申請制度資訊。,https://www.google.com/maps/search/?api=1&query=%E5%B8%82%E7%AB%8B%E9%99%BD%E6%98%8E%E9%AB%98%E4%B8%AD%20%E6%A1%83%E5%9C%92%E5%B8%82%E6%A1%83%E5%9C%92%E5%8D%80%E5%BE%B7%E5%A3%BD%E8%A1%978%E8%99%9F,https://www.pymhs.tyc.edu.tw/,https://www.pymhs.tyc.edu.tw/,http://www.pymhs.tyc.edu.tw,https://www.pymhs.tyc.edu.tw/uploads/1561518278860jeeaaRca.pdf,http://www.pymhs.tyc.edu.tw,http://www.pymhs.tyc.edu.tw,http://www.pymhs.tyc.edu.tw,2026-09-08
,033327,市立內壢高中,公立,桃連區日間部,綜高,男女校,桃園市,中壢區,桃園市中壢區成章四街120號,http://www.nlhs.tyc.edu.tw,(03)4528080,普通科:622；綜合高中:138,760,760,,115入學課程手冊涵蓋普通科與綜合高中學習路徑，配置校訂課程、多元選修、探究實作與自主學習。,市立內壢高中高中課程以自然科學探究與實作、社會領域探究、自主學習及課程成果發表作為主要實作／專題型學習。,市立內壢高中目前沒有公開固定的高中部校車／學生專車路線資訊；一般公共運輸方式另列於「通勤資訊」。,可由臺鐵中壢站或內壢站轉乘桃園市區公車至市立內壢高中周邊站點，再步行到校。,市立內壢高中目前沒有公開的一般高中職學生固定住宿申請制度資訊。,https://www.google.com/maps/search/?api=1&query=%E5%B8%82%E7%AB%8B%E5%85%A7%E5%A3%A2%E9%AB%98%E4%B8%AD%20%E6%A1%83%E5%9C%92%E5%B8%82%E4%B8%AD%E5%A3%A2%E5%8D%80%E6%88%90%E7%AB%A0%E5%9B%9B%E8%A1%97120%E8%99%9F,https://www.nlhs.tyc.edu.tw/home?cid=9218,https://www.nlhs.tyc.edu.tw/home?cid=9218,http://www.nlhs.tyc.edu.tw,https://www.google.com/maps/search/?api=1&query=%E5%B8%82%E7%AB%8B%E5%85%A7%E5%A3%A2%E9%AB%98%E4%B8%AD%20%E6%A1%83%E5%9C%92%E5%B8%82%E4%B8%AD%E5%A3%A2%E5%8D%80%E6%88%90%E7%AB%A0%E5%9B%9B%E8%A1%97120%E8%99%9F | https://ebus.tycg.gov.tw/ebus/,http://www.nlhs.tyc.edu.tw,http://www.nlhs.tyc.edu.tw,http://www.nlhs.tyc.edu.tw,2026-09-08
,033407,市立中壢高商,公立,桃連區日間部,高職,男女校,桃園市,中壢區,桃園市中壢區中央西路二段141巷100號,http://www.clvsc.tyc.edu.tw,(03)4929871,商業經營科:132；國際貿易科:132；資料處理科:99；多媒體設計科:33；商業經營科:18；資料處理科:18,432,432,,市立中壢高商115學年度課程以商業經營科、國際貿易科、資料處理科、多媒體設計科等專業方向為主，各科配置專業核心、實習實作、校訂選修與職涯銜接課程。,市立中壢高商各專業科別依115學年度課程安排專業實作、實習科目與專題製作，透過操作、作品或成果發表整合所學。,115年暑期輔導設中壢客運總站往返學校的交通接駁車；此接駁資料適用暑期輔導期間。,可由臺鐵中壢站或內壢站轉乘桃園市區公車至市立中壢高商周邊站點，再步行到校。,市立中壢高商目前沒有公開的一般高中職學生固定住宿申請制度資訊。,https://www.google.com/maps/search/?api=1&query=%E5%B8%82%E7%AB%8B%E4%B8%AD%E5%A3%A2%E9%AB%98%E5%95%86%20%E6%A1%83%E5%9C%92%E5%B8%82%E4%B8%AD%E5%A3%A2%E5%8D%80%E4%B8%AD%E5%A4%AE%E8%A5%BF%E8%B7%AF%E4%BA%8C%E6%AE%B5141%E5%B7%B7100%E8%99%9F,https://www.clvsc.tyc.edu.tw/p/412-1000-1207.php?Lang=zh-tw,https://www.clvsc.tyc.edu.tw/p/412-1000-1207.php?Lang=zh-tw,https://www.clvsc.tyc.edu.tw/p/406-1000-22962%2Cr671.php?Lang=zh-tw,https://www.google.com/maps/search/?api=1&query=%E5%B8%82%E7%AB%8B%E4%B8%AD%E5%A3%A2%E9%AB%98%E5%95%86%20%E6%A1%83%E5%9C%92%E5%B8%82%E4%B8%AD%E5%A3%A2%E5%8D%80%E4%B8%AD%E5%A4%AE%E8%A5%BF%E8%B7%AF%E4%BA%8C%E6%AE%B5141%E5%B7%B7100%E8%99%9F | https://ebus.tycg.gov.tw/ebus/,http://www.clvsc.tyc.edu.tw,http://www.clvsc.tyc.edu.tw,http://www.clvsc.tyc.edu.tw,2026-09-08
,033408,市立中壢家商,公立,桃連區日間部,高職,男女校,桃園市,中壢區,桃園市中壢區德育路36號,https://www.clvs.tyc.edu.tw/ischool/publish_page/0/,(03)4271627,資料處理科:32；家政科:64；流行服飾科:64；服裝科:18；資訊科:36；資料處理科:180；時尚造型科:72；餐飲管理科:72,538,538,,市立中壢家商115學年度課程以資料處理科、家政科、流行服飾科、服裝科、資訊科、時尚造型科、餐飲管理科等專業方向為主，各科配置專業核心、實習實作、校訂選修與職涯銜接課程。,市立中壢家商各專業科別依115學年度課程安排專業實作、實習科目與專題製作，透過操作、作品或成果發表整合所學。,市立中壢家商目前沒有公開固定的高中部校車／學生專車路線資訊；一般公共運輸方式另列於「通勤資訊」。,臺鐵中壢站距校不遠，可由車站步行約10至15分鐘至德育路校區；亦可搭市區公車至中壢市區後步行到校。,市立中壢家商目前沒有公開的一般高中職學生固定住宿申請制度資訊。,https://www.google.com/maps/search/?api=1&query=%E5%B8%82%E7%AB%8B%E4%B8%AD%E5%A3%A2%E5%AE%B6%E5%95%86%20%E6%A1%83%E5%9C%92%E5%B8%82%E4%B8%AD%E5%A3%A2%E5%8D%80%E5%BE%B7%E8%82%B2%E8%B7%AF36%E8%99%9F,https://www.clvs.tyc.edu.tw/,https://www.clvs.tyc.edu.tw/,https://www.clvs.tyc.edu.tw/ischool/publish_page/0/,https://www.google.com/maps/search/?api=1&query=%E5%B8%82%E7%AB%8B%E4%B8%AD%E5%A3%A2%E5%AE%B6%E5%95%86%20%E6%A1%83%E5%9C%92%E5%B8%82%E4%B8%AD%E5%A3%A2%E5%8D%80%E5%BE%B7%E8%82%B2%E8%B7%AF36%E8%99%9F,https://www.clvs.tyc.edu.tw/ischool/publish_page/0/,https://www.clvs.tyc.edu.tw/ischool/publish_page/0/,https://www.clvs.tyc.edu.tw/ischool/publish_page/0/,2026-09-08
,034306,市立南崁高中,公立,桃連區日間部,高中,男女校,桃園市,蘆竹區,桃園市蘆竹區仁愛路二段1號,https://www.nksh.tyc.edu.tw/ischool/publish_page/0/,(03)3525580,普通科:384,384,384,,市立南崁高中115學年度普通科課程以部定必修為基礎，並配置校訂必修、多元選修、自然與社會探究實作及自主學習；內容依該校115學年度課程計畫架構整理。,市立南崁高中的主要實作學習包含自然科與社會領域探究實作、自主學習與學習成果；校訂課程、多元選修或特色班可再延伸為專題研究與成果發表。,有專車；115學年度校方招生資料明列臺北／大臺北與桃園地區均有學生專車。,另可搭國光、亞通、首都、葛瑪蘭或長榮客運至南崁站，步行約10分鐘到校。,市立南崁高中的一般高中部住宿目前沒有公開的校內宿舍申請、床位或收費方案；特定班級、專案或其他部別住宿另行區分。,https://www.google.com/maps/search/?api=1&query=%E5%B8%82%E7%AB%8B%E5%8D%97%E5%B4%81%E9%AB%98%E4%B8%AD%20%E6%A1%83%E5%9C%92%E5%B8%82%E8%98%86%E7%AB%B9%E5%8D%80%E4%BB%81%E6%84%9B%E8%B7%AF%E4%BA%8C%E6%AE%B51%E8%99%9F,https://www.nksh.tyc.edu.tw/home?cid=13102,https://www.nksh.tyc.edu.tw/ischool/publish_page/0/,https://www.nksh.tyc.edu.tw/ischool/wr/file/1/13543/a9d3b03ef11c8d8b94a57830316da057.pdf,https://www.nksh.tyc.edu.tw/ischool/wr/file/1/13543/a9d3b03ef11c8d8b94a57830316da057.pdf；https://www.google.com/maps/search/?api=1&query=%E6%A1%83%E5%9C%92%E5%B8%82%E8%98%86%E7%AB%B9%E5%8D%80%E4%BB%81%E6%84%9B%E8%B7%AF%E4%BA%8C%E6%AE%B51%E8%99%9F,https://www.nksh.tyc.edu.tw/ischool/publish_page/0/,https://www.nksh.tyc.edu.tw/ischool/publish_page/0/,https://www.nksh.tyc.edu.tw/home?cid=13102；https://www.nksh.tyc.edu.tw/ischool/publish_page/0/；https://www.nksh.tyc.edu.tw/ischool/wr/file/1/13543/a9d3b03ef11c8d8b94a57830316da057.pdf；https://www.google.com/maps/search/?api=1&query=%E6%A1%83%E5%9C%92%E5%B8%82%E8%98%86%E7%AB%B9%E5%8D%80%E4%BB%81%E6%84%9B%E8%B7%AF%E4%BA%8C%E6%AE%B51%E8%99%9F,2026-09-08
,034312,市立大溪高中,公立,桃連區日間部,高中,男女校,桃園市,大溪區,桃園市大溪區康莊路641號,http://www.dssh.tyc.edu.tw,(03)3878628,普通科:350,350,350,,市立大溪高中115學年度以普通高中部定課程為基礎，搭配校訂必修、多元選修、自然與社會探究實作、自主學習與生涯探索。,市立大溪高中高中課程以自然科學探究與實作、社會領域探究、自主學習及課程成果發表作為主要實作／專題型學習。,有學生專案公車。校方協請桃園客運開設桃園、龍潭、中壢等方向共9條路線；屬一般公車型態，非契約型校車。,可由桃園、中壢或龍潭方向搭桃園客運前往大溪；校方學生專案公車亦規劃桃園、龍潭、中壢等方向共9條路線。,市立大溪高中目前沒有公開的一般高中職學生固定住宿申請制度資訊。,https://www.google.com/maps/search/?api=1&query=%E5%B8%82%E7%AB%8B%E5%A4%A7%E6%BA%AA%E9%AB%98%E4%B8%AD%20%E6%A1%83%E5%9C%92%E5%B8%82%E5%A4%A7%E6%BA%AA%E5%8D%80%E5%BA%B7%E8%8E%8A%E8%B7%AF641%E8%99%9F,https://www.dssh.tyc.edu.tw/,https://www.dssh.tyc.edu.tw/,https://www.dssh.tyc.edu.tw/ischool/publish_page/46/?cid=1544,https://www.dssh.tyc.edu.tw/ischool/publish_page/46/?cid=1544,http://www.dssh.tyc.edu.tw,http://www.dssh.tyc.edu.tw,http://www.dssh.tyc.edu.tw,2026-09-08
,034314,市立壽山高中,公立,桃連區日間部,綜高,男女校,桃園市,龜山區,桃園市龜山區大同路23號,http://www.sssh.tyc.edu.tw,(03)3501778,普通科:330；國際貿易科:61；應用英語科:61；廣告設計科:63,515,515,,市立壽山高中：115學年度課程依各科課程計畫安排，主要科別包括國際貿易科、應用英語科、廣告設計科；各科結合專業理論、校訂課程與實習／實作學習。,市立壽山高中：國際貿易科、應用英語科、廣告設計科等科別依115學年度課程計畫安排專業實習、實作與專題製作，並透過作品、技能或成果發表整合專業學習。,有學生專車；115學年度校方持續提供學生專車，2026-08-27公告「大有線上學專車」自8月31日起試營運、06:20發車；新生資訊亦設有學校專車承辦窗口。,桃園市公車102C「壽山高中－桃園－景雲新村」可直接銜接壽山高中與桃園市區，作為一般公車通勤路線。,市立壽山高中的一般高中部住宿目前沒有公開的校內宿舍申請、床位或收費方案；特定班級、專案或其他部別住宿另行區分。,https://www.google.com/maps/search/?api=1&query=%E5%B8%82%E7%AB%8B%E5%A3%BD%E5%B1%B1%E9%AB%98%E4%B8%AD%20%E6%A1%83%E5%9C%92%E5%B8%82%E9%BE%9C%E5%B1%B1%E5%8D%80%E5%A4%A7%E5%90%8C%E8%B7%AF23%E8%99%9F,https://www.sssh.tyc.edu.tw/wp-content/uploads/doc/sssh211/113%E5%AD%B8%E5%B9%B4%E5%BA%A6%E8%AA%B2%E7%A8%8B%E8%A8%88%E5%8A%83%E6%9B%B8%28%E5%82%99%E6%9F%A5%E7%89%88_%E5%85%AC%E5%91%8A%E7%94%A8%29-1.pdf,http://www.sssh.tyc.edu.tw,https://www.sssh.tyc.edu.tw/break_news/%E3%80%90%E7%94%9F%E8%BC%94%E7%B5%84%E5%85%AC%E5%91%8A%E3%80%91%E5%A4%A7%E6%9C%89%E7%B7%9A%E3%80%8C%E4%B8%8A%E5%AD%B8%E5%B0%88%E8%BB%8A%E3%80%8D/,https://www.sssh.tyc.edu.tw/break_news/%E3%80%90%E7%94%9F%E8%BC%94%E7%B5%84%E5%85%AC%E5%91%8A%E3%80%91%E5%A4%A7%E6%9C%89%E7%B7%9A%E3%80%8C%E4%B8%8A%E5%AD%B8%E5%B0%88%E8%BB%8A%E3%80%8D/；https://www.google.com/maps/search/?api=1&query=%E6%A1%83%E5%9C%92%E5%B8%82%E9%BE%9C%E5%B1%B1%E5%8D%80%E5%A4%A7%E5%90%8C%E8%B7%AF23%E8%99%9F；https://www.sssh.tyc.edu.tw/,http://www.sssh.tyc.edu.tw,http://www.sssh.tyc.edu.tw,https://www.sssh.tyc.edu.tw/wp-content/uploads/doc/sssh211/113%E5%AD%B8%E5%B9%B4%E5%BA%A6%E8%AA%B2%E7%A8%8B%E8%A8%88%E5%8A%83%E6%9B%B8%28%E5%82%99%E6%9F%A5%E7%89%88_%E5%85%AC%E5%91%8A%E7%94%A8%29-1.pdf；http://www.sssh.tyc.edu.tw；https://www.sssh.tyc.edu.tw/break_news/%E3%80%90%E7%94%9F%E8%BC%94%E7%B5%84%E5%85%AC%E5%91%8A%E3%80%91%E5%A4%A7%E6%9C%89%E7%B7%9A%E3%80%8C%E4%B8%8A%E5%AD%B8%E5%B0%88%E8%BB%8A%E3%80%8D/；https://www.google.com/maps/search/?api=1&query=%E6%A1%83%E5%9C%92%E5%B8%82%E9%BE%9C%E5%B1%B1%E5%8D%80%E5%A4%A7%E5%90%8C%E8%B7%AF23%E8%99%9F；https://www.sssh.tyc.edu.tw/,2026-09-08
,034319,市立平鎮高中,公立,桃連區日間部,高中,男女校,桃園市,平鎮區,桃園市平鎮區環南路三段100號,https://www.pjhs.tyc.edu.tw/,(03)4287288,普通科:455,455,455,,市立平鎮高中115學年度以普通高中部定課程為基礎，搭配校訂必修、多元選修、自然與社會探究實作、自主學習與生涯探索。,市立平鎮高中高中課程以自然科學探究與實作、社會領域探究、自主學習及課程成果發表作為主要實作／專題型學習。,市立平鎮高中目前沒有公開固定的高中部校車／學生專車路線資訊；一般公共運輸方式另列於「通勤資訊」。,可由臺鐵中壢站轉乘平鎮方向市區公車至市立平鎮高中周邊站點，再步行到校。,市立平鎮高中目前沒有公開的一般高中職學生固定住宿申請制度資訊。,https://www.google.com/maps/search/?api=1&query=%E5%B8%82%E7%AB%8B%E5%B9%B3%E9%8E%AE%E9%AB%98%E4%B8%AD%20%E6%A1%83%E5%9C%92%E5%B8%82%E5%B9%B3%E9%8E%AE%E5%8D%80%E7%92%B0%E5%8D%97%E8%B7%AF%E4%B8%89%E6%AE%B5100%E8%99%9F,https://www.pzsh.tyc.edu.tw/,https://www.pzsh.tyc.edu.tw/,https://www.pjhs.tyc.edu.tw/,https://www.google.com/maps/search/?api=1&query=%E5%B8%82%E7%AB%8B%E5%B9%B3%E9%8E%AE%E9%AB%98%E4%B8%AD%20%E6%A1%83%E5%9C%92%E5%B8%82%E5%B9%B3%E9%8E%AE%E5%8D%80%E7%92%B0%E5%8D%97%E8%B7%AF%E4%B8%89%E6%AE%B5100%E8%99%9F | https://ebus.tycg.gov.tw/ebus/,https://www.pjhs.tyc.edu.tw/,https://www.pjhs.tyc.edu.tw/,https://www.pjhs.tyc.edu.tw/,2026-09-08
,034332,市立觀音高中,公立,桃連區日間部,綜高,男女校,桃園市,觀音區,桃園市觀音區新坡里中山路2段519號,http://www.gish.tyc.edu.tw,(03)4981464,普通科:126；化工科:60；多媒體動畫科:56,242,242,,市立觀音高中兼具一般學術課程與化工科、多媒體動畫科等專業方向，115學年度透過校訂課程、多元選修、實作學習與生涯探索提供不同升學路徑。,市立觀音高中各專業科別依115學年度課程安排專業實作、實習科目與專題製作，透過操作、作品或成果發表整合所學。,有學生交通車。115學年度第一學期校方公布學生交通車路線與時刻，供學生上下學使用。,可由中壢或桃園方向轉乘往觀音、新坡的市區公車，在市立觀音高中周邊站點下車後步行到校。,市立觀音高中目前沒有公開的一般高中職學生固定住宿申請制度資訊。,https://www.google.com/maps/search/?api=1&query=%E5%B8%82%E7%AB%8B%E8%A7%80%E9%9F%B3%E9%AB%98%E4%B8%AD%20%E6%A1%83%E5%9C%92%E5%B8%82%E8%A7%80%E9%9F%B3%E5%8D%80%E6%96%B0%E5%9D%A1%E9%87%8C%E4%B8%AD%E5%B1%B1%E8%B7%AF2%E6%AE%B5519%E8%99%9F,https://www.gish.tyc.edu.tw/p/404-1000-2832.php,https://www.gish.tyc.edu.tw/p/404-1000-2832.php,https://www.gish.tyc.edu.tw/p/403-1000-32-1.php,https://www.google.com/maps/search/?api=1&query=%E5%B8%82%E7%AB%8B%E8%A7%80%E9%9F%B3%E9%AB%98%E4%B8%AD%20%E6%A1%83%E5%9C%92%E5%B8%82%E8%A7%80%E9%9F%B3%E5%8D%80%E6%96%B0%E5%9D%A1%E9%87%8C%E4%B8%AD%E5%B1%B1%E8%B7%AF2%E6%AE%B5519%E8%99%9F | https://ebus.tycg.gov.tw/ebus/,http://www.gish.tyc.edu.tw,http://www.gish.tyc.edu.tw,http://www.gish.tyc.edu.tw,2026-09-08
,034335,市立新屋高中,公立,桃連區日間部,高中,男女校,桃園市,新屋區,桃園市新屋區中興路111號,https://www.swjh.tyc.edu.tw/,(03)4772029,普通科:143,143,143,,市立新屋高中115學年度以普通高中部定課程為基礎，搭配校訂必修、多元選修、自然與社會探究實作、自主學習與生涯探索。,市立新屋高中高中課程以自然科學探究與實作、社會領域探究、自主學習及課程成果發表作為主要實作／專題型學習。,有學生交通車。115學年度校方公布學生交通車搭乘資訊，供學生上下學使用。,可由中壢或楊梅方向轉乘往新屋的市區公車，到新屋市區後再於市立新屋高中周邊站點下車步行到校。,市立新屋高中目前沒有公開的一般高中職學生固定住宿申請制度資訊。,https://www.google.com/maps/search/?api=1&query=%E5%B8%82%E7%AB%8B%E6%96%B0%E5%B1%8B%E9%AB%98%E4%B8%AD%20%E6%A1%83%E5%9C%92%E5%B8%82%E6%96%B0%E5%B1%8B%E5%8D%80%E4%B8%AD%E8%88%88%E8%B7%AF111%E8%99%9F,https://www.swjh.tyc.edu.tw/DEPT/CPlan/index.aspx?FL_Num=F003&FN_id=411,https://www.swjh.tyc.edu.tw/DEPT/CPlan/index.aspx?FL_Num=F003&FN_id=411,https://www.swjh.tyc.edu.tw/XWHome/SWHS/index.aspx?FL_Num=F023&FN_id=158&MC_id=1,https://www.google.com/maps/search/?api=1&query=%E5%B8%82%E7%AB%8B%E6%96%B0%E5%B1%8B%E9%AB%98%E4%B8%AD%20%E6%A1%83%E5%9C%92%E5%B8%82%E6%96%B0%E5%B1%8B%E5%8D%80%E4%B8%AD%E8%88%88%E8%B7%AF111%E8%99%9F | https://ebus.tycg.gov.tw/ebus/,https://www.swjh.tyc.edu.tw/,https://www.swjh.tyc.edu.tw/,https://www.swjh.tyc.edu.tw/,2026-09-08
,034347,市立永豐高中,公立,桃連區日間部,高中,男女校,桃園市,八德區,桃園市八德區永豐路609號,http://www.yfms.tyc.edu.tw,(03)3692679,普通科:339,339,339,,115學年度課程依校方課程計畫安排，涵蓋應用英語科、廣告設計科、普通科；共同核心之外，依學程與選修方向配置校訂、多元選修及專業課程。,市立永豐高中：應用英語科、廣告設計科、普通科等科別依115學年度課程計畫安排專業實習、實作與專題製作，並透過作品、技能或成果發表整合專業學習。,有學生交通車；校方交通車專區提供桃園客運學生交通車路線，路線涵蓋龍潭、平鎮、大湳、八德、桃園、中壢等方向；實際當期路線依校方交通車專區公告。,一般公車可利用永豐路、廣福路及大湳方向的桃園市區公車到校；由桃園或中壢方向可先到八德／大湳轉乘，再前往永豐路609號。,市立永豐高中的一般高中部住宿目前沒有公開的校內宿舍申請、床位或收費方案；特定班級、專案或其他部別住宿另行區分。,https://www.google.com/maps/search/?api=1&query=%E5%B8%82%E7%AB%8B%E6%B0%B8%E8%B1%90%E9%AB%98%E4%B8%AD%20%E6%A1%83%E5%9C%92%E5%B8%82%E5%85%AB%E5%BE%B7%E5%8D%80%E6%B0%B8%E8%B1%90%E8%B7%AF609%E8%99%9F,https://www.yfms.tyc.edu.tw/uploads/1632813263303noEcFsGl.pdf,http://www.yfms.tyc.edu.tw,https://www.yfms.tyc.edu.tw/nss/p/chk5,https://www.yfms.tyc.edu.tw/nss/p/chk5；https://www.google.com/maps/search/?api=1&query=%E6%A1%83%E5%9C%92%E5%B8%82%E5%85%AB%E5%BE%B7%E5%8D%80%E6%B0%B8%E8%B1%90%E8%B7%AF609%E8%99%9F,http://www.yfms.tyc.edu.tw,http://www.yfms.tyc.edu.tw,https://www.yfms.tyc.edu.tw/uploads/1632813263303noEcFsGl.pdf；http://www.yfms.tyc.edu.tw；https://www.yfms.tyc.edu.tw/nss/p/chk5；https://www.google.com/maps/search/?api=1&query=%E6%A1%83%E5%9C%92%E5%B8%82%E5%85%AB%E5%BE%B7%E5%8D%80%E6%B0%B8%E8%B1%90%E8%B7%AF609%E8%99%9F,2026-09-08
,034348,市立羅浮高中,公立,桃連區日間部,高職,男女校,桃園市,復興區,桃園市復興區羅浮里3鄰18號,https://www.lfsh.tyc.edu.tw/home,(03)3825585,觀光事業科:10；餐飲管理科:19,29,29,,市立羅浮高中115學年度課程以觀光事業科、餐飲管理科等專業方向為主，各科配置專業核心、實習實作、校訂選修與職涯銜接課程。,市立羅浮高中各專業科別依115學年度課程安排專業實作、實習科目與專題製作，透過操作、作品或成果發表整合所學。,有免費校車。校方設有免費校車路線專區，供復興區及周邊學生上下學使用。,可由大溪轉乘往復興、羅浮方向的公車，在羅浮地區下車後步行至市立羅浮高中。,市立羅浮高中目前沒有公開的一般高中職學生固定住宿申請制度資訊。,https://www.google.com/maps/search/?api=1&query=%E5%B8%82%E7%AB%8B%E7%BE%85%E6%B5%AE%E9%AB%98%E4%B8%AD%20%E6%A1%83%E5%9C%92%E5%B8%82%E5%BE%A9%E8%88%88%E5%8D%80%E7%BE%85%E6%B5%AE%E9%87%8C3%E9%84%B018%E8%99%9F,https://www.lfsh.tyc.edu.tw/home?cid=117,https://www.lfsh.tyc.edu.tw/home?cid=117,https://www.lfsh.tyc.edu.tw/,https://www.google.com/maps/search/?api=1&query=%E5%B8%82%E7%AB%8B%E7%BE%85%E6%B5%AE%E9%AB%98%E4%B8%AD%20%E6%A1%83%E5%9C%92%E5%B8%82%E5%BE%A9%E8%88%88%E5%8D%80%E7%BE%85%E6%B5%AE%E9%87%8C3%E9%84%B018%E8%99%9F | https://ebus.tycg.gov.tw/ebus/,https://www.lfsh.tyc.edu.tw/home,https://www.lfsh.tyc.edu.tw/home,https://www.lfsh.tyc.edu.tw/home,2026-09-08
,034399,市立大園國際高中,公立,桃連區日間部,高中,男女校,桃園市,大園區,桃園市大園區大成路二段8號,http://www.dysh.tyc.edu.tw,(03)3813001,普通科:420,420,420,,以普通高中課程、第二外語與國際教育為主，並設IB Diploma Programme；IBDP包含TOK知識論、EE延伸論文與CAS創意活動服務等核心。,普通課程包含探究、自主學習與成果表現；IBDP學生另完成EE延伸論文，並透過CAS專案及學科內部評量進行研究與實作。,市立大園國際高中目前沒有公開固定的高中部校車／學生專車路線資訊；一般公共運輸方式另列於「通勤資訊」。,機場捷運A17領航站距校約300公尺；高鐵桃園站距校約800公尺，可步行或騎YouBike前往。,學校設有學生宿舍，提供交通不便學生住宿；IBDP招生資訊亦明確列出校內宿舍。,https://www.google.com/maps/search/?api=1&query=%E5%B8%82%E7%AB%8B%E5%A4%A7%E5%9C%92%E5%9C%8B%E9%9A%9B%E9%AB%98%E4%B8%AD%20%E6%A1%83%E5%9C%92%E5%B8%82%E5%A4%A7%E5%9C%92%E5%8D%80%E5%A4%A7%E6%88%90%E8%B7%AF%E4%BA%8C%E6%AE%B58%E8%99%9F,https://www.dysh.tyc.edu.tw/ischool/publish_page/169/?cid=6375,https://www.dysh.tyc.edu.tw/ischool/publish_page/169/?cid=6375,http://www.dysh.tyc.edu.tw,https://www.dyish-ib.dysh.tyc.edu.tw/,https://www.dyish-ib.dysh.tyc.edu.tw/,http://www.dysh.tyc.edu.tw,http://www.dysh.tyc.edu.tw,2026-09-08
,031301,桃園市路亞國際高中,私立,桃連區日間部,綜高,男女校,桃園市,龍潭區,桃園市龍潭區中正路佳安段448號,https://www.lysh.tyc.edu.tw,(03)4711388,普通科:30；普通科:270；資訊科:65；商業經營科:90；會計事務科:45；資料處理科:100,600,600,,高中部同時提供一般高中與IBDP國際文憑路徑；IBDP以TOK、EE、CAS為核心，強調雙語學術、研究寫作、跨領域探究與國際素養。,IBDP以EE延伸論文、TOK知識論與CAS專案為主要研究／實作架構，並包含科學實驗報告、學術研究寫作與跨領域專案。,有校車。高中部學生手冊列有通勤生搭校車返家安排，校內住宿生則留校晚自習與住宿。,可先到龍潭市區，再轉乘桃園客運／市區公車至桃園市路亞國際高中周邊站點，下車後步行到校。,學校設有校內宿舍；高中部IBDP招生資訊與學生手冊均列有住宿生生活與住宿安排。,https://www.google.com/maps/search/?api=1&query=%E6%A1%83%E5%9C%92%E5%B8%82%E8%B7%AF%E4%BA%9E%E5%9C%8B%E9%9A%9B%E9%AB%98%E4%B8%AD%20%E6%A1%83%E5%9C%92%E5%B8%82%E9%BE%8D%E6%BD%AD%E5%8D%80%E4%B8%AD%E6%AD%A3%E8%B7%AF%E4%BD%B3%E5%AE%89%E6%AE%B5448%E8%99%9F,https://www.lysh.tyc.edu.tw/,https://www.lysh.tyc.edu.tw/,https://www.lysh.tyc.edu.tw/wp-content/uploads/2026/03/114%E5%AD%B8%E5%B9%B4%E5%BA%A6%E5%AD%B8%E7%94%9F%E6%89%8B%E5%86%8A_%E9%AB%98%E4%B8%AD%E7%89%880331.pdf,https://www.google.com/maps/search/?api=1&query=%E6%A1%83%E5%9C%92%E5%B8%82%E8%B7%AF%E4%BA%9E%E5%9C%8B%E9%9A%9B%E9%AB%98%E4%B8%AD%20%E6%A1%83%E5%9C%92%E5%B8%82%E9%BE%8D%E6%BD%AD%E5%8D%80%E4%B8%AD%E6%AD%A3%E8%B7%AF%E4%BD%B3%E5%AE%89%E6%AE%B5448%E8%99%9F | https://ebus.tycg.gov.tw/ebus/,https://www.psjh.tyc.edu.tw/uploads/neilmfdcms/types1/20file/file/6096_2_%E6%A1%83%E5%9C%92%E5%B8%82%E8%B7%AF%E4%BA%9E%E5%9C%8B%E9%9A%9B%E4%B8%AD%E5%AD%B8_%E9%AB%98%E4%B8%AD%E9%83%A8ibdp%E6%8B%9B%E7%94%9F%E8%AA%AA%E6%98%8E%E6%9C%83%E5%A0%B1%E5%90%8D.pdf,https://www.lysh.tyc.edu.tw,https://www.lysh.tyc.edu.tw,2026-09-08
,031309,桃園市育達高中,私立,桃連區日間部,綜高,男女校,桃園市,平鎮區,桃園市平鎮區育達路160號,https://www.yuda.tyc.edu.tw/main,(03)4934101,應用英語科:70；應用日語科:90；廣告設計科:80；多媒體設計科:90；幼兒保育科:85；時尚造型科:75；觀光事業科:90；餐飲管理科:80；普通科:55,715,715,,桃園市育達高中兼具一般學術課程與應用英語科、應用日語科、廣告設計科、多媒體設計科、幼兒保育科、時尚造型科等專業方向，115學年度透過校訂課程、多元選修、實作學習與生涯探索提供不同升學路徑。,桃園市育達高中各專業科別依115學年度課程安排專業實作、實習科目與專題製作，透過操作、作品或成果發表整合所學。,桃園市育達高中目前沒有公開固定的高中部校車／學生專車路線資訊；一般公共運輸方式另列於「通勤資訊」。,可由臺鐵中壢站轉乘平鎮方向市區公車至桃園市育達高中周邊站點，再步行到校。,桃園市育達高中目前沒有公開的一般高中職學生固定住宿申請制度資訊。,https://www.google.com/maps/search/?api=1&query=%E6%A1%83%E5%9C%92%E5%B8%82%E8%82%B2%E9%81%94%E9%AB%98%E4%B8%AD%20%E6%A1%83%E5%9C%92%E5%B8%82%E5%B9%B3%E9%8E%AE%E5%8D%80%E8%82%B2%E9%81%94%E8%B7%AF160%E8%99%9F,https://ydweb.yuda.tyc.edu.tw/page/ydw/school/home,https://ydweb.yuda.tyc.edu.tw/page/ydw/school/home,https://www.yuda.tyc.edu.tw/main,https://www.google.com/maps/search/?api=1&query=%E6%A1%83%E5%9C%92%E5%B8%82%E8%82%B2%E9%81%94%E9%AB%98%E4%B8%AD%20%E6%A1%83%E5%9C%92%E5%B8%82%E5%B9%B3%E9%8E%AE%E5%8D%80%E8%82%B2%E9%81%94%E8%B7%AF160%E8%99%9F | https://ebus.tycg.gov.tw/ebus/,https://www.yuda.tyc.edu.tw/main,https://www.yuda.tyc.edu.tw/main,https://www.yuda.tyc.edu.tw/main,2026-09-08
,031310,私立六和高中,私立,桃連區日間部,高職,男女校,桃園市,平鎮區,桃園市平鎮區陸光路180號,https://www.lioho.tw/ischool/publish_page/0/,(03)4204000,機電科:41；資訊科:20；應用英語科:20；多媒體設計科:20,101,101,,私立六和高中115學年度課程以機電科、資訊科、應用英語科、多媒體設計科等專業方向為主，各科配置專業核心、實習實作、校訂選修與職涯銜接課程。,私立六和高中各專業科別依115學年度課程安排專業實作、實習科目與專題製作，透過操作、作品或成果發表整合所學。,私立六和高中目前沒有公開固定的高中部校車／學生專車路線資訊；一般公共運輸方式另列於「通勤資訊」。,可由臺鐵中壢站轉乘平鎮方向市區公車至私立六和高中周邊站點，再步行到校。,私立六和高中目前沒有公開的一般高中職學生固定住宿申請制度資訊。,https://www.google.com/maps/search/?api=1&query=%E7%A7%81%E7%AB%8B%E5%85%AD%E5%92%8C%E9%AB%98%E4%B8%AD%20%E6%A1%83%E5%9C%92%E5%B8%82%E5%B9%B3%E9%8E%AE%E5%8D%80%E9%99%B8%E5%85%89%E8%B7%AF180%E8%99%9F,https://www.lioho.tw/,https://www.lioho.tw/,https://www.lioho.tw/ischool/publish_page/0/,https://www.google.com/maps/search/?api=1&query=%E7%A7%81%E7%AB%8B%E5%85%AD%E5%92%8C%E9%AB%98%E4%B8%AD%20%E6%A1%83%E5%9C%92%E5%B8%82%E5%B9%B3%E9%8E%AE%E5%8D%80%E9%99%B8%E5%85%89%E8%B7%AF180%E8%99%9F | https://ebus.tycg.gov.tw/ebus/,https://www.lioho.tw/ischool/publish_page/0/,https://www.lioho.tw/ischool/publish_page/0/,https://www.lioho.tw/ischool/publish_page/0/,2026-09-08
,031311,桃園市復旦高中,私立,桃連區日間部,綜高,男女校,桃園市,平鎮區,桃園市平鎮區復旦路二段122號,https://www.fdhs.tyc.edu.tw/school.htm,(03)4932476,普通科:240；普通科:185；綜合高中:25；資訊科:8,458,458,,桃園市復旦高中兼具一般學術課程與資訊科等專業方向，115學年度透過校訂課程、多元選修、實作學習與生涯探索提供不同升學路徑。,桃園市復旦高中各專業科別依115學年度課程安排專業實作、實習科目與專題製作，透過操作、作品或成果發表整合所學。,桃園市復旦高中目前沒有公開固定的高中部校車／學生專車路線資訊；一般公共運輸方式另列於「通勤資訊」。,可由臺鐵中壢站轉乘平鎮方向市區公車至桃園市復旦高中周邊站點，再步行到校。,桃園市復旦高中目前沒有公開的一般高中職學生固定住宿申請制度資訊。,https://www.google.com/maps/search/?api=1&query=%E6%A1%83%E5%9C%92%E5%B8%82%E5%BE%A9%E6%97%A6%E9%AB%98%E4%B8%AD%20%E6%A1%83%E5%9C%92%E5%B8%82%E5%B9%B3%E9%8E%AE%E5%8D%80%E5%BE%A9%E6%97%A6%E8%B7%AF%E4%BA%8C%E6%AE%B5122%E8%99%9F,https://www.fhsh.tyc.edu.tw/,https://www.fhsh.tyc.edu.tw/,https://www.fdhs.tyc.edu.tw/school.htm,https://www.google.com/maps/search/?api=1&query=%E6%A1%83%E5%9C%92%E5%B8%82%E5%BE%A9%E6%97%A6%E9%AB%98%E4%B8%AD%20%E6%A1%83%E5%9C%92%E5%B8%82%E5%B9%B3%E9%8E%AE%E5%8D%80%E5%BE%A9%E6%97%A6%E8%B7%AF%E4%BA%8C%E6%AE%B5122%E8%99%9F | https://ebus.tycg.gov.tw/ebus/,https://www.fdhs.tyc.edu.tw/school.htm,https://www.fdhs.tyc.edu.tw/school.htm,https://www.fdhs.tyc.edu.tw/school.htm,2026-09-08
,031312,桃園市治平高中,私立,桃連區日間部,綜高,男女校,桃園市,楊梅區,桃園市楊梅區中興路137號,http://www.cpshs.tyc.edu.tw/home,(03)4823636,電機科:60；資料處理科:10；電子商務科:35；應用英語科:7；應用日語科:48；時尚造型科:83；普通科:215；資訊科:60；商業經營科:35,553,553,,桃園市治平高中兼具一般學術課程與電機科、資料處理科、電子商務科、應用英語科、應用日語科、時尚造型科等專業方向，115學年度透過校訂課程、多元選修、實作學習與生涯探索提供不同升學路徑。,桃園市治平高中各專業科別依115學年度課程安排專業實作、實習科目與專題製作，透過操作、作品或成果發表整合所學。,桃園市治平高中目前沒有公開固定的高中部校車／學生專車路線資訊；一般公共運輸方式另列於「通勤資訊」。,可由臺鐵楊梅站或埔心站轉乘楊梅地區公車至桃園市治平高中周邊站點，再步行到校。,桃園市治平高中目前沒有公開的一般高中職學生固定住宿申請制度資訊。,https://www.google.com/maps/search/?api=1&query=%E6%A1%83%E5%9C%92%E5%B8%82%E6%B2%BB%E5%B9%B3%E9%AB%98%E4%B8%AD%20%E6%A1%83%E5%9C%92%E5%B8%82%E6%A5%8A%E6%A2%85%E5%8D%80%E4%B8%AD%E8%88%88%E8%B7%AF137%E8%99%9F,https://www.chihping.tyc.edu.tw/,https://www.chihping.tyc.edu.tw/,http://www.cpshs.tyc.edu.tw/home,https://www.google.com/maps/search/?api=1&query=%E6%A1%83%E5%9C%92%E5%B8%82%E6%B2%BB%E5%B9%B3%E9%AB%98%E4%B8%AD%20%E6%A1%83%E5%9C%92%E5%B8%82%E6%A5%8A%E6%A2%85%E5%8D%80%E4%B8%AD%E8%88%88%E8%B7%AF137%E8%99%9F | https://ebus.tycg.gov.tw/ebus/,http://www.cpshs.tyc.edu.tw/home,http://www.cpshs.tyc.edu.tw/home,http://www.cpshs.tyc.edu.tw/home,2026-09-08
,031313,桃園市振聲高中,私立,桃連區日間部,綜高,男女校,桃園市,桃園區,桃園市桃園區復興路439號,https://www.fxsh.tyc.edu.tw/home,(03)3322605,國際貿易科:35；電子商務科:60；應用英語科:55；廣告設計科:50；多媒體設計科:50；觀光事業科:50；普通科:27；機械科:16,343,343,,桃園市振聲高中兼具一般學術課程與國際貿易科、電子商務科、應用英語科、廣告設計科、多媒體設計科、觀光事業科等專業方向，115學年度透過校訂課程、多元選修、實作學習與生涯探索提供不同升學路徑。,桃園市振聲高中各專業科別依115學年度課程安排專業實作、實習科目與專題製作，透過操作、作品或成果發表整合所學。,桃園市振聲高中目前沒有公開固定的高中部校車／學生專車路線資訊；一般公共運輸方式另列於「通勤資訊」。,可由臺鐵桃園站沿復興路步行約15分鐘到校，也可利用桃園市區公車在復興路周邊站點下車。,桃園市振聲高中目前沒有公開的一般高中職學生固定住宿申請制度資訊。,https://www.google.com/maps/search/?api=1&query=%E6%A1%83%E5%9C%92%E5%B8%82%E6%8C%AF%E8%81%B2%E9%AB%98%E4%B8%AD%20%E6%A1%83%E5%9C%92%E5%B8%82%E6%A1%83%E5%9C%92%E5%8D%80%E5%BE%A9%E8%88%88%E8%B7%AF439%E8%99%9F,https://www.sssh.tyc.edu.tw/,https://www.sssh.tyc.edu.tw/,https://www.fxsh.tyc.edu.tw/home,https://www.google.com/maps/search/?api=1&query=%E6%A1%83%E5%9C%92%E5%B8%82%E6%8C%AF%E8%81%B2%E9%AB%98%E4%B8%AD%20%E6%A1%83%E5%9C%92%E5%B8%82%E6%A1%83%E5%9C%92%E5%8D%80%E5%BE%A9%E8%88%88%E8%B7%AF439%E8%99%9F,https://www.fxsh.tyc.edu.tw/home,https://www.fxsh.tyc.edu.tw/home,https://www.fxsh.tyc.edu.tw/home,2026-09-08
,031317,私立光啟高中,私立,桃連區日間部,綜高,男女校,桃園市,龜山區,桃園市龜山區自由街40號,http://www.phsh.tyc.edu.tw,(02)82098313,汽車科:16；電機科:16；照顧服務科:16；餐飲管理科:16；普通科:135；汽車科:90；資訊科:70；電子商務科:55；應用英語科:25,439,439,,115學年度課程依校方課程計畫安排，涵蓋普通科、機械科、汽車科、電機科、照顧服務科、餐飲管理科；共同核心之外，依學程與選修方向配置校訂、多元選修及專業課程。,私立光啟高中：普通科、機械科、汽車科、電機科、照顧服務科、餐飲管理科等科別依115學年度課程計畫安排專業實習、實作與專題製作，並透過作品、技能或成果發表整合專業學習。,私立光啟高中的學生專車目前沒有公開的路線、站點或申請資訊；一般捷運、臺鐵、公車與步行路線另列於「通勤資訊」。,可搭捷運至迴龍站後步行約10分鐘；公車可搭635、636、615、602、810、藍37、601等至龍華科技大學／迴龍周邊站點再步行到校。,私立光啟高中的一般高中部住宿目前沒有公開的校內宿舍申請、床位或收費方案；特定班級、專案或其他部別住宿另行區分。,https://www.google.com/maps/search/?api=1&query=%E7%A7%81%E7%AB%8B%E5%85%89%E5%95%9F%E9%AB%98%E4%B8%AD%20%E6%A1%83%E5%9C%92%E5%B8%82%E9%BE%9C%E5%B1%B1%E5%8D%80%E8%87%AA%E7%94%B1%E8%A1%9740%E8%99%9F,https://courset.k12ea.gov.tw/courseinformation/indextea01.asp,http://www.phsh.tyc.edu.tw,https://www.pljhs.ntpc.edu.tw/app/index.php?Action=downloadfile&file=WVhSMFlXTm9MemMwTDNCMFlWODROamhmTXpVME1qZzBNMTgxTXpBeE9DNXdaR1k9&fname=WW54RPOKRKKK41YXDGLK54MKZSMOWTJGFGB0YSLKCCUXCC40USRO01UWWW54USOKWWTSDH05A40454TXYWOKTSWWDGB0MKLKIH35DCA0LKB0VSQKFHPOYWFCNOXWLLZXTSLKQKTXKKZWWT14STEGNKKK2135A5A4,https://www.pljhs.ntpc.edu.tw/app/index.php?Action=downloadfile&file=WVhSMFlXTm9MemMwTDNCMFlWODROamhmTXpVME1qZzBNMTgxTXpBeE9DNXdaR1k9&fname=WW54RPOKRKKK41YXDGLK54MKZSMOWTJGFGB0YSLKCCUXCC40USRO01UWWW54USOKWWTSDH05A40454TXYWOKTSWWDGB0MKLKIH35DCA0LKB0VSQKFHPOYWFCNOXWLLZXTSLKQKTXKKZWWT14STEGNKKK2135A5A4；https://www.google.com/maps/search/?api=1&query=%E6%A1%83%E5%9C%92%E5%B8%82%E9%BE%9C%E5%B1%B1%E5%8D%80%E8%87%AA%E7%94%B1%E8%A1%9740%E8%99%9F,http://www.phsh.tyc.edu.tw,http://www.phsh.tyc.edu.tw,https://courset.k12ea.gov.tw/courseinformation/indextea01.asp；http://www.phsh.tyc.edu.tw；https://www.pljhs.ntpc.edu.tw/app/index.php?Action=downloadfile&file=WVhSMFlXTm9MemMwTDNCMFlWODROamhmTXpVME1qZzBNMTgxTXpBeE9DNXdaR1k9&fname=WW54RPOKRKKK41YXDGLK54MKZSMOWTJGFGB0YSLKCCUXCC40USRO01UWWW54USOKWWTSDH05A40454TXYWOKTSWWDGB0MKLKIH35DCA0LKB0VSQKFHPOYWFCNOXWLLZXTSLKQKTXKKZWWT14STEGNKKK2135A5A4；https://www.google.com/maps/search/?api=1&query=%E6%A1%83%E5%9C%92%E5%B8%82%E9%BE%9C%E5%B1%B1%E5%8D%80%E8%87%AA%E7%94%B1%E8%A1%9740%E8%99%9F,2026-09-08
,031318,桃園市啟英高中,私立,桃連區日間部,高職,男女校,桃園市,中壢區,桃園市中壢區中園路447號,http://web.cyvs.tyc.edu.tw/html/,(03)4523036,應用日語科:25；廣告設計科:65；室內設計科:90；時尚造型科:45；餐飲管理科:155；音樂科:45；電影電視科:45；表演藝術科:45；汽車科:18,533,533,,桃園市啟英高中115學年度課程以應用日語科、廣告設計科、室內設計科、時尚造型科、餐飲管理科、音樂科、電影電視科等專業方向為主，各科配置專業核心、實習實作、校訂選修與職涯銜接課程。,桃園市啟英高中各專業科別依115學年度課程安排專業實作、實習科目與專題製作，透過操作、作品或成果發表整合所學。,有校車。115學年度新生始業輔導公布各國中校車路線時間表，校方亦設日校校車路線查詢專區。,中壢火車站可搭中壢客運往五塊厝方向至啟英高中站；桃園或中壢方向也可搭1路至YKK站，再步行約10分鐘到校。,桃園市啟英高中目前沒有公開的一般高中職學生固定住宿申請制度資訊。,https://www.google.com/maps/search/?api=1&query=%E6%A1%83%E5%9C%92%E5%B8%82%E5%95%9F%E8%8B%B1%E9%AB%98%E4%B8%AD%20%E6%A1%83%E5%9C%92%E5%B8%82%E4%B8%AD%E5%A3%A2%E5%8D%80%E4%B8%AD%E5%9C%92%E8%B7%AF447%E8%99%9F,https://aao.cyvs.tyc.edu.tw/%E5%90%84%E5%B9%B4%E5%BA%A6%E8%AA%B2%E7%A8%8B%E8%A8%88%E5%8A%83%E6%9B%B8,https://aao.cyvs.tyc.edu.tw/%E5%90%84%E5%B9%B4%E5%BA%A6%E8%AA%B2%E7%A8%8B%E8%A8%88%E5%8A%83%E6%9B%B8,https://www.cyvs.tyc.edu.tw/modules/tadnews/?identity=%E5%AE%B6%E9%95%B7,https://web.cyvs.tyc.edu.tw/html/modules/sitepages/page.php?sid=36,http://web.cyvs.tyc.edu.tw/html/,http://web.cyvs.tyc.edu.tw/html/,http://web.cyvs.tyc.edu.tw/html/,2026-09-08
,031319,桃園市清華高中,私立,桃連區日間部,綜高,男女校,桃園市,新屋區,桃園市新屋區中華路658號,http://www.chvs.tyc.edu.tw,(03)4771196,軌道車輛科:13；幼兒保育科:42；餐飲管理科:18；普通科:428；機械科:54；汽車科:55；飛機修護科:54；資訊科:54；電子科:55,773,773,,桃園市清華高中兼具一般學術課程與軌道車輛科、幼兒保育科、餐飲管理科、機械科、汽車科、飛機修護科等專業方向，115學年度透過校訂課程、多元選修、實作學習與生涯探索提供不同升學路徑。,桃園市清華高中各專業科別依115學年度課程安排專業實作、實習科目與專題製作，透過操作、作品或成果發表整合所學。,桃園市清華高中目前沒有公開固定的高中部校車／學生專車路線資訊；一般公共運輸方式另列於「通勤資訊」。,可由中壢或楊梅方向轉乘往新屋的市區公車，到新屋市區後再於桃園市清華高中周邊站點下車步行到校。,桃園市清華高中目前沒有公開的一般高中職學生固定住宿申請制度資訊。,https://www.google.com/maps/search/?api=1&query=%E6%A1%83%E5%9C%92%E5%B8%82%E6%B8%85%E8%8F%AF%E9%AB%98%E4%B8%AD%20%E6%A1%83%E5%9C%92%E5%B8%82%E6%96%B0%E5%B1%8B%E5%8D%80%E4%B8%AD%E8%8F%AF%E8%B7%AF658%E8%99%9F,https://www.chvs.tyc.edu.tw/ischool/wr/file/1/3435/db2cdec1927155db625ee8d9a2410670.pdf,https://www.chvs.tyc.edu.tw/ischool/wr/file/1/3435/db2cdec1927155db625ee8d9a2410670.pdf,http://www.chvs.tyc.edu.tw,https://www.google.com/maps/search/?api=1&query=%E6%A1%83%E5%9C%92%E5%B8%82%E6%B8%85%E8%8F%AF%E9%AB%98%E4%B8%AD%20%E6%A1%83%E5%9C%92%E5%B8%82%E6%96%B0%E5%B1%8B%E5%8D%80%E4%B8%AD%E8%8F%AF%E8%B7%AF658%E8%99%9F | https://ebus.tycg.gov.tw/ebus/,http://www.chvs.tyc.edu.tw,http://www.chvs.tyc.edu.tw,http://www.chvs.tyc.edu.tw,2026-09-08
,031320,桃園市新興高中,私立,桃連區日間部,高職,男女校,桃園市,八德區,桃園市八德區永豐路563號,http://www.hshs.tyc.edu.tw,(03)3796996,商業經營科:45；國際貿易科:35；電子商務科:30；應用英語科:32；應用日語科:24；多媒體設計科:55；觀光事業科:55,276,276,,桃園市新興高中115學年度課程以商業經營科、國際貿易科、電子商務科、應用英語科、應用日語科、多媒體設計科、觀光事業科等專業方向為主，各科配置專業核心、實習實作、校訂選修與職涯銜接課程。,桃園市新興高中各專業科別依115學年度課程安排專業實作、實習科目與專題製作，透過操作、作品或成果發表整合所學。,有校車。校方交通頁提供校車路線查詢，並另列臺鐵、公車及捷運轉乘方式。,桃園、中壢或內壢車站可轉乘1、1A、1B、168、301、601等路線至桃園醫院站；另有109、L118至L121等路線停靠新興高中周邊。,桃園市新興高中目前沒有公開的一般高中職學生固定住宿申請制度資訊。,https://www.google.com/maps/search/?api=1&query=%E6%A1%83%E5%9C%92%E5%B8%82%E6%96%B0%E8%88%88%E9%AB%98%E4%B8%AD%20%E6%A1%83%E5%9C%92%E5%B8%82%E5%85%AB%E5%BE%B7%E5%8D%80%E6%B0%B8%E8%B1%90%E8%B7%AF563%E8%99%9F,https://learn.hshs.tyc.edu.tw/ischool/publish_page/456/?cid=14681,https://learn.hshs.tyc.edu.tw/ischool/publish_page/456/?cid=14681,https://learn.hshs.tyc.edu.tw/ischool/publish_page/83/?cid=15411,https://learn.hshs.tyc.edu.tw/ischool/publish_page/83/?cid=15411,http://www.hshs.tyc.edu.tw,http://www.hshs.tyc.edu.tw,http://www.hshs.tyc.edu.tw,2026-09-08
,031323,私立至善高中,私立,桃連區日間部,綜高,男女校,桃園市,大溪區,桃園市大溪區康莊路645號,http://www.tzsavs.tyc.edu.tw,(03)3887528,家具木工科:55；觀光事業科:19；普通科:45,119,119,,私立至善高中兼具一般學術課程與家具木工科、觀光事業科等專業方向，115學年度透過校訂課程、多元選修、實作學習與生涯探索提供不同升學路徑。,私立至善高中各專業科別依115學年度課程安排專業實作、實習科目與專題製作，透過操作、作品或成果發表整合所學。,私立至善高中目前沒有公開固定的高中部校車／學生專車路線資訊；一般公共運輸方式另列於「通勤資訊」。,可由桃園、中壢或龍潭方向搭往大溪的公車，在康莊路學校周邊站點下車後步行至私立至善高中。,私立至善高中目前沒有公開的一般高中職學生固定住宿申請制度資訊。,https://www.google.com/maps/search/?api=1&query=%E7%A7%81%E7%AB%8B%E8%87%B3%E5%96%84%E9%AB%98%E4%B8%AD%20%E6%A1%83%E5%9C%92%E5%B8%82%E5%A4%A7%E6%BA%AA%E5%8D%80%E5%BA%B7%E8%8E%8A%E8%B7%AF645%E8%99%9F,https://www.jsvs.tyc.edu.tw/,https://www.jsvs.tyc.edu.tw/,http://www.tzsavs.tyc.edu.tw,https://www.google.com/maps/search/?api=1&query=%E7%A7%81%E7%AB%8B%E8%87%B3%E5%96%84%E9%AB%98%E4%B8%AD%20%E6%A1%83%E5%9C%92%E5%B8%82%E5%A4%A7%E6%BA%AA%E5%8D%80%E5%BA%B7%E8%8E%8A%E8%B7%AF645%E8%99%9F | https://ebus.tycg.gov.tw/ebus/,http://www.tzsavs.tyc.edu.tw,http://www.tzsavs.tyc.edu.tw,http://www.tzsavs.tyc.edu.tw,2026-09-08
,031324,桃園市大興高中,私立,桃連區日間部,高職,男女校,桃園市,大園區,桃園市大園區永興路142號,https://www.dxhs.tyc.edu.tw/home,(03)3862330,飛機修護科:30；時尚造型科:30；餐飲管理科:30,90,90,,桃園市大興高中115學年度課程以飛機修護科、時尚造型科、餐飲管理科等專業方向為主，各科配置專業核心、實習實作、校訂選修與職涯銜接課程。,桃園市大興高中各專業科別依115學年度課程安排專業實作、實習科目與專題製作，透過操作、作品或成果發表整合所學。,桃園市大興高中目前沒有公開固定的高中部校車／學生專車路線資訊；一般公共運輸方式另列於「通勤資訊」。,可由桃園或中壢方向搭「中壢－青埔－大園」等公車至大園南門站，再步行約0.4公里；機場捷運A15大園站至校約2.2公里。,桃園市大興高中目前沒有公開的一般高中職學生固定住宿申請制度資訊。,https://www.google.com/maps/search/?api=1&query=%E6%A1%83%E5%9C%92%E5%B8%82%E5%A4%A7%E8%88%88%E9%AB%98%E4%B8%AD%20%E6%A1%83%E5%9C%92%E5%B8%82%E5%A4%A7%E5%9C%92%E5%8D%80%E6%B0%B8%E8%88%88%E8%B7%AF142%E8%99%9F,https://www.dxhs.tyc.edu.tw/,https://www.dxhs.tyc.edu.tw/,https://www.dxhs.tyc.edu.tw/home,https://www.dxhs.tyc.edu.tw/home?cid=727,https://www.dxhs.tyc.edu.tw/home,https://www.dxhs.tyc.edu.tw/home,https://www.dxhs.tyc.edu.tw/home,2026-09-08
,031326,私立大華高中,私立,桃連區日間部,綜高,男女校,桃園市,楊梅區,桃園市楊梅區三民路二段200號,http://www.thsh.tyc.edu.tw,(03)4820506,普通科:70；機械科:13,83,83,,私立大華高中兼具一般學術課程與機械科等專業方向，115學年度透過校訂課程、多元選修、實作學習與生涯探索提供不同升學路徑。,私立大華高中各專業科別依115學年度課程安排專業實作、實習科目與專題製作，透過操作、作品或成果發表整合所學。,私立大華高中目前沒有公開固定的高中部校車／學生專車路線資訊；一般公共運輸方式另列於「通勤資訊」。,可由臺鐵楊梅站或埔心站轉乘楊梅地區公車至私立大華高中周邊站點，再步行到校。,私立大華高中目前沒有公開的一般高中職學生固定住宿申請制度資訊。,https://www.google.com/maps/search/?api=1&query=%E7%A7%81%E7%AB%8B%E5%A4%A7%E8%8F%AF%E9%AB%98%E4%B8%AD%20%E6%A1%83%E5%9C%92%E5%B8%82%E6%A5%8A%E6%A2%85%E5%8D%80%E4%B8%89%E6%B0%91%E8%B7%AF%E4%BA%8C%E6%AE%B5200%E8%99%9F,https://www.thsh.tyc.edu.tw/,https://www.thsh.tyc.edu.tw/,http://www.thsh.tyc.edu.tw,https://www.google.com/maps/search/?api=1&query=%E7%A7%81%E7%AB%8B%E5%A4%A7%E8%8F%AF%E9%AB%98%E4%B8%AD%20%E6%A1%83%E5%9C%92%E5%B8%82%E6%A5%8A%E6%A2%85%E5%8D%80%E4%B8%89%E6%B0%91%E8%B7%AF%E4%BA%8C%E6%AE%B5200%E8%99%9F | https://ebus.tycg.gov.tw/ebus/,http://www.thsh.tyc.edu.tw,http://www.thsh.tyc.edu.tw,http://www.thsh.tyc.edu.tw,2026-09-08
,031414,桃園市世紀綠能工商,私立,桃連區日間部,高職,男女校,桃園市,龜山區,桃園市龜山區明德路162巷100號,https://web.cgehs.tyc.edu.tw/,(03)3294187,汽車科:13；資訊科:27；幼兒保育科:13；餐飲管理科:9；飛機修護科:20,82,82,,桃園市世紀綠能工商：115學年度課程依各科課程計畫安排，主要科別包括機械科、汽車科、資訊科、幼兒保育科、餐飲管理科；各科結合專業理論、校訂課程與實習／實作學習。,桃園市世紀綠能工商：機械科、汽車科、資訊科、幼兒保育科、餐飲管理科等科別依115學年度課程計畫安排專業實習、實作與專題製作，並透過作品、技能或成果發表整合專業學習。,有校車；校方校車路線專區列有林口一線、林口二線、三峽線及新樹迴線等，包含A9林口站、A7體育大學站、林口、三峽、鶯歌、樹林等站點。,機場捷運可利用A9林口站或A7體育大學站作為轉乘節點，再銜接龜山明德路方向的大眾運輸前往校區。,桃園市世紀綠能工商的一般高中部住宿目前沒有公開的校內宿舍申請、床位或收費方案；特定班級、專案或其他部別住宿另行區分。,https://www.google.com/maps/search/?api=1&query=%E6%A1%83%E5%9C%92%E5%B8%82%E4%B8%96%E7%B4%80%E7%B6%A0%E8%83%BD%E5%B7%A5%E5%95%86%20%E6%A1%83%E5%9C%92%E5%B8%82%E9%BE%9C%E5%B1%B1%E5%8D%80%E6%98%8E%E5%BE%B7%E8%B7%AF162%E5%B7%B7100%E8%99%9F,https://web.cgehs.tyc.edu.tw/page/academic_affairs,https://web.cgehs.tyc.edu.tw/,https://sites.google.com/cgehs.tyc.edu.tw/schoolbus,https://sites.google.com/cgehs.tyc.edu.tw/schoolbus；https://www.google.com/maps/search/?api=1&query=%E6%A1%83%E5%9C%92%E5%B8%82%E9%BE%9C%E5%B1%B1%E5%8D%80%E6%98%8E%E5%BE%B7%E8%B7%AF162%E5%B7%B7100%E8%99%9F,https://web.cgehs.tyc.edu.tw/,https://web.cgehs.tyc.edu.tw/,https://web.cgehs.tyc.edu.tw/page/academic_affairs；https://web.cgehs.tyc.edu.tw/；https://sites.google.com/cgehs.tyc.edu.tw/schoolbus；https://www.google.com/maps/search/?api=1&query=%E6%A1%83%E5%9C%92%E5%B8%82%E9%BE%9C%E5%B1%B1%E5%8D%80%E6%98%8E%E5%BE%B7%E8%B7%AF162%E5%B7%B7100%E8%99%9F,2026-09-08
,031415,私立方曙商工,私立,桃連區日間部,高職,男女校,桃園市,龍潭區,桃園市龍潭區中原路一段50號,https://www.fsvs.tyc.edu.tw/home,(03)4796345,資訊科:35；照顧服務科:35；汽車科:132；資料處理科:30,232,232,,私立方曙商工115學年度課程以資訊科、照顧服務科、汽車科、資料處理科等專業方向為主，各科配置專業核心、實習實作、校訂選修與職涯銜接課程。,私立方曙商工各專業科別依115學年度課程安排專業實作、實習科目與專題製作，透過操作、作品或成果發表整合所學。,有校車。校方招生資訊設有校車路線圖，依實際登記需求安排停靠路線。,可先到龍潭市區，再轉乘桃園客運／市區公車至私立方曙商工周邊站點，下車後步行到校。,私立方曙商工目前沒有公開的一般高中職學生固定住宿申請制度資訊。,https://www.google.com/maps/search/?api=1&query=%E7%A7%81%E7%AB%8B%E6%96%B9%E6%9B%99%E5%95%86%E5%B7%A5%20%E6%A1%83%E5%9C%92%E5%B8%82%E9%BE%8D%E6%BD%AD%E5%8D%80%E4%B8%AD%E5%8E%9F%E8%B7%AF%E4%B8%80%E6%AE%B550%E8%99%9F,https://www.fsvs.tyc.edu.tw/home?cid=207,https://www.fsvs.tyc.edu.tw/home?cid=207,https://www.fsvs.tyc.edu.tw/home?cid=129,https://www.google.com/maps/search/?api=1&query=%E7%A7%81%E7%AB%8B%E6%96%B9%E6%9B%99%E5%95%86%E5%B7%A5%20%E6%A1%83%E5%9C%92%E5%B8%82%E9%BE%8D%E6%BD%AD%E5%8D%80%E4%B8%AD%E5%8E%9F%E8%B7%AF%E4%B8%80%E6%AE%B550%E8%99%9F | https://ebus.tycg.gov.tw/ebus/,https://www.fsvs.tyc.edu.tw/home,https://www.fsvs.tyc.edu.tw/home,https://www.fsvs.tyc.edu.tw/home,2026-09-08
,031421,私立永平工商,私立,桃連區日間部,高職,男女校,桃園市,楊梅區,桃園市楊梅區永平路480號,https://www.ypvs.tyc.edu.tw/,(03)4822464,幼兒保育科:30；觀光事業科:42；表演藝術科:87,159,159,,私立永平工商115學年度課程以幼兒保育科、觀光事業科、表演藝術科等專業方向為主，各科配置專業核心、實習實作、校訂選修與職涯銜接課程。,私立永平工商各專業科別依115學年度課程安排專業實作、實習科目與專題製作，透過操作、作品或成果發表整合所學。,有校車。校方網站設校車路線專區，並有學生通學路隊與校車接駁安排。,可由臺鐵楊梅站或埔心站轉乘楊梅地區公車至私立永平工商周邊站點，再步行到校。,學校設有僑生宿舍，住宿制度明確對應僑生；不將此資訊擴張為一般高中職學生皆可住宿。,https://www.google.com/maps/search/?api=1&query=%E7%A7%81%E7%AB%8B%E6%B0%B8%E5%B9%B3%E5%B7%A5%E5%95%86%20%E6%A1%83%E5%9C%92%E5%B8%82%E6%A5%8A%E6%A2%85%E5%8D%80%E6%B0%B8%E5%B9%B3%E8%B7%AF480%E8%99%9F,https://www.ypvs.tyc.edu.tw/office/div_300/%E7%B8%BD%E9%AB%94%E8%AA%B2%E7%A8%8B%E8%A8%88%E7%95%AB%E6%9B%B8/,https://www.ypvs.tyc.edu.tw/office/div_300/%E7%B8%BD%E9%AB%94%E8%AA%B2%E7%A8%8B%E8%A8%88%E7%95%AB%E6%9B%B8/,https://www.ypvs.tyc.edu.tw/office/div_200/%E6%A0%A1%E8%BB%8A%E8%B7%AF%E7%B7%9A/,https://www.google.com/maps/search/?api=1&query=%E7%A7%81%E7%AB%8B%E6%B0%B8%E5%B9%B3%E5%B7%A5%E5%95%86%20%E6%A1%83%E5%9C%92%E5%B8%82%E6%A5%8A%E6%A2%85%E5%8D%80%E6%B0%B8%E5%B9%B3%E8%B7%AF480%E8%99%9F | https://ebus.tycg.gov.tw/ebus/,https://www.ypvs.tyc.edu.tw/office/div_400/section_461_hide/%E6%95%99%E5%AE%98%E5%AE%A4%E7%9B%B8%E9%97%9C%E8%BE%A6%E6%B3%95/,https://www.ypvs.tyc.edu.tw/,https://www.ypvs.tyc.edu.tw/,2026-09-08
,013303,市立泰山高中,公立,桃連區共同就學區（基北區）,高職,男女校,新北市,泰山區,新北市泰山區辭修路7號,http://www.tssh.ntpc.edu.tw,(02)22963625,電子科:1；汽車科:1,2,2,,市立泰山高中：115學年度課程依各科課程計畫安排，主要科別包括機械科、汽車科、電子科、電機科；各科結合專業理論、校訂課程與實習／實作學習。,市立泰山高中：機械科、汽車科、電子科、電機科等科別依115學年度課程計畫安排專業實習、實作與專題製作，並透過作品、技能或成果發表整合專業學習。,市立泰山高中的學生專車目前沒有公開的路線、站點或申請資訊；一般捷運、臺鐵、公車與步行路線另列於「通勤資訊」。,「泰山高中」站有638、638副、858、F217、F218等路線；其中638可銜接捷運輔大站、丹鳳站、泰山貴和站，在泰山高中站下車到校。,市立泰山高中的一般高中部住宿目前沒有公開的校內宿舍申請、床位或收費方案；特定班級、專案或其他部別住宿另行區分。,https://www.google.com/maps/search/?api=1&query=%E5%B8%82%E7%AB%8B%E6%B3%B0%E5%B1%B1%E9%AB%98%E4%B8%AD%20%E6%96%B0%E5%8C%97%E5%B8%82%E6%B3%B0%E5%B1%B1%E5%8D%80%E8%BE%AD%E4%BF%AE%E8%B7%AF7%E8%99%9F,https://sites.google.com/tssh.ntpc.edu.tw/tssh-course/%E8%AA%B2%E7%A8%8B%E8%A8%88%E7%95%AB%E6%9B%B8,http://www.tssh.ntpc.edu.tw,https://atis.taipei.gov.tw/aspx/businfomation/presentinfo.aspx?ddlName=638&lang=zh-Hant-TW&region=1,https://atis.taipei.gov.tw/aspx/businfomation/presentinfo.aspx?ddlName=638&lang=zh-Hant-TW&region=1；https://www.google.com/maps/search/?api=1&query=%E6%96%B0%E5%8C%97%E5%B8%82%E6%B3%B0%E5%B1%B1%E5%8D%80%E8%BE%AD%E4%BF%AE%E8%B7%AF7%E8%99%9F,http://www.tssh.ntpc.edu.tw,http://www.tssh.ntpc.edu.tw,https://sites.google.com/tssh.ntpc.edu.tw/tssh-course/%E8%AA%B2%E7%A8%8B%E8%A8%88%E7%95%AB%E6%9B%B8；http://www.tssh.ntpc.edu.tw；https://atis.taipei.gov.tw/aspx/businfomation/presentinfo.aspx?ddlName=638&lang=zh-Hant-TW&region=1；https://www.google.com/maps/search/?api=1&query=%E6%96%B0%E5%8C%97%E5%B8%82%E6%B3%B0%E5%B1%B1%E5%8D%80%E8%BE%AD%E4%BF%AE%E8%B7%AF7%E8%99%9F,2026-09-08
,013337,市立新莊高中,公立,桃連區共同就學區（基北區）,高中,男女校,新北市,新莊區,新北市新莊區中平路135號,http://www.hcsh.ntpc.edu.tw,(02)29912391,普通科:1,1,1,,市立新莊高中115學年度普通科課程以部定必修為基礎，並配置校訂必修、多元選修、自然與社會探究實作及自主學習；內容依該校115學年度課程計畫架構整理。,市立新莊高中的主要實作學習包含自然科與社會領域探究實作、自主學習與學習成果；校訂課程、多元選修或特色班可再延伸為專題研究與成果發表。,市立新莊高中的學生專車目前沒有公開的路線、站點或申請資訊；一般捷運、臺鐵、公車與步行路線另列於「通勤資訊」。,可搭F202公車，路線以新莊高中為起訖站，並銜接捷運新北產業園區站、頭前庄站、新莊站等交通節點，在「新莊高中」站下車到校。,市立新莊高中的一般高中部住宿目前沒有公開的校內宿舍申請、床位或收費方案；特定班級、專案或其他部別住宿另行區分。,https://www.google.com/maps/search/?api=1&query=%E5%B8%82%E7%AB%8B%E6%96%B0%E8%8E%8A%E9%AB%98%E4%B8%AD%20%E6%96%B0%E5%8C%97%E5%B8%82%E6%96%B0%E8%8E%8A%E5%8D%80%E4%B8%AD%E5%B9%B3%E8%B7%AF135%E8%99%9F,https://sites.google.com/hcsh.ntpc.edu.tw/hc301,http://www.hcsh.ntpc.edu.tw,https://ebus.gov.taipei/Route/StopsOfRoute?routeid=0454020200,https://ebus.gov.taipei/Route/StopsOfRoute?routeid=0454020200；https://www.google.com/maps/search/?api=1&query=%E6%96%B0%E5%8C%97%E5%B8%82%E6%96%B0%E8%8E%8A%E5%8D%80%E4%B8%AD%E5%B9%B3%E8%B7%AF135%E8%99%9F,http://www.hcsh.ntpc.edu.tw,http://www.hcsh.ntpc.edu.tw,https://sites.google.com/hcsh.ntpc.edu.tw/hc301；http://www.hcsh.ntpc.edu.tw；https://ebus.gov.taipei/Route/StopsOfRoute?routeid=0454020200；https://www.google.com/maps/search/?api=1&query=%E6%96%B0%E5%8C%97%E5%B8%82%E6%96%B0%E8%8E%8A%E5%8D%80%E4%B8%AD%E5%B9%B3%E8%B7%AF135%E8%99%9F,2026-09-08
,013339,市立林口高中,公立,桃連區共同就學區（基北區）,高中,男女校,新北市,林口區,新北市林口區仁愛路二段173號,http://www.lksh.ntpc.edu.tw,(02)26009482,普通科:30,30,30,,市立林口高中115學年度普通科課程以部定必修為基礎，並配置校訂必修、多元選修、自然與社會探究實作及自主學習；內容依該校115學年度課程計畫架構整理。,市立林口高中的主要實作學習包含自然科與社會領域探究實作、自主學習與學習成果；校訂課程、多元選修或特色班可再延伸為專題研究與成果發表。,市立林口高中的學生專車目前沒有公開的路線、站點或申請資訊；一般捷運、臺鐵、公車與步行路線另列於「通勤資訊」。,校方交通頁列「林口高中站」可搭858、898、966、946、967、920、925，下車後到校；「林口國中站」可搭786、948，下車後步行約250公尺。,市立林口高中的一般高中部住宿目前沒有公開的校內宿舍申請、床位或收費方案；特定班級、專案或其他部別住宿另行區分。,https://www.google.com/maps/search/?api=1&query=%E5%B8%82%E7%AB%8B%E6%9E%97%E5%8F%A3%E9%AB%98%E4%B8%AD%20%E6%96%B0%E5%8C%97%E5%B8%82%E6%9E%97%E5%8F%A3%E5%8D%80%E4%BB%81%E6%84%9B%E8%B7%AF%E4%BA%8C%E6%AE%B5173%E8%99%9F,https://www.lksh.ntpc.edu.tw/p/406-1000-16891%2Cr34.php,http://www.lksh.ntpc.edu.tw,https://www.lksh.ntpc.edu.tw/p/412-1000-148.php,https://www.lksh.ntpc.edu.tw/p/412-1000-148.php；https://www.google.com/maps/search/?api=1&query=%E6%96%B0%E5%8C%97%E5%B8%82%E6%9E%97%E5%8F%A3%E5%8D%80%E4%BB%81%E6%84%9B%E8%B7%AF%E4%BA%8C%E6%AE%B5173%E8%99%9F,http://www.lksh.ntpc.edu.tw,http://www.lksh.ntpc.edu.tw,https://www.lksh.ntpc.edu.tw/p/406-1000-16891%2Cr34.php；http://www.lksh.ntpc.edu.tw；https://www.lksh.ntpc.edu.tw/p/412-1000-148.php；https://www.google.com/maps/search/?api=1&query=%E6%96%B0%E5%8C%97%E5%B8%82%E6%9E%97%E5%8F%A3%E5%8D%80%E4%BB%81%E6%84%9B%E8%B7%AF%E4%BA%8C%E6%AE%B5173%E8%99%9F,2026-09-08
,014322,市立樹林高中,公立,桃連區共同就學區（基北區）,高中,男女校,新北市,樹林區,新北市樹林區中華路8號,http://www.slsh.ntpc.edu.tw,(02)86852011,普通科:3,3,3,,市立樹林高中115學年度普通科課程以部定必修為基礎，並配置校訂必修、多元選修、自然與社會探究實作及自主學習；內容依該校115學年度課程計畫架構整理。,市立樹林高中的主要實作學習包含自然科與社會領域探究實作、自主學習與學習成果；校訂課程、多元選修或特色班可再延伸為專題研究與成果發表。,有專車；114學年度公告載明上、放學均有專車時刻，並以搭乘人數維持營運。,可搭臺鐵至樹林站；由前站出口沿鎮前街步行至樹中街，或由後站出口經中山路、立人地下道再轉樹中街前往中華路8號校區。,市立樹林高中的一般高中部住宿目前沒有公開的校內宿舍申請、床位或收費方案；特定班級、專案或其他部別住宿另行區分。,https://www.google.com/maps/search/?api=1&query=%E5%B8%82%E7%AB%8B%E6%A8%B9%E6%9E%97%E9%AB%98%E4%B8%AD%20%E6%96%B0%E5%8C%97%E5%B8%82%E6%A8%B9%E6%9E%97%E5%8D%80%E4%B8%AD%E8%8F%AF%E8%B7%AF8%E8%99%9F,https://www.slsh.ntpc.edu.tw/p/403-1000-233-1.php,http://www.slsh.ntpc.edu.tw,https://www.slsh.ntpc.edu.tw/p/406-1000-12484%2Cr73.php?Lang=zh-tw,https://www.slsh.ntpc.edu.tw/p/406-1000-12484%2Cr73.php?Lang=zh-tw；https://www.google.com/maps/search/?api=1&query=%E6%96%B0%E5%8C%97%E5%B8%82%E6%A8%B9%E6%9E%97%E5%8D%80%E4%B8%AD%E8%8F%AF%E8%B7%AF8%E8%99%9F；https://www.slsh.ntpc.edu.tw/p/426-1000-15.php,http://www.slsh.ntpc.edu.tw,http://www.slsh.ntpc.edu.tw,https://www.slsh.ntpc.edu.tw/p/403-1000-233-1.php；http://www.slsh.ntpc.edu.tw；https://www.slsh.ntpc.edu.tw/p/406-1000-12484%2Cr73.php?Lang=zh-tw；https://www.google.com/maps/search/?api=1&query=%E6%96%B0%E5%8C%97%E5%B8%82%E6%A8%B9%E6%9E%97%E5%8D%80%E4%B8%AD%E8%8F%AF%E8%B7%AF8%E8%99%9F,2026-09-08
,014353,市立丹鳳高中,公立,桃連區共同就學區（基北區）,綜高,男女校,新北市,新莊區,新北市新莊區龍安路72號,http://www.dfsh.ntpc.edu.tw/,(02)29089627,普通科:4；資訊科:2；資料處理科:2,8,8,,115學年度入學課程計畫包含普通班課程與語文、數理實驗班計畫；數理實驗班安排科學試探、實驗設計及數學／物理／化學／生物／地科專題研究，普通班課程依校方115課程計畫。,數理實驗班於高一進行科學試探，高二以實驗設計延續科展或小論文研究；普通班則依115學年度總體課程計畫實施探究與實作及自主學習。,市立丹鳳高中的學生專車目前沒有公開的路線、站點或申請資訊；一般捷運、臺鐵、公車與步行路線另列於「通勤資訊」。,捷運中和新蘆線至迴龍站2號出口，步行約5至10分鐘到校；公車可在「丹鳳高中站」下車，藍2、663、712、859、F201直達，或在「丹鳳國小站」下車步行約5分鐘，635、636、810、985、橘26、898、橘21、藍37可達。,市立丹鳳高中的一般高中部住宿目前沒有公開的校內宿舍申請、床位或收費方案；校方學生專車屬交通服務，不列為住宿安排。,https://www.google.com/maps/search/?api=1&query=%E5%B8%82%E7%AB%8B%E4%B8%B9%E9%B3%B3%E9%AB%98%E4%B8%AD%20%E6%96%B0%E5%8C%97%E5%B8%82%E6%96%B0%E8%8E%8A%E5%8D%80%E9%BE%8D%E5%AE%89%E8%B7%AF72%E8%99%9F,https://www.dfsh.ntpc.edu.tw/p/406-1000-9217%2Cr223.php,https://www.dfsh.ntpc.edu.tw/app/index.php?Action=downloadfile&file=WVhSMFlXTm9MelUzTDNCMFlWOHpNamc0WHprd05UUTJNekpmT0RjM09ETXVjR1Jt,https://www.dfsh.ntpc.edu.tw/p/412-1000-825.php,https://www.dfsh.ntpc.edu.tw/p/412-1000-825.php；https://www.google.com/maps/search/?api=1&query=242046+新北市新莊區龍安路72號,https://www.dfsh.ntpc.edu.tw/,https://www.dfsh.ntpc.edu.tw/p/406-1000-9217%2Cr223.php,https://www.dfsh.ntpc.edu.tw/p/406-1000-9217%2Cr223.php；https://www.dfsh.ntpc.edu.tw/app/index.php?Action=downloadfile&file=WVhSMFlXTm9MelUzTDNCMFlWOHpNamc0WHprd05UUTJNekpmT0RjM09ETXVjR1Jt；https://www.dfsh.ntpc.edu.tw/p/412-1000-825.php；https://www.google.com/maps/search/?api=1&query=242046+新北市新莊區龍安路72號；https://www.dfsh.ntpc.edu.tw/,2026-09-08
,014439,市立鶯歌工商,公立,桃連區共同就學區（基北區）,高職,男女校,新北市,鶯歌區,新北市鶯歌區中正三路154號,http://www.ykvs.ntpc.edu.tw,(02)26775040,應用日語科:1；美術工藝科:2；陶瓷工程科:2；廣告設計科:2；多媒體設計科:1,8,8,,市立鶯歌工商：115學年度課程依各科課程計畫安排，主要科別包括資料處理科、應用日語科、美術工藝科、陶瓷工程科、廣告設計科、多媒體設計科；各科結合專業理論、校訂課程與實習／實作學習。,市立鶯歌工商：資料處理科、應用日語科、美術工藝科、陶瓷工程科、廣告設計科、多媒體設計科等科別依115學年度課程計畫安排專業實習、實作與專題製作，並透過作品、技能或成果發表整合專業學習。,市立鶯歌工商的學生專車目前沒有公開的路線、站點或申請資訊；一般捷運、臺鐵、公車與步行路線另列於「通勤資訊」。,搭臺鐵至鶯歌站後，可轉乘公車至「鶯歌高職」站；校方交通資訊列有桃園客運大溪線、新北市免費公車二橋建德線及851等路線；從鶯歌火車站搭公車至校約20分鐘。,市立鶯歌工商的一般高中部住宿目前沒有公開的校內宿舍申請、床位或收費方案；特定班級、專案或其他部別住宿另行區分。,https://www.google.com/maps/search/?api=1&query=%E5%B8%82%E7%AB%8B%E9%B6%AF%E6%AD%8C%E5%B7%A5%E5%95%86%20%E6%96%B0%E5%8C%97%E5%B8%82%E9%B6%AF%E6%AD%8C%E5%8D%80%E4%B8%AD%E6%AD%A3%E4%B8%89%E8%B7%AF154%E8%99%9F,https://www.ykvs.ntpc.edu.tw/p/403-1000-378-1.php,https://www.ykvs.ntpc.edu.tw/p/403-1000-504.php,https://www.ykvs.ntpc.edu.tw/p/406-1000-4562%2Cr265.php,https://www.ykvs.ntpc.edu.tw/p/406-1000-4562%2Cr265.php；https://www.google.com/maps/search/?api=1&query=%E6%96%B0%E5%8C%97%E5%B8%82%E9%B6%AF%E6%AD%8C%E5%8D%80%E4%B8%AD%E6%AD%A3%E4%B8%89%E8%B7%AF154%E8%99%9F,http://www.ykvs.ntpc.edu.tw,http://www.ykvs.ntpc.edu.tw,https://www.ykvs.ntpc.edu.tw/p/403-1000-378-1.php；https://www.ykvs.ntpc.edu.tw/p/403-1000-504.php；https://www.ykvs.ntpc.edu.tw/p/406-1000-4562%2Cr265.php；https://www.google.com/maps/search/?api=1&query=%E6%96%B0%E5%8C%97%E5%B8%82%E9%B6%AF%E6%AD%8C%E5%8D%80%E4%B8%AD%E6%AD%A3%E4%B8%89%E8%B7%AF154%E8%99%9F；http://www.ykvs.ntpc.edu.tw,2026-09-08
,011310,財團法人恆毅高中,私立,桃連區共同就學區（基北區）,綜高,男女校,新北市,新莊區,新北市新莊區中正路108號,http://www.hchs.ntpc.edu.tw,(02)29923619,動力機械科:31；電機科:62；農場經營科:26；園藝科:31；畜產保健科:31；普通科:5；商業經營科:5,196,196,,財團法人恆毅高中115學年度普通科課程以部定必修為基礎，並配置校訂必修、多元選修、自然與社會探究實作及自主學習；內容依該校115學年度課程計畫架構整理。,財團法人恆毅高中的主要實作學習包含自然科與社會領域探究實作、自主學習與學習成果；校訂課程、多元選修或特色班可再延伸為專題研究與成果發表。,有學生專車；校方提供115學年度學生專車系統與路線資料，校方按學年度公布專車站點及班次。,捷運新莊站1號出口向左步行約150公尺即可到校；公車235可在新莊站下車，99、299可在新泰路口下車後步行前往。,財團法人恆毅高中的一般高中部住宿目前沒有公開的校內宿舍申請、床位或收費方案；特定班級、專案或其他部別住宿另行區分。,https://www.google.com/maps/search/?api=1&query=%E8%B2%A1%E5%9C%98%E6%B3%95%E4%BA%BA%E6%81%86%E6%AF%85%E9%AB%98%E4%B8%AD%20%E6%96%B0%E5%8C%97%E5%B8%82%E6%96%B0%E8%8E%8A%E5%8D%80%E4%B8%AD%E6%AD%A3%E8%B7%AF108%E8%99%9F,https://www.hchs.ntpc.edu.tw/p/412-1000-873.php,http://www.hchs.ntpc.edu.tw,https://sun.hchs.ntpc.edu.tw/record/hchsbus/,https://sun.hchs.ntpc.edu.tw/record/hchsbus/；https://www.google.com/maps/search/?api=1&query=%E6%96%B0%E5%8C%97%E5%B8%82%E6%96%B0%E8%8E%8A%E5%8D%80%E4%B8%AD%E6%AD%A3%E8%B7%AF108%E8%99%9F；https://www2.hchs.ntpc.edu.tw/p/412-1000-439.php,http://www.hchs.ntpc.edu.tw,http://www.hchs.ntpc.edu.tw,https://www.hchs.ntpc.edu.tw/p/412-1000-873.php；http://www.hchs.ntpc.edu.tw；https://sun.hchs.ntpc.edu.tw/record/hchsbus/；https://www.google.com/maps/search/?api=1&query=%E6%96%B0%E5%8C%97%E5%B8%82%E6%96%B0%E8%8E%8A%E5%8D%80%E4%B8%AD%E6%AD%A3%E8%B7%AF108%E8%99%9F；https://www2.hchs.ntpc.edu.tw/p/412-1000-439.php,2026-09-08
,011317,私立醒吾高中,私立,桃連區共同就學區（基北區）,高職,男女校,新北市,林口區,新北市林口區粉寮路一段75巷80號,http://www.swsh.ntpc.edu.tw,(02)26012644,資料處理科:5；幼兒保育科:5；時尚造型科:5；觀光事業科:5,20,20,,私立醒吾高中：115學年度課程依各科課程計畫安排，主要科別包括幼兒保育科、照顧服務科、時尚造型科、觀光事業科；各科結合專業理論、校訂課程與實習／實作學習。,私立醒吾高中：幼兒保育科、照顧服務科、時尚造型科、觀光事業科等科別依115學年度課程計畫安排專業實習、實作與專題製作，並透過作品、技能或成果發表整合專業學習。,私立醒吾高中的學生專車目前沒有公開的路線、站點或申請資訊；一般捷運、臺鐵、公車與步行路線另列於「通勤資訊」。,可搭858等公車至「醒吾科技大學」站，再步行前往校區；858可銜接林口、泰山、捷運泰山貴和站、丹鳳站與輔大站等節點。,私立醒吾高中的一般高中部住宿目前沒有公開的校內宿舍申請、床位或收費方案；特定班級、專案或其他部別住宿另行區分。,https://www.google.com/maps/search/?api=1&query=%E7%A7%81%E7%AB%8B%E9%86%92%E5%90%BE%E9%AB%98%E4%B8%AD%20%E6%96%B0%E5%8C%97%E5%B8%82%E6%9E%97%E5%8F%A3%E5%8D%80%E7%B2%89%E5%AF%AE%E8%B7%AF%E4%B8%80%E6%AE%B575%E5%B7%B780%E8%99%9F,https://www.swsh.ntpc.edu.tw/ezfiles/0/1000/img/12/390158559.pdf,http://www.swsh.ntpc.edu.tw,https://atis.taipei.gov.tw/aspx/businfomation/presentinfo.aspx?ddlName=858&lang=zh-Hant-TW,https://atis.taipei.gov.tw/aspx/businfomation/presentinfo.aspx?ddlName=858&lang=zh-Hant-TW；https://www.google.com/maps/search/?api=1&query=%E6%96%B0%E5%8C%97%E5%B8%82%E6%9E%97%E5%8F%A3%E5%8D%80%E7%B2%89%E5%AF%AE%E8%B7%AF%E4%B8%80%E6%AE%B575%E5%B7%B780%E8%99%9F,http://www.swsh.ntpc.edu.tw,http://www.swsh.ntpc.edu.tw,https://www.swsh.ntpc.edu.tw/ezfiles/0/1000/img/12/390158559.pdf；http://www.swsh.ntpc.edu.tw；https://atis.taipei.gov.tw/aspx/businfomation/presentinfo.aspx?ddlName=858&lang=zh-Hant-TW；https://www.google.com/maps/search/?api=1&query=%E6%96%B0%E5%8C%97%E5%B8%82%E6%9E%97%E5%8F%A3%E5%8D%80%E7%B2%89%E5%AF%AE%E8%B7%AF%E4%B8%80%E6%AE%B575%E5%B7%B780%E8%99%9F,2026-09-08
,011330,新北市林口康橋國際高中,私立,桃連區共同就學區（基北區）,綜高,男女校,新北市,林口區,新北市林口區興林路55號,https://web.kcislk.ntpc.edu.tw/,(02)26015888,普通科:1；資訊科:1；商業經營科:1；資料處理科:1,4,4,,新北市林口康橋國際高中115學年度普通科課程以部定必修為基礎，並配置校訂必修、多元選修、自然與社會探究實作及自主學習；內容依該校115學年度課程計畫架構整理。,新北市林口康橋國際高中的主要實作學習包含自然科與社會領域探究實作、自主學習與學習成果；校訂課程、多元選修或特色班可再延伸為專題研究與成果發表。,有交通車；115學年度校方交通車專區提供臺北、新北、桃園、新竹及林口地區多條交通車路線，學生依校方公告站點及時刻搭乘。,可搭桃園機場捷運至A9林口站，步行至捷運林口公車站轉乘920、925、945、946或966，在林口區公所站下車後步行約4分鐘到校。,校方設宿舍及住宿申請系統，住宿資格與免住宿條件依校方舍務組公告；實際床位及費用依當學年度規定。,https://www.google.com/maps/search/?api=1&query=%E6%96%B0%E5%8C%97%E5%B8%82%E6%9E%97%E5%8F%A3%E5%BA%B7%E6%A9%8B%E5%9C%8B%E9%9A%9B%E9%AB%98%E4%B8%AD%20%E6%96%B0%E5%8C%97%E5%B8%82%E6%9E%97%E5%8F%A3%E5%8D%80%E8%88%88%E6%9E%97%E8%B7%AF55%E8%99%9F,https://web.kcislk.ntpc.edu.tw/teachingprogram/,https://web.kcislk.ntpc.edu.tw/,https://web.kcislk.ntpc.edu.tw/shuttle-bus-zone/,https://web.kcislk.ntpc.edu.tw/shuttle-bus-zone/；https://www.google.com/maps/search/?api=1&query=%E6%96%B0%E5%8C%97%E5%B8%82%E6%9E%97%E5%8F%A3%E5%8D%80%E8%88%88%E6%9E%97%E8%B7%AF55%E8%99%9F；https://web.kcislk.ntpc.edu.tw/contact_us/,https://dormitory.kcislk.ntpc.edu.tw/,https://web.kcislk.ntpc.edu.tw/,https://web.kcislk.ntpc.edu.tw/teachingprogram/；https://web.kcislk.ntpc.edu.tw/；https://web.kcislk.ntpc.edu.tw/shuttle-bus-zone/；https://www.google.com/maps/search/?api=1&query=%E6%96%B0%E5%8C%97%E5%B8%82%E6%9E%97%E5%8F%A3%E5%8D%80%E8%88%88%E6%9E%97%E8%B7%AF55%E8%99%9F；https://web.kcislk.ntpc.edu.tw/contact_us/；https://dormitory.kcislk.ntpc.edu.tw/,2026-09-08
,011405,私立樹人家商,私立,桃連區共同就學區（基北區）,高職,男女校,新北市,樹林區,新北市樹林區大安路216號,http://www.stgvs.ntpc.edu.tw,(02)26870391,烘焙科:1；幼兒保育科:1；美容科:1；餐飲管理科:1；影劇科:1；表演藝術科:1,7,7,,私立樹人家商：115學年度課程依各科課程計畫安排，主要科別包括資料處理科、烘焙科、幼兒保育科、美容科、觀光事業科、餐飲管理科、影劇科、表演藝術科；各科結合專業理論、校訂課程與實習／實作學習。,私立樹人家商：資料處理科、烘焙科、幼兒保育科、美容科、觀光事業科、餐飲管理科、影劇科、表演藝術科等科別依115學年度課程計畫安排專業實習、實作與專題製作，並透過作品、技能或成果發表整合專業學習。,有校車；校方設有「校車路線」專區，學生手冊亦載明日、進修部學生校車搭乘與收費規範；實際路線依校方當期校車安排。,臺鐵可至樹林站，從後站方向步行約8分鐘到校；公車可搭藍38至「樹人家商」站，843或701可在保安街口下車後步行前往，另有799及土城金城路－樹林大安路等路線停靠樹人家商。,私立樹人家商的一般高中部住宿目前沒有公開的校內宿舍申請、床位或收費方案；特定班級、專案或其他部別住宿另行區分。,https://www.google.com/maps/search/?api=1&query=%E7%A7%81%E7%AB%8B%E6%A8%B9%E4%BA%BA%E5%AE%B6%E5%95%86%20%E6%96%B0%E5%8C%97%E5%B8%82%E6%A8%B9%E6%9E%97%E5%8D%80%E5%A4%A7%E5%AE%89%E8%B7%AF216%E8%99%9F,https://www.stgvs.ntpc.edu.tw/uploads/1768993182693v1Zx7JPo.pdf,http://www.stgvs.ntpc.edu.tw,https://www.stgvs.ntpc.edu.tw/nss/s/main/A004A02,https://www.stgvs.ntpc.edu.tw/nss/s/main/A004A02；https://www.google.com/maps/search/?api=1&query=%E6%96%B0%E5%8C%97%E5%B8%82%E6%A8%B9%E6%9E%97%E5%8D%80%E5%A4%A7%E5%AE%89%E8%B7%AF216%E8%99%9F；https://www.stgvs.ntpc.edu.tw/nss/p/A004A03；https://ebus.gov.taipei/Route/StopsOfRoute?routeid=0463003600,http://www.stgvs.ntpc.edu.tw,http://www.stgvs.ntpc.edu.tw,https://www.stgvs.ntpc.edu.tw/uploads/1768993182693v1Zx7JPo.pdf；http://www.stgvs.ntpc.edu.tw；https://www.stgvs.ntpc.edu.tw/nss/s/main/A004A02；https://www.google.com/maps/search/?api=1&query=%E6%96%B0%E5%8C%97%E5%B8%82%E6%A8%B9%E6%9E%97%E5%8D%80%E5%A4%A7%E5%AE%89%E8%B7%AF216%E8%99%9F；https://www.stgvs.ntpc.edu.tw/nss/p/A004A03；https://ebus.gov.taipei/Route/StopsOfRoute?routeid=0463003600,2026-09-08
,040304,國立關西高中,公立,桃連區共同就學區（竹苗區）,高職,男女校,新竹縣,關西鎮,新竹縣關西鎮東安里中山東路2號,https://www.khsh.hcc.edu.tw/,(03)5872049,畜產保健科:1；餐飲管理科:1,2,2,,115學年度同時設普通型與技術型課程；職業類科涵蓋園藝、畜產保健、食品加工、家政、商業經營、電機與餐飲，另有學術與資訊等學程。,各職業類科依115課程計畫安排實習與專題；校方另設食農教育特色課程及ZTC專題呈現平台，供學生整合作品與成果。,有學生專車。115-1設專車報名、路線規劃與放學停放位置資訊，供學生上下學使用。,新竹客運有行駛「國立關西高中」班車；一般公車可由新竹、竹北、新埔或關西市區轉乘至學校周邊。,國立關西高中目前沒有公開的一般高中職學生固定住宿申請制度資訊。,https://www.google.com/maps/search/?api=1&query=%E5%9C%8B%E7%AB%8B%E9%97%9C%E8%A5%BF%E9%AB%98%E4%B8%AD%20%E6%96%B0%E7%AB%B9%E7%B8%A3%E9%97%9C%E8%A5%BF%E9%8E%AE%E6%9D%B1%E5%AE%89%E9%87%8C%E4%B8%AD%E5%B1%B1%E6%9D%B1%E8%B7%AF2%E8%99%9F,https://www.khsh.hcc.edu.tw/home?cid=18542,https://www.khsh.hcc.edu.tw/home?cid=18542,https://www.khsh.hcc.edu.tw/home?cid=25517,https://www.khsh.hcc.edu.tw/home?cid=9111,https://www.khsh.hcc.edu.tw/,https://www.khsh.hcc.edu.tw/,https://www.khsh.hcc.edu.tw/,2026-09-08
,044320,縣立湖口高中,公立,桃連區共同就學區（竹苗區）,綜高,男女校,新竹縣,湖口鄉,新竹縣湖口鄉達生路601號,https://hkhs.hcc.edu.tw,(03)5992588,普通科:1；商業經營科:1,2,2,,縣立湖口高中兼具一般學術課程與商業經營科等專業方向，115學年度透過校訂課程、多元選修、實作學習與生涯探索提供不同升學路徑。,縣立湖口高中各專業科別依115學年度課程安排專業實作、實習科目與專題製作，透過操作、作品或成果發表整合所學。,有學生專車。115-1設竹北、新埔、新竹、縱貫、後湖等路線，採線上報名並公布發車時間與位置圖。,臺鐵湖口站至學校側門步行約10分鐘；亦可利用115-1學生專車的竹北、新埔、新竹、縱貫等路線。,縣立湖口高中目前沒有公開的一般高中職學生固定住宿申請制度資訊。,https://www.google.com/maps/search/?api=1&query=%E7%B8%A3%E7%AB%8B%E6%B9%96%E5%8F%A3%E9%AB%98%E4%B8%AD%20%E6%96%B0%E7%AB%B9%E7%B8%A3%E6%B9%96%E5%8F%A3%E9%84%89%E9%81%94%E7%94%9F%E8%B7%AF601%E8%99%9F,https://hkhs.hcc.edu.tw/,https://hkhs.hcc.edu.tw/,https://hkhs.hcc.edu.tw/p/406-1015-549048%2Cr7.php,https://hkhs.hcc.edu.tw/p/406-1015-546474%2Cr1620.php?Lang=zh-tw,https://hkhs.hcc.edu.tw,https://hkhs.hcc.edu.tw,https://hkhs.hcc.edu.tw,2026-09-08
,041307,私立仰德高中,私立,桃連區共同就學區（竹苗區）,綜高,男女校,新竹縣,新豐鄉,新竹縣新豐鄉員山133號,http://www.ydvs.hcc.edu.tw/,(03)5592158,電子商務科:4；時尚造型科:4；餐飲管理科:6；綜合高中:6；資料處理科:1；餐飲管理科:2；機械科:24；模具科:24；汽車科:24；電子科:24；電機科:24；化工科:24,167,167,,115學年度技術型課程以餐飲管理、時尚造型、電子商務等專業方向為主，另有建教、實用技能與進修部課程規劃。,私立仰德高中各專業科別依115學年度課程安排專業實作、實習科目與專題製作，透過操作、作品或成果發表整合所學。,私立仰德高中目前沒有公開固定的高中部校車／學生專車路線資訊；一般公共運輸方式另列於「通勤資訊」。,可由臺鐵新豐站作為主要轉乘點，再利用新豐地區公車或步行前往員山校區。,私立仰德高中目前沒有公開的一般高中職學生固定住宿申請制度資訊。,https://www.google.com/maps/search/?api=1&query=%E7%A7%81%E7%AB%8B%E4%BB%B0%E5%BE%B7%E9%AB%98%E4%B8%AD%20%E6%96%B0%E7%AB%B9%E7%B8%A3%E6%96%B0%E8%B1%90%E9%84%89%E5%93%A1%E5%B1%B1133%E8%99%9F,https://www.ydvs.hcc.edu.tw/overall-curriculum-plan/,https://www.ydvs.hcc.edu.tw/overall-curriculum-plan/,http://www.ydvs.hcc.edu.tw/,https://www.google.com/maps/search/?api=1&query=%E7%A7%81%E7%AB%8B%E4%BB%B0%E5%BE%B7%E9%AB%98%E4%B8%AD%20%E6%96%B0%E7%AB%B9%E7%B8%A3%E6%96%B0%E8%B1%90%E9%84%89%E5%93%A1%E5%B1%B1133%E8%99%9F,http://www.ydvs.hcc.edu.tw/,http://www.ydvs.hcc.edu.tw/,http://www.ydvs.hcc.edu.tw/,2026-09-08
,041401,私立內思高工,私立,桃連區共同就學區（竹苗區）,高職,男女校,新竹縣,新埔鎮,新竹縣新埔鎮楊新路一段40號,http://www.savs.hcc.edu.tw,(03)5882520,機械科:2；資訊科:2；電子科:2；電機科:2；多媒體設計科:2,10,10,,私立內思高工115學年度課程以機械科、資訊科、電子科、電機科、多媒體設計科等專業方向為主，各科配置專業核心、實習實作、校訂選修與職涯銜接課程。,私立內思高工各專業科別依115學年度課程安排專業實作、實習科目與專題製作，透過操作、作品或成果發表整合所學。,私立內思高工目前沒有公開固定的高中部校車／學生專車路線資訊；一般公共運輸方式另列於「通勤資訊」。,可由新竹、竹北方向搭往新埔的客運至新埔市區，再沿楊新路一段步行或轉乘至內思高工。,私立內思高工目前沒有公開的一般高中職學生固定住宿申請制度資訊。,https://www.google.com/maps/search/?api=1&query=%E7%A7%81%E7%AB%8B%E5%85%A7%E6%80%9D%E9%AB%98%E5%B7%A5%20%E6%96%B0%E7%AB%B9%E7%B8%A3%E6%96%B0%E5%9F%94%E9%8E%AE%E6%A5%8A%E6%96%B0%E8%B7%AF%E4%B8%80%E6%AE%B540%E8%99%9F,https://www.nsivs.hcc.edu.tw/,https://www.nsivs.hcc.edu.tw/,http://www.savs.hcc.edu.tw,https://www.google.com/maps/search/?api=1&query=%E7%A7%81%E7%AB%8B%E5%85%A7%E6%80%9D%E9%AB%98%E5%B7%A5%20%E6%96%B0%E7%AB%B9%E7%B8%A3%E6%96%B0%E5%9F%94%E9%8E%AE%E6%A5%8A%E6%96%B0%E8%B7%AF%E4%B8%80%E6%AE%B540%E8%99%9F,http://www.savs.hcc.edu.tw,http://www.savs.hcc.edu.tw,http://www.savs.hcc.edu.tw,2026-09-08
