排名,學校代碼,學校名稱,公私立,招生區,學制分類,男女校,縣市,區,地址,官網,電話,科系與名額,簡章招生名額,招生名額,最低錄取分數,分數年度,分數來源備註,資優/特色班,排序分數
1,170404,國立基隆商工,公立,基北區,高中,男女兼收,基隆市,七堵區,基隆市七堵區東新街22號,https://www.klcivs.kl.edu.tw/,(02)24567126,商業經營科:11；國際貿易科:11；資料處理科:11,33,,,,教育部115學年度高中職名錄；招生與科系依115學年度基北區免試入學簡章整理。未填最低錄取分數，避免引用未經官方統一核定的估算值。,資優/特色班請依各校及基北區官方公告查詢,
2,170301,國立基隆女中,公立,基北區,高中,男女兼收,基隆市,信義區,基隆市信義區東信路324號,http://www.klgsh.kl.edu.tw,(02)24278274,普通科:202,202,,,,教育部115學年度高中職名錄；招生與科系依115學年度基北區免試入學簡章整理。未填最低錄取分數，避免引用未經官方統一核定的估算值。,資優/特色班請依各校及基北區官方公告查詢,
3,170302,國立基隆高中,公立,基北區,高中,男女兼收,基隆市,暖暖區,基隆市暖暖區源遠路20號,https://www.klsh.kl.edu.tw/,(02)24582052,普通科:134,134,,,,教育部115學年度高中職名錄；招生與科系依115學年度基北區免試入學簡章整理。未填最低錄取分數，避免引用未經官方統一核定的估算值。,資優/特色班請依各校及基北區官方公告查詢,
4,170403,國立海洋大學附屬基隆海事,公立,基北區,技術型高中,男女兼收,基隆市,中正區,基隆市中正區祥豐街246號,http://www.klms.ntou.edu.tw/,(02)24633655,食品科:8,8,,,,教育部115學年度高中職名錄；招生與科系依115學年度基北區免試入學簡章整理。未填最低錄取分數，避免引用未經官方統一核定的估算值。,資優/特色班請依各校及基北區官方公告查詢,
5,173304,市立中山高中,公立,基北區,高中,男女兼收,基隆市,中山區,基隆市中山區文化路162號,https://csjh.kl.edu.tw/,(02)24248191,普通科:9,9,,,,教育部115學年度高中職名錄；招生與科系依115學年度基北區免試入學簡章整理。未填最低錄取分數，避免引用未經官方統一核定的估算值。,資優/特色班請依各校及基北區官方公告查詢,
6,173314,市立八斗高中,公立,基北區,高中,男女兼收,基隆市,中正區,基隆市中正區新豐街100號,https://bdjh.kl.edu.tw/,(02)24692366,普通科:12,12,,,,教育部115學年度高中職名錄；招生與科系依115學年度基北區免試入學簡章整理。未填最低錄取分數，避免引用未經官方統一核定的估算值。,資優/特色班請依各校及基北區官方公告查詢,
7,173306,市立安樂高中,公立,基北區,高中,男女兼收,基隆市,安樂區,基隆市安樂區安一路360號,https://aljh.kl.edu.tw/,(02)24236600,普通科:24,24,,,,教育部115學年度高中職名錄；招生與科系依115學年度基北區免試入學簡章整理。未填最低錄取分數，避免引用未經官方統一核定的估算值。,資優/特色班請依各校及基北區官方公告查詢,
8,173307,市立暖暖高中,公立,基北區,高中,男女兼收,基隆市,暖暖區,基隆市暖暖區暖中路112號,https://nnjh.kl.edu.tw/,(02)24575534,普通科:6,6,,,,教育部115學年度高中職名錄；招生與科系依115學年度基北區免試入學簡章整理。未填最低錄取分數，避免引用未經官方統一核定的估算值。,資優/特色班請依各校及基北區官方公告查詢,
9,171306,私立二信高中,私立,基北區,高中,男女兼收,基隆市,中正區,基隆市中正區立德路243號,https://www.essh.kl.edu.tw/,(02)24623131,普通科:128；機械科:15；電機科:9；商業經營科:10；資料處理科:15,177,,,,教育部115學年度高中職名錄；招生與科系依115學年度基北區免試入學簡章整理。未填最低錄取分數，避免引用未經官方統一核定的估算值。,資優/特色班請依各校及基北區官方公告查詢,
10,171407,私立培德工家,私立,基北區,高中,男女兼收,基隆市,信義區,基隆市信義區培德路73號,http://www.ptvs.kl.edu.tw,(02)24652121,航海科:18；汽車科:6；餐飲管理科:18,42,,,,教育部115學年度高中職名錄；招生與科系依115學年度基北區免試入學簡章整理。未填最低錄取分數，避免引用未經官方統一核定的估算值。,資優/特色班請依各校及基北區官方公告查詢,
11,171308,輔大聖心高中,私立,基北區,高中,男女兼收,基隆市,中山區,基隆市中山區西定路166號,http://www.shsh.kl.edu.tw,(02)24282454,廣告設計科:8；普通科:9,17,,,,教育部115學年度高中職名錄；招生與科系依115學年度基北區免試入學簡章整理。未填最低錄取分數，避免引用未經官方統一核定的估算值。,資優/特色班請依各校及基北區官方公告查詢,
12,20409,國立頭城家商,公立,基北區共同就學區,高中,男女兼收,宜蘭縣,頭城鎮,宜蘭縣頭城鎮新興路111號,http://www.tcvs.ilc.edu.tw,(03)9771131,資料處理科:33；觀光事業科:33；美容科:66；普通科:1,133,,,,教育部115學年度高中職名錄；招生與科系依115學年度基北區免試入學簡章整理。未填最低錄取分數，避免引用未經官方統一核定的估算值。,資優/特色班請依各校及基北區官方公告查詢,
13,10301,國立華僑高級中等學校,公立,基北區,高中,男女兼收,新北市,板橋區,新北市板橋區大觀路一段32號,http://www.nocsh.ntpc.edu.tw,(02)29684131,綜合高中:224,224,,,,教育部115學年度高中職名錄；招生與科系依115學年度基北區免試入學簡章整理。未填最低錄取分數，避免引用未經官方統一核定的估算值。,資優/特色班請依各校及基北區官方公告查詢,
14,14357,市立三民高中,公立,基北區,高中,男女兼收,新北市,蘆洲區,新北市蘆洲區三民路96號,http://www.smsh.ntpc.edu.tw,(02)22894675,普通科:290,290,,,,教育部115學年度高中職名錄；招生與科系依115學年度基北區免試入學簡章整理。未填最低錄取分數，避免引用未經官方統一核定的估算值。,資優/特色班請依各校及基北區官方公告查詢,
15,13430,市立三重商工,公立,基北區,高中,男女兼收,新北市,三重區,新北市三重區中正北路163號,http://www.scvs.ntpc.edu.tw,(02)29715606,建築科:32；機械科:32；板金科:5；模具科:30；製圖科:32；汽車科:32,163,,,,教育部115學年度高中職名錄；招生與科系依115學年度基北區免試入學簡章整理。未填最低錄取分數，避免引用未經官方統一核定的估算值。,資優/特色班請依各校及基北區官方公告查詢,
16,14311,市立三重高中,公立,基北區,高中,男女兼收,新北市,三重區,新北市三重區集美街212號,https://www3.schs.ntpc.edu.tw/,(02)29760501,普通科:308,308,,,,教育部115學年度高中職名錄；招生與科系依115學年度基北區免試入學簡章整理。未填最低錄取分數，避免引用未經官方統一核定的估算值。,資優/特色班請依各校及基北區官方公告查詢,
17,13336,市立中和高中,公立,基北區,高中,男女兼收,新北市,中和區,新北市中和區連城路460號,http://www.chshs.ntpc.edu.tw,(02)22227146,普通科:465,465,,,,教育部115學年度高中職名錄；招生與科系依115學年度基北區免試入學簡章整理。未填最低錄取分數，避免引用未經官方統一核定的估算值。,資優/特色班請依各校及基北區官方公告查詢,
18,14353,市立丹鳳高中,公立,基北區,高中,男女兼收,新北市,新莊區,新北市新莊區龍安路72號,http://www.dfsh.ntpc.edu.tw/,(02)29089627,普通科:223,223,,,,教育部115學年度高中職名錄；招生與科系依115學年度基北區免試入學簡章整理。未填最低錄取分數，避免引用未經官方統一核定的估算值。,資優/特色班請依各校及基北區官方公告查詢,
19,14363,市立光復高中,公立,基北區,高中,男女兼收,新北市,板橋區,新北市板橋區光環路一段7號,http://www.gfhs.ntpc.edu.tw/,(02)29582366,綜合高中:150,150,,,,教育部115學年度高中職名錄；招生與科系依115學年度基北區免試入學簡章整理。未填最低錄取分數，避免引用未經官方統一核定的估算值。,資優/特色班請依各校及基北區官方公告查詢,
20,14381,市立北大高級中學,公立,基北區,高中,男女兼收,新北市,三峽區,新北市三峽區大義路277號,http://www.bdsh.ntpc.edu.tw,(02)26742666,普通科:132,132,,,,教育部115學年度高中職名錄；招生與科系依115學年度基北區免試入學簡章整理。未填最低錄取分數，避免引用未經官方統一核定的估算值。,資優/特色班請依各校及基北區官方公告查詢,
21,14343,市立安康高中,公立,基北區,高中,男女兼收,新北市,新店區,新北市新店區安興路25號,http://www.akhs.ntpc.edu.tw,(02)22111743,普通科:212,212,,,,教育部115學年度高中職名錄；招生與科系依115學年度基北區免試入學簡章整理。未填最低錄取分數，避免引用未經官方統一核定的估算值。,資優/特色班請依各校及基北區官方公告查詢,
22,13338,市立新北高中,公立,基北區,高中,男女兼收,新北市,三重區,新北市三重區三信路1號,http://www.ntsh.ntpc.edu.tw/,(02)28577326,普通科:428,428,,,,教育部115學年度高中職名錄；招生與科系依115學年度基北區免試入學簡章整理。未填最低錄取分數，避免引用未經官方統一核定的估算值。,資優/特色班請依各校及基北區官方公告查詢,
23,13433,市立新北高工,公立,基北區,高中,男女兼收,新北市,土城區,新北市土城區學府路一段241號,https://www.ntvs.ntpc.edu.tw/,(02)22612483,商業經營科:12；機械科:52；汽車科:20；資訊科:32,116,,,,教育部115學年度高中職名錄；招生與科系依115學年度基北區免試入學簡章整理。未填最低錄取分數，避免引用未經官方統一核定的估算值。,資優/特色班請依各校及基北區官方公告查詢,
24,13335,市立新店高中,公立,基北區,高中,男女兼收,新北市,新店區,新北市新店區中央路93號,http://www.htsh.ntpc.edu.tw,(02)22193700,普通科:460,460,,,,教育部115學年度高中職名錄；招生與科系依115學年度基北區免試入學簡章整理。未填最低錄取分數，避免引用未經官方統一核定的估算值。,資優/特色班請依各校及基北區官方公告查詢,
25,13337,市立新莊高中,公立,基北區,高中,男女兼收,新北市,新莊區,新北市新莊區中平路135號,http://www.hcsh.ntpc.edu.tw,(02)29912391,普通科:506,506,,,,教育部115學年度高中職名錄；招生與科系依115學年度基北區免試入學簡章整理。未填最低錄取分數，避免引用未經官方統一核定的估算值。,資優/特色班請依各校及基北區官方公告查詢,
26,14326,市立明德高中,公立,基北區,高中,男女兼收,新北市,三峽區,新北市三峽區中正路二段399號,http://www.mdhs.ntpc.edu.tw,(02)26723302,普通科:221,221,,,,教育部115學年度高中職名錄；招生與科系依115學年度基北區免試入學簡章整理。未填最低錄取分數，避免引用未經官方統一核定的估算值。,資優/特色班請依各校及基北區官方公告查詢,
27,13304,市立板橋高中,公立,基北區,高中,男女兼收,新北市,板橋區,新北市板橋區文化路一段25號,http://www.pcsh.ntpc.edu.tw,(02)29602500,電機科:45,45,,,,教育部115學年度高中職名錄；招生與科系依115學年度基北區免試入學簡章整理。未填最低錄取分數，避免引用未經官方統一核定的估算值。,資優/特色班請依各校及基北區官方公告查詢,
28,13339,市立林口高中,公立,基北區,高中,男女兼收,新北市,林口區,新北市林口區仁愛路二段173號,http://www.lksh.ntpc.edu.tw,(02)26009482,普通科:352,352,,,,教育部115學年度高中職名錄；招生與科系依115學年度基北區免試入學簡章整理。未填最低錄取分數，避免引用未經官方統一核定的估算值。,資優/特色班請依各校及基北區官方公告查詢,
29,14468,市立樟樹國際實中,公立,基北區,高中,男女兼收,新北市,汐止區,新北市汐止區樟樹二路135號,http://www.ctjhs.ntpc.edu.tw/,(02)26430686,廣告設計科:60；多媒體設計科:20；資訊科:34；多媒體動畫科:27,141,,,,教育部115學年度高中職名錄；招生與科系依115學年度基北區免試入學簡章整理。未填最低錄取分數，避免引用未經官方統一核定的估算值。,資優/特色班請依各校及基北區官方公告查詢,
30,14322,市立樹林高中,公立,基北區,高中,男女兼收,新北市,樹林區,新北市樹林區中華路8號,http://www.slsh.ntpc.edu.tw,(02)86852011,普通科:303,303,,,,教育部115學年度高中職名錄；招生與科系依115學年度基北區免試入學簡章整理。未填最低錄取分數，避免引用未經官方統一核定的估算值。,資優/特色班請依各校及基北區官方公告查詢,
31,14315,市立永平高中,公立,基北區,高中,男女兼收,新北市,永和區,新北市永和區永平路205號,https://www.yphs.ntpc.edu.tw/,(02)22319670,普通科:254,254,,,,教育部115學年度高中職名錄；招生與科系依115學年度基北區免試入學簡章整理。未填最低錄取分數，避免引用未經官方統一核定的估算值。,資優/特色班請依各校及基北區官方公告查詢,
32,13303,市立泰山高中,公立,基北區,高中,男女兼收,新北市,泰山區,新北市泰山區辭修路7號,http://www.tssh.ntpc.edu.tw,(02)22963625,汽車科:60；電子科:29,89,,,,教育部115學年度高中職名錄；招生與科系依115學年度基北區免試入學簡章整理。未填最低錄取分數，避免引用未經官方統一核定的估算值。,資優/特色班請依各校及基北區官方公告查詢,
33,14302,市立海山高中,公立,基北區,高中,男女兼收,新北市,板橋區,新北市板橋區漢生東路215號,http://www.hshs.ntpc.edu.tw,(02)29517475,普通科:256,256,,,,教育部115學年度高中職名錄；招生與科系依115學年度基北區免試入學簡章整理。未填最低錄取分數，避免引用未經官方統一核定的估算值。,資優/特色班請依各校及基北區官方公告查詢,
34,13434,市立淡水商工,公立,基北區,高中,男女兼收,新北市,淡水區,新北市淡水區商工路307號,http://www.tsvs.ntpc.edu.tw,(02)26203930,資料處理科:32；餐飲管理科:32,64,,,,教育部115學年度高中職名錄；招生與科系依115學年度基北區免試入學簡章整理。未填最低錄取分數，避免引用未經官方統一核定的估算值。,資優/特色班請依各校及基北區官方公告查詢,
35,14356,市立清水高中,公立,基北區,高中,男女兼收,新北市,土城區,新北市土城區明德路一段72號,http://www.cssh.ntpc.edu.tw,(02)22707801,普通科:309,309,,,,教育部115學年度高中職名錄；招生與科系依115學年度基北區免試入學簡章整理。未填最低錄取分數，避免引用未經官方統一核定的估算值。,資優/特色班請依各校及基北區官方公告查詢,
36,13402,市立瑞芳高工,公立,基北區,高中,男女兼收,新北市,瑞芳區,新北市瑞芳區瑞芳街60號,https://web.jfvs.ntpc.edu.tw/,(02)24972516,機械科:32；資訊科:32；電機科:32,96,,,,教育部115學年度高中職名錄；招生與科系依115學年度基北區免試入學簡章整理。未填最低錄取分數，避免引用未經官方統一核定的估算值。,資優/特色班請依各校及基北區官方公告查詢,
37,14348,市立石碇高中,公立,基北區,高中,男女兼收,新北市,石碇區,新北市石碇區隆盛里八分寮45號,http://www.sdhs.ntpc.edu.tw,(02)26631224,綜合高中:102,102,,,,教育部115學年度高中職名錄；招生與科系依115學年度基北區免試入學簡章整理。未填最低錄取分數，避免引用未經官方統一核定的估算值。,資優/特色班請依各校及基北區官方公告查詢,
38,14332,市立秀峰高中,公立,基北區,高中,男女兼收,新北市,汐止區,新北市汐止區忠孝東路201號,https://www.sfhs.ntpc.edu.tw/,(02)26412134,普通科:222,222,,,,教育部115學年度高中職名錄；招生與科系依115學年度基北區免試入學簡章整理。未填最低錄取分數，避免引用未經官方統一核定的估算值。,資優/特色班請依各校及基北區官方公告查詢,
39,14364,市立竹圍高中,公立,基北區,高中,男女兼收,新北市,淡水區,新北市淡水區竹林路35號,https://www.zwhs.ntpc.edu.tw/,(02)28096990,普通科:143,143,,,,教育部115學年度高中職名錄；招生與科系依115學年度基北區免試入學簡章整理。未填最低錄取分數，避免引用未經官方統一核定的估算值。,資優/特色班請依各校及基北區官方公告查詢,
40,14338,市立金山高中,公立,基北區,高中,男女兼收,新北市,金山區,新北市金山區美田里文化二路2號,http://www.cshs.ntpc.edu.tw,(02)24982028,綜合高中:28,28,,,,教育部115學年度高中職名錄；招生與科系依115學年度基北區免試入學簡章整理。未填最低錄取分數，避免引用未經官方統一核定的估算值。,資優/特色班請依各校及基北區官方公告查詢,
41,14362,市立錦和高中,公立,基北區,高中,男女兼收,新北市,中和區,新北市中和區錦和路163號,http://www.jhsh.ntpc.edu.tw,(02)22498566,普通科:247,247,,,,教育部115學年度高中職名錄；招生與科系依115學年度基北區免試入學簡章整理。未填最低錄取分數，避免引用未經官方統一核定的估算值。,資優/特色班請依各校及基北區官方公告查詢,
42,14347,市立雙溪高中,公立,基北區,高中,男女兼收,新北市,雙溪區,新北市雙溪區梅竹蹊3號,http://www.sxhs.ntpc.edu.tw,(02)24931028,綜合高中:58,58,,,,教育部115學年度高中職名錄；招生與科系依115學年度基北區免試入學簡章整理。未填最低錄取分數，避免引用未經官方統一核定的估算值。,資優/特色班請依各校及基北區官方公告查詢,
43,14439,市立鶯歌工商,公立,基北區,高中,男女兼收,新北市,鶯歌區,新北市鶯歌區中正三路154號,http://www.ykvs.ntpc.edu.tw,(02)26775040,資料處理科:40；餐飲管理科:34；資訊科:68；資料處理科:64；應用日語科:22,228,,,,教育部115學年度高中職名錄；招生與科系依115學年度基北區免試入學簡章整理。未填最低錄取分數，避免引用未經官方統一核定的估算值。,資優/特色班請依各校及基北區官方公告查詢,
44,11309,新北市南山中學,私立,基北區,高中,男女兼收,新北市,中和區,新北市中和區廣福路41號,https://www.nssh.ntpc.edu.tw/,(02)22453000,普通科:193,193,,,,教育部115學年度高中職名錄；招生與科系依115學年度基北區免試入學簡章整理。未填最低錄取分數，避免引用未經官方統一核定的估算值。,資優/特色班請依各校及基北區官方公告查詢,
45,11322,新北市崇光高中,私立,基北區,高中,男女兼收,新北市,新店區,新北市新店區三民路18號,https://web.ckgsh.ntpc.edu.tw/nss/p/index,(02)29112543,普通科:62,62,,,,教育部115學年度高中職名錄；招生與科系依115學年度基北區免試入學簡章整理。未填最低錄取分數，避免引用未經官方統一核定的估算值。,資優/特色班請依各校及基北區官方公告查詢,
46,11330,新北市林口康橋國際高中,私立,基北區,高中,男女兼收,新北市,林口區,新北市林口區興林路55號,https://web.kcislk.ntpc.edu.tw/,(02)26015888,普通科:35,35,,,,教育部115學年度高中職名錄；招生與科系依115學年度基北區免試入學簡章整理。未填最低錄取分數，避免引用未經官方統一核定的估算值。,資優/特色班請依各校及基北區官方公告查詢,
47,11307,新北市裕德高級中等學校,私立,基北區,高中,男女兼收,新北市,土城區,新北市土城區擺接堡路1號,http://www.yuteh.ntpc.edu.tw/,(02)82617889,普通科:15,15,,,,教育部115學年度高中職名錄；招生與科系依115學年度基北區免試入學簡章整理。未填最低錄取分數，避免引用未經官方統一核定的估算值。,資優/特色班請依各校及基北區官方公告查詢,
48,11432,私立中華商海,私立,基北區,高中,男女兼收,新北市,萬里區,新北市萬里區瑪鋉路15號,http://www.chmvs.ntpc.edu.tw,(02)24922119,表演藝術科:97；多媒體動畫科:7；餐飲管理科:18；輪機科:36,158,,,,教育部115學年度高中職名錄；招生與科系依115學年度基北區免試入學簡章整理。未填最低錄取分數，避免引用未經官方統一核定的估算值。,資優/特色班請依各校及基北區官方公告查詢,
49,11323,私立光仁高中,私立,基北區,高中,男女兼收,新北市,板橋區,新北市板橋區中山路二段255巷18號,http://www.kjsh.ntpc.edu.tw,(02)29615161,普通科:108,108,,,,教育部115學年度高中職名錄；招生與科系依115學年度基北區免試入學簡章整理。未填最低錄取分數，避免引用未經官方統一核定的估算值。,資優/特色班請依各校及基北區官方公告查詢,
50,011C71,私立光華高商進修學校,私立,基北區,高中,男女兼收,新北市,板橋區,新北市板橋區南雅南路二段1號,http://www.khvs.ntpc.edu.tw,(02)89522255,資料處理科:54；應用日語科:27；觀光事業科:27；資料處理科:45,153,,,,教育部115學年度高中職名錄；招生與科系依115學年度基北區免試入學簡章整理。未填最低錄取分數，避免引用未經官方統一核定的估算值。,資優/特色班請依各校及基北區官方公告查詢,
51,11312,私立崇義高中,私立,基北區,高中,男女兼收,新北市,汐止區,新北市汐止區大同路三段68號,https://www.tyhs.ntpc.edu.tw/,(02)86478000,應用英語科:10,10,,,,教育部115學年度高中職名錄；招生與科系依115學年度基北區免試入學簡章整理。未填最低錄取分數，避免引用未經官方統一核定的估算值。,資優/特色班請依各校及基北區官方公告查詢,
52,11302,私立康橋高中,私立,基北區,高中,男女兼收,新北市,新店區,新北市新店區華城路800號,https://www.kcis.ntpc.edu.tw/_XiugangCampus/,(02)22166000,普通科:48,48,,,,教育部115學年度高中職名錄；招生與科系依115學年度基北區免試入學簡章整理。未填最低錄取分數，避免引用未經官方統一核定的估算值。,資優/特色班請依各校及基北區官方公告查詢,
53,11318,私立徐匯高中,私立,基北區,高中,男女兼收,新北市,蘆洲區,新北市蘆洲區中山一路1號,http://www.sish.ntpc.edu.tw,(02)22817565,時尚造型科:20；觀光事業科:20；普通科:64,104,,,,教育部115學年度高中職名錄；招生與科系依115學年度基北區免試入學簡章整理。未填最低錄取分數，避免引用未經官方統一核定的估算值。,資優/特色班請依各校及基北區官方公告查詢,
54,11407,私立復興商工,私立,基北區,高中,男女兼收,新北市,永和區,新北市永和區秀朗路一段201號,http://www.fhvs.ntpc.edu.tw,(02)29262121,廣告設計科:45；室內設計科:90,135,,,,教育部115學年度高中職名錄；招生與科系依115學年度基北區免試入學簡章整理。未填最低錄取分數，避免引用未經官方統一核定的估算值。,資優/特色班請依各校及基北區官方公告查詢,
55,11399,私立時雨高中,私立,基北區,高中,男女兼收,新北市,瑞芳區,新北市瑞芳區銅山里祈堂路217號,http://www.syjh.ntpc.edu.tw,(02)24962217,普通科:84,84,,,,教育部115學年度高中職名錄；招生與科系依115學年度基北區免試入學簡章整理。未填最低錄取分數，避免引用未經官方統一核定的估算值。,資優/特色班請依各校及基北區官方公告查詢,
56,11420,私立智光商工,私立,基北區,高中,男女兼收,新北市,永和區,新北市永和區中正路100號,https://www.ckvs.ntpc.edu.tw/home,(02)29432491,資訊科:30；餐飲管理科:30,60,,,,教育部115學年度高中職名錄；招生與科系依115學年度基北區免試入學簡章整理。未填最低錄取分數，避免引用未經官方統一核定的估算值。,資優/特色班請依各校及基北區官方公告查詢,
57,11315,私立東海高中,私立,基北區,高中,男女兼收,新北市,三重區,新北市三重區忠孝路三段93巷12號,https://www.thhs.ntpc.edu.tw/,(02)29822788,汽車科:40；資訊科:13；電子科:27；餐飲管理科:27,107,,,,教育部115學年度高中職名錄；招生與科系依115學年度基北區免試入學簡章整理。未填最低錄取分數，避免引用未經官方統一核定的估算值。,資優/特色班請依各校及基北區官方公告查詢,
58,11316,私立格致高中,私立,基北區,高中,男女兼收,新北市,三重區,新北市三重區大智街260號,http://www.gjsh.ntpc.edu.tw,(02)29855892,多媒體動畫科:13；普通科:183,196,,,,教育部115學年度高中職名錄；招生與科系依115學年度基北區免試入學簡章整理。未填最低錄取分數，避免引用未經官方統一核定的估算值。,資優/特色班請依各校及基北區官方公告查詢,
59,11405,私立樹人家商,私立,基北區,高中,男女兼收,新北市,樹林區,新北市樹林區大安路216號,http://www.stgvs.ntpc.edu.tw,(02)26870391,餐飲管理科:44,44,,,,教育部115學年度高中職名錄；招生與科系依115學年度基北區免試入學簡章整理。未填最低錄取分數，避免引用未經官方統一核定的估算值。,資優/特色班請依各校及基北區官方公告查詢,
60,11301,私立淡江高中,私立,基北區,高中,男女兼收,新北市,淡水區,新北市淡水區真理街26號,http://www.tksh.ntpc.edu.tw,(02)26203850,綜合高中:281,281,,,,教育部115學年度高中職名錄；招生與科系依115學年度基北區免試入學簡章整理。未填最低錄取分數，避免引用未經官方統一核定的估算值。,資優/特色班請依各校及基北區官方公告查詢,
61,11413,私立穀保家商,私立,基北區,高中,男女兼收,新北市,三重區,新北市三重區中正北路560巷38號,http://www.kpvs.ntpc.edu.tw,(02)29712343,資料處理科:27；多媒體設計科:27；時尚造型科:27,81,,,,教育部115學年度高中職名錄；招生與科系依115學年度基北區免試入學簡章整理。未填最低錄取分數，避免引用未經官方統一核定的估算值。,資優/特色班請依各校及基北區官方公告查詢,
62,11324,私立竹林高中,私立,基北區,高中,男女兼收,新北市,中和區,新北市中和區華新街143巷12號,http://www.clsh.ntpc.edu.tw,(02)29422128,普通科:128,128,,,,教育部115學年度高中職名錄；招生與科系依115學年度基北區免試入學簡章整理。未填最低錄取分數，避免引用未經官方統一核定的估算值。,資優/特色班請依各校及基北區官方公告查詢,
63,11311,私立聖心女中,私立,基北區,高中,男女兼收,新北市,八里區,新北市八里區龍米路一段263號,http://www.shgsh.ntpc.edu.tw,(02)26182287,普通科:40,40,,,,教育部115學年度高中職名錄；招生與科系依115學年度基北區免試入學簡章整理。未填最低錄取分數，避免引用未經官方統一核定的估算值。,資優/特色班請依各校及基北區官方公告查詢,
64,11426,私立能仁家商,私立,基北區,高中,男女兼收,新北市,新店區,新北市新店區文中路53巷10號,http://www.nrvs.ntpc.edu.tw,(02)29182399,美容科:180；觀光事業科:45,225,,,,教育部115學年度高中職名錄；招生與科系依115學年度基北區免試入學簡章整理。未填最低錄取分數，避免引用未經官方統一核定的估算值。,資優/特色班請依各校及基北區官方公告查詢,
65,11431,私立莊敬工家,私立,基北區,高中,男女兼收,新北市,新店區,新北市新店區民生路45號,http://www.jjvs.ntpc.edu.tw,(02)22188956,美容科:30；餐飲管理科:15,45,,,,教育部115學年度高中職名錄；招生與科系依115學年度基北區免試入學簡章整理。未填最低錄取分數，避免引用未經官方統一核定的估算值。,資優/特色班請依各校及基北區官方公告查詢,
66,11427,私立豫章工商,私立,基北區,高中,男女兼收,新北市,板橋區,新北市板橋區四川路一段391號,http://www.ycvs.ntpc.edu.tw,(02)29519810,餐飲管理科:18；表演藝術科:27；資訊科:27；電機科:54；多媒體設計科:27,153,,,,教育部115學年度高中職名錄；招生與科系依115學年度基北區免試入學簡章整理。未填最低錄取分數，避免引用未經官方統一核定的估算值。,資優/特色班請依各校及基北區官方公告查詢,
67,11317,私立醒吾高中,私立,基北區,高中,男女兼收,新北市,林口區,新北市林口區粉寮路一段75巷80號,http://www.swsh.ntpc.edu.tw,(02)26012644,普通科:86；商業經營科:20；資料處理科:20；幼兒保育科:20,146,,,,教育部115學年度高中職名錄；招生與科系依115學年度基北區免試入學簡章整理。未填最低錄取分數，避免引用未經官方統一核定的估算值。,資優/特色班請依各校及基北區官方公告查詢,
68,11306,私立金陵女中,私立,基北區,高中,男女兼收,新北市,三重區,新北市三重區重新路五段656號,http://www.glghs.ntpc.edu.tw,(02)29956776,普通科:86,86,,,,教育部115學年度高中職名錄；招生與科系依115學年度基北區免試入學簡章整理。未填最低錄取分數，避免引用未經官方統一核定的估算值。,資優/特色班請依各校及基北區官方公告查詢,
69,11310,財團法人恆毅高中,私立,基北區,高中,男女兼收,新北市,新莊區,新北市新莊區中正路108號,http://www.hchs.ntpc.edu.tw,(02)29923619,普通科:120,120,,,,教育部115學年度高中職名錄；招生與科系依115學年度基北區免試入學簡章整理。未填最低錄取分數，避免引用未經官方統一核定的估算值。,資優/特色班請依各校及基北區官方公告查詢,
70,11329,財團法人辭修高中,私立,基北區,高中,男女兼收,新北市,三峽區,新北市三峽區溪東路251號,http://www.tsshs.ntpc.edu.tw,(02)86761277,普通科:174,174,,,,教育部115學年度高中職名錄；招生與科系依115學年度基北區免試入學簡章整理。未填最低錄取分數，避免引用未經官方統一核定的估算值。,資優/特色班請依各校及基北區官方公告查詢,
71,34306,市立南崁高中,公立,基北區共同就學區,高中,男女兼收,桃園市,蘆竹區,桃園市蘆竹區仁愛路二段1號,https://www.nksh.tyc.edu.tw/ischool/publish_page/0/,(03)3525580,幼兒保育科:1；觀光事業科:2；餐飲管理科:1；表演藝術科:1；普通科:1,6,,,,教育部115學年度高中職名錄；招生與科系依115學年度基北區免試入學簡章整理。未填最低錄取分數，避免引用未經官方統一核定的估算值。,資優/特色班請依各校及基北區官方公告查詢,
72,34314,市立壽山高中,公立,基北區共同就學區,高中,男女兼收,桃園市,龜山區,桃園市龜山區大同路23號,http://www.sssh.tyc.edu.tw,(03)3501778,普通科:20；國際貿易科:5,25,,,,教育部115學年度高中職名錄；招生與科系依115學年度基北區免試入學簡章整理。未填最低錄取分數，避免引用未經官方統一核定的估算值。,資優/特色班請依各校及基北區官方公告查詢,
73,34347,市立永豐高中,公立,基北區共同就學區,高中,男女兼收,桃園市,八德區,桃園市八德區永豐路609號,http://www.yfms.tyc.edu.tw,(03)3692679,應用英語科:5；廣告設計科:3；普通科:1,9,,,,教育部115學年度高中職名錄；招生與科系依115學年度基北區免試入學簡章整理。未填最低錄取分數，避免引用未經官方統一核定的估算值。,資優/特色班請依各校及基北區官方公告查詢,
74,31414,桃園市世紀綠能工商,私立,基北區共同就學區,高中,男女兼收,桃園市,龜山區,桃園市龜山區明德路162巷100號,https://web.cgehs.tyc.edu.tw/,(03)3294187,餐飲管理科:11；機械科:3；汽車科:3；資訊科:3；幼兒保育科:3,23,,,,教育部115學年度高中職名錄；招生與科系依115學年度基北區免試入學簡章整理。未填最低錄取分數，避免引用未經官方統一核定的估算值。,資優/特色班請依各校及基北區官方公告查詢,
75,31317,私立光啟高中,私立,基北區共同就學區,高中,男女兼收,桃園市,龜山區,桃園市龜山區自由街40號,http://www.phsh.tyc.edu.tw,(02)82098313,普通科:10；機械科:11；汽車科:11；電機科:11,43,,,,教育部115學年度高中職名錄；招生與科系依115學年度基北區免試入學簡章整理。未填最低錄取分數，避免引用未經官方統一核定的估算值。,資優/特色班請依各校及基北區官方公告查詢,
76,330301,國立師大附中,公立,基北區,高中,男女兼收,臺北市,大安區,臺北市大安區和安里信義路三段143號,https://www.hs.ntnu.edu.tw/,(02)27075215,普通科:661,661,,,,教育部115學年度高中職名錄；招生與科系依115學年度基北區免試入學簡章整理。未填最低錄取分數，避免引用未經官方統一核定的估算值。,資優/特色班請依各校及基北區官方公告查詢,
77,380301,國立政大附中,公立,基北區,高中,男女兼收,臺北市,文山區,臺北市文山區政大里政大一街353號,https://www.ahs.nccu.edu.tw/home,(02)82377500,普通科:163,163,,,,教育部115學年度高中職名錄；招生與科系依115學年度基北區免試入學簡章整理。未填最低錄取分數，避免引用未經官方統一核定的估算值。,資優/特色班請依各校及基北區官方公告查詢,
78,343301,市立中山女中,公立,基北區,高中,男女兼收,臺北市,中山區,臺北市中山區力行里長安東路2段141號,http://www.csghs.tp.edu.tw,(02)25073148,普通科:709,709,,,,教育部115學年度高中職名錄；招生與科系依115學年度基北區免試入學簡章整理。未填最低錄取分數，避免引用未經官方統一核定的估算值。,資優/特色班請依各校及基北區官方公告查詢,
79,313302,市立中崙高中,公立,基北區,高中,男女兼收,臺北市,松山區,臺北市松山區吉祥里八德路四段101號,http://www.zlsh.tp.edu.tw/,(02)27535316,普通科:259,259,,,,教育部115學年度高中職名錄；招生與科系依115學年度基北區免試入學簡章整理。未填最低錄取分數，避免引用未經官方統一核定的估算值。,資優/特色班請依各校及基北區官方公告查詢,
80,423302,市立中正高中,公立,基北區,高中,男女兼收,臺北市,北投區,臺北市北投區建民里文林北路77號,https://www.ccsh.tp.edu.tw/,(02)28234811,普通科:449,449,,,,教育部115學年度高中職名錄；招生與科系依115學年度基北區免試入學簡章整理。未填最低錄取分數，避免引用未經官方統一核定的估算值。,資優/特色班請依各校及基北區官方公告查詢,
81,403301,市立內湖高中,公立,基北區,高中,男女兼收,臺北市,內湖區,臺北市內湖區紫陽里文德路218號,http://www.nhsh.tp.edu.tw,(02)27977035,普通科:528,528,,,,教育部115學年度高中職名錄；招生與科系依115學年度基北區免試入學簡章整理。未填最低錄取分數，避免引用未經官方統一核定的估算值。,資優/特色班請依各校及基北區官方公告查詢,
82,403401,市立內湖高工,公立,基北區,高中,男女兼收,臺北市,內湖區,臺北市內湖區港墘里內湖路1段520號,http://www.nihs.tp.edu.tw,(02)26574874,資訊科:72；電子科:96；控制科:44；電機科:88；冷凍空調科:48,348,,,,教育部115學年度高中職名錄；招生與科系依115學年度基北區免試入學簡章整理。未填最低錄取分數，避免引用未經官方統一核定的估算值。,資優/特色班請依各校及基北區官方公告查詢,
83,353303,市立北一女中,公立,基北區,高中,男女兼收,臺北市,中正區,臺北市中正區建國里重慶南路1段165號,http://www.fg.tp.edu.tw,(02)23820484,普通科:704,704,,,,教育部115學年度高中職名錄；招生與科系依115學年度基北區免試入學簡章整理。未填最低錄取分數，避免引用未經官方統一核定的估算值。,資優/特色班請依各校及基北區官方公告查詢,
84,373302,市立北市大附中,公立,基北區,高中,男女兼收,臺北市,萬華區,臺北市萬華區綠堤里長順街2號,https://newweb.tlsh.tp.edu.tw/nss/p/index,(02)23026959,綜合高中:234,234,,,,教育部115學年度高中職名錄；招生與科系依115學年度基北區免試入學簡章整理。未填最低錄取分數，避免引用未經官方統一核定的估算值。,資優/特色班請依各校及基北區官方公告查詢,
85,393301,市立南港高中,公立,基北區,高中,男女兼收,臺北市,南港區,臺北市南港區西新里向陽路21號,http://www.nksh.tp.edu.tw,(02)27837863,普通科:193,193,,,,教育部115學年度高中職名錄；招生與科系依115學年度基北區免試入學簡章整理。未填最低錄取分數，避免引用未經官方統一核定的估算值。,資優/特色班請依各校及基北區官方公告查詢,
86,393401,市立南港高工,公立,基北區,高中,男女兼收,臺北市,南港區,臺北市南港區南港里興中路29號,http://www.nkhs.tp.edu.tw,(02)27825432,電機科:49；冷凍空調科:20；多媒體設計科:49；機械科:54；模具科:40；汽車科:44；電子科:49；電機科:54,359,,,,教育部115學年度高中職名錄；招生與科系依115學年度基北區免試入學簡章整理。未填最低錄取分數，避免引用未經官方統一核定的估算值。,資優/特色班請依各校及基北區官方公告查詢,
87,403303,市立南湖高中,公立,基北區,高中,男女兼收,臺北市,內湖區,臺北市內湖區南湖里康寧路三段220號,http://www.nhush.tp.edu.tw,(02)26308889,普通科:442,442,,,,教育部115學年度高中職名錄；招生與科系依115學年度基北區免試入學簡章整理。未填最低錄取分數，避免引用未經官方統一核定的估算值。,資優/特色班請依各校及基北區官方公告查詢,
88,333301,市立和平高中,公立,基北區,高中,男女兼收,臺北市,大安區,臺北市大安區芳和里臥龍街100號,http://www.hpsh.tp.edu.tw,(02)27324300,普通科:321,321,,,,教育部115學年度高中職名錄；招生與科系依115學年度基北區免試入學簡章整理。未填最低錄取分數，避免引用未經官方統一核定的估算值。,資優/特色班請依各校及基北區官方公告查詢,
89,413401,市立士林高商,公立,基北區,高中,男女兼收,臺北市,士林區,臺北市士林區後港里士商路150號,http://www.slhs.tp.edu.tw,(02)28313114,圖文傳播科:9；商業經營科:15；國際貿易科:12,36,,,,教育部115學年度高中職名錄；招生與科系依115學年度基北區免試入學簡章整理。未填最低錄取分數，避免引用未經官方統一核定的估算值。,資優/特色班請依各校及基北區官方公告查詢,
90,343302,市立大同高中,公立,基北區,高中,男女兼收,臺北市,中山區,臺北市中山區中央里長春路167號,http://www.ttsh.tp.edu.tw,(02)25054269,普通科:461,461,,,,教育部115學年度高中職名錄；招生與科系依115學年度基北區免試入學簡章整理。未填最低錄取分數，避免引用未經官方統一核定的估算值。,資優/特色班請依各校及基北區官方公告查詢,
91,333401,市立大安高工,公立,基北區,高中,男女兼收,臺北市,大安區,臺北市大安區龍圖里復興南路2段52號,http://www.taivs.tp.edu.tw,(02)27091630,綜合高中:124；機械科:54；電腦機械製圖科:56；汽車科:56；資訊科:52；電子科:49；控制科:37；機械科:9；汽車科:9；電子科:9；電機科:9；建築科:9,473,,,,教育部115學年度高中職名錄；招生與科系依115學年度基北區免試入學簡章整理。未填最低錄取分數，避免引用未經官方統一核定的估算值。,資優/特色班請依各校及基北區官方公告查詢,
92,343303,市立大直高中,公立,基北區,高中,男女兼收,臺北市,中山區,臺北市中山區劍潭里北安路420號,http://www.dcsh.tp.edu.tw,(02)25334017,普通科:237,237,,,,教育部115學年度高中職名錄；招生與科系依115學年度基北區免試入學簡章整理。未填最低錄取分數，避免引用未經官方統一核定的估算值。,資優/特色班請依各校及基北區官方公告查詢,
93,353301,市立建國中學,公立,基北區,高中,男女兼收,臺北市,中正區,臺北市中正區龍光里南海路56號,http://www.ck.tp.edu.tw,(02)23034381,普通科:840,840,,,,教育部115學年度高中職名錄；招生與科系依115學年度基北區免試入學簡章整理。未填最低錄取分數，避免引用未經官方統一核定的估算值。,資優/特色班請依各校及基北區官方公告查詢,
94,423301,市立復興高中,公立,基北區,高中,男女兼收,臺北市,北投區,臺北市北投區開明里復興四路70號,http://www.fhsh.tp.edu.tw,(02)28914131,普通科:381,381,,,,教育部115學年度高中職名錄；招生與科系依115學年度基北區免試入學簡章整理。未填最低錄取分數，避免引用未經官方統一核定的估算值。,資優/特色班請依各校及基北區官方公告查詢,
95,353302,市立成功中學,公立,基北區,高中,男女兼收,臺北市,中正區,臺北市中正區幸福里濟南路1段71號,http://www.cksh.tp.edu.tw,(02)23216256,普通科:641,641,,,,教育部115學年度高中職名錄；招生與科系依115學年度基北區免試入學簡章整理。未填最低錄取分數，避免引用未經官方統一核定的估算值。,資優/特色班請依各校及基北區官方公告查詢,
96,363302,市立成淵高中,公立,基北區,高中,男女兼收,臺北市,大同區,臺北市大同區民權里承德路二段235號,http://www.cyhs.tp.edu.tw,(02)25531969,普通科:295,295,,,,教育部115學年度高中職名錄；招生與科系依115學年度基北區免試入學簡章整理。未填最低錄取分數，避免引用未經官方統一核定的估算值。,資優/特色班請依各校及基北區官方公告查詢,
97,363301,市立明倫高中,公立,基北區,高中,男女兼收,臺北市,大同區,臺北市大同區重慶里承德路三段336號,https://www.mlsh.tp.edu.tw/nss/p/index,(02)25961567,普通科:428,428,,,,教育部115學年度高中職名錄；招生與科系依115學年度基北區免試入學簡章整理。未填最低錄取分數，避免引用未經官方統一核定的估算值。,資優/特色班請依各校及基北區官方公告查詢,
98,383301,市立景美女中,公立,基北區,高中,男女兼收,臺北市,文山區,臺北市文山區樟文里木新路三段312號,http://www.cmgsh.tp.edu.tw,(02)29368847,普通科:461,461,,,,教育部115學年度高中職名錄；招生與科系依115學年度基北區免試入學簡章整理。未填最低錄取分數，避免引用未經官方統一核定的估算值。,資優/特色班請依各校及基北區官方公告查詢,
99,383401,市立木柵高工,公立,基北區,高中,男女兼收,臺北市,文山區,臺北市文山區博嘉里木柵路四段77號,http://www.mcvs.tp.edu.tw,(02)22300506,電機科:52；冷凍空調科:49；建築科:52；圖文傳播科:54；機械科:67；模具科:27；製圖科:44；電子科:52,397,,,,教育部115學年度高中職名錄；招生與科系依115學年度基北區免試入學簡章整理。未填最低錄取分數，避免引用未經官方統一核定的估算值。,資優/特色班請依各校及基北區官方公告查詢,
100,323401,市立松山家商,公立,基北區,高中,男女兼收,臺北市,信義區,臺北市信義區松隆里松山路655號,http://www.ssvs.tp.edu.tw,(02)27261118,資料處理科:1；廣告設計科:6；商業經營科:102；國際貿易科:77；會計事務科:26；資料處理科:51；應用英語科:51；廣告設計科:77,391,,,,教育部115學年度高中職名錄；招生與科系依115學年度基北區免試入學簡章整理。未填最低錄取分數，避免引用未經官方統一核定的估算值。,資優/特色班請依各校及基北區官方公告查詢,
101,323402,市立松山工農,公立,基北區,技術型高中,男女兼收,臺北市,信義區,臺北市信義區廣居里忠孝東路五段236巷15號,http://www.saihs.edu.tw,(02)27226616,室內設計科:51；綜合高中:81；機械科:48；汽車科:48；資訊科:50；電子科:50；電機科:50,378,,,,教育部115學年度高中職名錄；招生與科系依115學年度基北區免試入學簡章整理。未填最低錄取分數，避免引用未經官方統一核定的估算值。,資優/特色班請依各校及基北區官方公告查詢,
102,323301,市立松山高中,公立,基北區,高中,男女兼收,臺北市,信義區,臺北市信義區新仁里基隆路一段156號,http://www.sssh.tp.edu.tw,(02)27535968,普通科:646,646,,,,教育部115學年度高中職名錄；招生與科系依115學年度基北區免試入學簡章整理。未填最低錄取分數，避免引用未經官方統一核定的估算值。,資優/特色班請依各校及基北區官方公告查詢,
103,323302,市立永春高中,公立,基北區,高中,男女兼收,臺北市,信義區,臺北市信義區松隆里松山路654號,http://www.ycsh.tp.edu.tw,(02)27272983,普通科:419,419,,,,教育部115學年度高中職名錄；招生與科系依115學年度基北區免試入學簡章整理。未填最低錄取分數，避免引用未經官方統一核定的估算值。,資優/特色班請依各校及基北區官方公告查詢,
104,413302,市立百齡高中,公立,基北區,高中,男女兼收,臺北市,士林區,臺北市士林區義信里承德路4段177號,http://www.blsh.tp.edu.tw,(02)28831568,普通科:199,199,,,,教育部115學年度高中職名錄；招生與科系依115學年度基北區免試入學簡章整理。未填最低錄取分數，避免引用未經官方統一核定的估算值。,資優/特色班請依各校及基北區官方公告查詢,
105,393302,市立育成高中,公立,基北區,高中,男女兼收,臺北市,南港區,臺北市南港區南港里重陽路366號,http://mars.yucsh.tp.edu.tw/ischool/publish_page/0/,(02)26530475,普通科:464,464,,,,教育部115學年度高中職名錄；招生與科系依115學年度基北區免試入學簡章整理。未填最低錄取分數，避免引用未經官方統一核定的估算值。,資優/特色班請依各校及基北區官方公告查詢,
106,373301,市立華江高中,公立,基北區,高中,男女兼收,臺北市,萬華區,臺北市萬華區日善里西藏路213號,http://www.hcsh.tp.edu.tw,(02)23019946,普通科:433,433,,,,教育部115學年度高中職名錄；招生與科系依115學年度基北區免試入學簡章整理。未填最低錄取分數，避免引用未經官方統一核定的估算值。,資優/特色班請依各校及基北區官方公告查詢,
107,383302,市立萬芳高中,公立,基北區,高中,男女兼收,臺北市,文山區,臺北市文山區興光里興隆路三段115巷1號,http://www.wfsh.tp.edu.tw,(02)22309585,普通科:246,246,,,,教育部115學年度高中職名錄；招生與科系依115學年度基北區免試入學簡章整理。未填最低錄取分數，避免引用未經官方統一核定的估算值。,資優/特色班請依各校及基北區官方公告查詢,
108,313301,市立西松高中,公立,基北區,高中,男女兼收,臺北市,松山區,臺北市松山區鵬程里健康路325巷7號,http://www.hssh.tp.edu.tw,(02)25286618,普通科:265,265,,,,教育部115學年度高中職名錄；招生與科系依115學年度基北區免試入學簡章整理。未填最低錄取分數，避免引用未經官方統一核定的估算值。,資優/特色班請依各校及基北區官方公告查詢,
109,413301,市立陽明高中,公立,基北區,高中,男女兼收,臺北市,士林區,臺北市士林區後港里中正路510號,http://www.ymsh.tp.edu.tw,(02)28316675,普通科:342,342,,,,教育部115學年度高中職名錄；招生與科系依115學年度基北區免試入學簡章整理。未填最低錄取分數，避免引用未經官方統一核定的估算值。,資優/特色班請依各校及基北區官方公告查詢,
110,403302,市立麗山高中,公立,基北區,高中,男女兼收,臺北市,內湖區,臺北市內湖區港華里環山路二段100號,http://www.lssh.tp.edu.tw,(02)26570435,普通科:230,230,,,,教育部115學年度高中職名錄；招生與科系依115學年度基北區免試入學簡章整理。未填最低錄取分數，避免引用未經官方統一核定的估算值。,資優/特色班請依各校及基北區官方公告查詢,
111,381304,私立再興中學,私立,基北區,高中,男女兼收,臺北市,文山區,臺北市文山區明義里興隆路4段2號,http://www.thsh.tp.edu.tw,(02)29366803,普通科:41,41,,,,教育部115學年度高中職名錄；招生與科系依115學年度基北區免試入學簡章整理。未填最低錄取分數，避免引用未經官方統一核定的估算值。,資優/特色班請依各校及基北區官方公告查詢,
112,321399,私立協和祐德高中,私立,基北區,高中,男女兼收,臺北市,信義區,臺北市信義區大道里忠孝東路五段790巷27號,https://www.hhvs.tp.edu.tw/,(02)27263131,普通科:24；汽車科:39,63,,,,教育部115學年度高中職名錄；招生與科系依115學年度基北區免試入學簡章整理。未填最低錄取分數，避免引用未經官方統一核定的估算值。,資優/特色班請依各校及基北區官方公告查詢,
113,351B09,私立南華高中進修學校,私立,基北區,高中,男女兼收,臺北市,中正區,臺北市中正區富水里汀州路3段58號,http://www.nhwsh.tp.edu.tw,(02)23686818,觀光事業科:45；普通科:37；觀光事業科:37；資料處理科:37,156,,,,教育部115學年度高中職名錄；招生與科系依115學年度基北區免試入學簡章整理。未填最低錄取分數，避免引用未經官方統一核定的估算值。,資優/特色班請依各校及基北區官方公告查詢,
114,331403,私立喬治工商,私立,基北區,高中,男女兼收,臺北市,信義區,臺北市信義區黎順里基隆路二段155號,https://www.gvs.tp.edu.tw/,(02)27386515,時尚造型科:60；餐飲管理科:20,80,,,,教育部115學年度高中職名錄；招生與科系依115學年度基北區免試入學簡章整理。未填最低錄取分數，避免引用未經官方統一核定的估算值。,資優/特色班請依各校及基北區官方公告查詢,
115,381303,私立大誠高中,私立,基北區,高中,男女兼收,臺北市,文山區,臺北市文山區萬興里秀明路二段175號,https://www.tcsh.tp.edu.tw/,(02)22348989,餐飲管理科:28,28,,,,教育部115學年度高中職名錄；招生與科系依115學年度基北區免試入學簡章整理。未填最低錄取分數，避免引用未經官方統一核定的估算值。,資優/特色班請依各校及基北區官方公告查詢,
116,421303,私立奎山實驗高級中學,私立,基北區,高中,男女兼收,臺北市,北投區,臺北市北投區榮華里明德路200號,https://www.kshs.tp.edu.tw/,(02)28212009,普通科:8,8,,,,教育部115學年度高中職名錄；招生與科系依115學年度基北區免試入學簡章整理。未填最低錄取分數，避免引用未經官方統一核定的估算值。,資優/特色班請依各校及基北區官方公告查詢,
117,331301,私立延平中學,私立,基北區,高中,男女兼收,臺北市,大安區,臺北市大安區和安里建國南路1段275號,http://www.yphs.tp.edu.tw,(02)27071478,普通科:96,96,,,,教育部115學年度高中職名錄；招生與科系依115學年度基北區免試入學簡章整理。未填最低錄取分數，避免引用未經官方統一核定的估算值。,資優/特色班請依各校及基北區官方公告查詢,
118,331304,私立復興實驗高中,私立,基北區,高中,男女兼收,臺北市,大安區,臺北市大安區仁愛里敦化南路一段262號,https://www.fhjh.tp.edu.tw/,(02)27715859,觀光事業科:18；普通科:29,47,,,,教育部115學年度高中職名錄；招生與科系依115學年度基北區免試入學簡章整理。未填最低錄取分數，避免引用未經官方統一核定的估算值。,資優/特色班請依各校及基北區官方公告查詢,
119,361B09,私立志仁中學進修學校,私立,基北區,高中,男女兼收,臺北市,大同區,臺北市大同區建泰里南京西路64巷17號,http://www.cjvs.tp.edu.tw,(02)25551656,美容科:37；觀光事業科:37；資料處理科:33；多媒體設計科:33；觀光事業科:66；餐飲管理科:66；餐飲管理科:33；觀光事業科:33,338,,,,教育部115學年度高中職名錄；招生與科系依115學年度基北區免試入學簡章整理。未填最低錄取分數，避免引用未經官方統一核定的估算值。,資優/特色班請依各校及基北區官方公告查詢,
120,381305,私立景文高中,私立,基北區,高中,男女兼收,臺北市,文山區,臺北市文山區木新里保儀路127號,https://www.jwsh.tp.edu.tw/,(02)29390310,普通科:78；商業經營科:21,99,,,,教育部115學年度高中職名錄；招生與科系依115學年度基北區免試入學簡章整理。未填最低錄取分數，避免引用未經官方統一核定的估算值。,資優/特色班請依各校及基北區官方公告查詢,
121,381301,私立東山高中,私立,基北區,高中,男女兼收,臺北市,文山區,臺北市文山區老泉里老泉街26巷3號,http://www.tshs.tp.edu.tw,(02)29395826,普通科:149；資訊科:41；應用日語科:27；普通科:72,289,,,,教育部115學年度高中職名錄；招生與科系依115學年度基北區免試入學簡章整理。未填最低錄取分數，避免引用未經官方統一核定的估算值。,資優/特色班請依各校及基北區官方公告查詢,
122,411301,私立泰北高中,私立,基北區,高中,男女兼收,臺北市,士林區,臺北市士林區福林里福林路240號,http://www.tpsh.tp.edu.tw,(02)28825560,普通科:56；應用日語科:8；廣告設計科:7,71,,,,教育部115學年度高中職名錄；招生與科系依115學年度基北區免試入學簡章整理。未填最低錄取分數，避免引用未經官方統一核定的估算值。,資優/特色班請依各校及基北區官方公告查詢,
123,381302,私立滬江高中,私立,基北區,高中,男女兼收,臺北市,文山區,臺北市文山區景美里羅斯福路六段336號,https://www.hchs.tp.edu.tw/,(02)86631122,室內空間設計科:25；餐飲管理科:25,50,,,,教育部115學年度高中職名錄；招生與科系依115學年度基北區免試入學簡章整理。未填最低錄取分數，避免引用未經官方統一核定的估算值。,資優/特色班請依各校及基北區官方公告查詢,
124,341402,私立稻江護家,私立,基北區,高中,男女兼收,臺北市,中山區,臺北市中山區新庄里新生北路三段55號,http://www.tcnvs.tp.edu.tw,(02)25955161,餐飲管理科:12；應用英語科:36；應用日語科:72；幼兒保育科:72；時尚造型科:63,255,,,,教育部115學年度高中職名錄；招生與科系依115學年度基北區免試入學簡章整理。未填最低錄取分數，避免引用未經官方統一核定的估算值。,資優/特色班請依各校及基北區官方公告查詢,
125,361401,私立稻江高商,私立,基北區,高中,男女兼收,臺北市,大同區,臺北市大同區隆和里民權西路225巷24號,http://www.tkcvs.tp.edu.tw,(02)25912001,觀光事業科:89,89,,,,教育部115學年度高中職名錄；招生與科系依115學年度基北區免試入學簡章整理。未填最低錄取分數，避免引用未經官方統一核定的估算值。,資優/特色班請依各校及基北區官方公告查詢,
126,311401,私立育達高中,私立,基北區,高中,男女兼收,臺北市,松山區,臺北市松山區美仁里寧安街12號,http://www.yudah.tp.edu.tw,(02)25706767,普通科:44；多媒體設計科:178；烘焙科:131；時尚造型科:178；觀光事業科:89,620,,,,教育部115學年度高中職名錄；招生與科系依115學年度基北區免試入學簡章整理。未填最低錄取分數，避免引用未經官方統一核定的估算值。,資優/特色班請依各校及基北區官方公告查詢,
127,411303,私立華興中學,私立,基北區,高中,男女兼收,臺北市,士林區,臺北市士林區芝山里仰德大道1段101號,http://www.hhhs.tp.edu.tw,(02)28316834,普通科:27,27,,,,教育部115學年度高中職名錄；招生與科系依115學年度基北區免試入學簡章整理。未填最低錄取分數，避免引用未經官方統一核定的估算值。,資優/特色班請依各校及基北區官方公告查詢,
128,421301,私立薇閣高中,私立,基北區,高中,男女兼收,臺北市,北投區,臺北市北投區中心里珠海路50號,https://www.wghs.tp.edu.tw/nss/p/index,(02)28925332,普通科:57,57,,,,教育部115學年度高中職名錄；招生與科系依115學年度基北區免試入學簡章整理。未填最低錄取分數，避免引用未經官方統一核定的估算值。,資優/特色班請依各校及基北區官方公告查詢,
129,411302,私立衛理女中,私立,基北區,高中,男女兼收,臺北市,士林區,臺北市士林區臨溪里至善路二段321號,http://www.wlgsh.tp.edu.tw,(02)28411487,多媒體設計科:26；表演藝術科:26；普通科:64,116,,,,教育部115學年度高中職名錄；招生與科系依115學年度基北區免試入學簡章整理。未填最低錄取分數，避免引用未經官方統一核定的估算值。,資優/特色班請依各校及基北區官方公告查詢,
130,401303,私立達人高中,私立,基北區,高中,男女兼收,臺北市,內湖區,臺北市內湖區湖濱里內湖路二段314號,https://www1.trgsh.tp.edu.tw/,(02)27956899,普通科:29,29,,,,教育部115學年度高中職名錄；招生與科系依115學年度基北區免試入學簡章整理。未填最低錄取分數，避免引用未經官方統一核定的估算值。,資優/特色班請依各校及基北區官方公告查詢,
131,331302,私立金甌女中,私立,基北區,高中,男女兼收,臺北市,大安區,臺北市大安區光明里杭州南路2段1號,http://www.cogsh.tp.edu.tw,(02)23214765,普通科:158；商業經營科:65；應用英語科:45；應用日語科:45；多媒體設計科:45,358,,,,教育部115學年度高中職名錄；招生與科系依115學年度基北區免試入學簡章整理。未填最低錄取分數，避免引用未經官方統一核定的估算值。,資優/特色班請依各校及基北區官方公告查詢,
132,331404,私立開平餐飲,私立,基北區,高中,男女兼收,臺北市,大安區,臺北市大安區龍陣里復興南路二段148巷24號,http://www.kpvs.tp.edu.tw,(02)27556939,餐飲管理科:22,22,,,,教育部115學年度高中職名錄；招生與科系依115學年度基北區免試入學簡章整理。未填最低錄取分數，避免引用未經官方統一核定的估算值。,資優/特色班請依各校及基北區官方公告查詢,
133,361301,私立靜修高中,私立,基北區,高中,男女兼收,臺北市,大同區,臺北市大同區雙連里寧夏路59號,http://www.bish.tp.edu.tw,(02)25574345,普通科:95；應用英語科:57,152,,,,教育部115學年度高中職名錄；招生與科系依115學年度基北區免試入學簡章整理。未填最低錄取分數，避免引用未經官方統一核定的估算值。,資優/特色班請依各校及基北區官方公告查詢,
134,381306,私立靜心高中,私立,基北區,高中,男女兼收,臺北市,文山區,臺北市文山區興福里興隆路二段46號,http://www.chjhs.tp.edu.tw/dispPageBox/MainHp.aspx?ddsPageID=MAINHP,(02)29323118,廣告設計科:12；普通科:16,28,,,,教育部115學年度高中職名錄；招生與科系依115學年度基北區免試入學簡章整理。未填最低錄取分數，避免引用未經官方統一核定的估算值。,資優/特色班請依各校及基北區官方公告查詢,
135,351402,臺北市開南高中,私立,基北區,高中,男女兼收,臺北市,中正區,臺北市中正區東門里濟南路一段6號,https://www.knvs.tp.edu.tw/,(02)23212666,餐飲管理科:63；綜合高中:37；汽車科:37；資訊科:37；電機科:37；廣告設計科:37,248,,,,教育部115學年度高中職名錄；招生與科系依115學年度基北區免試入學簡章整理。未填最低錄取分數，避免引用未經官方統一核定的估算值。,資優/特色班請依各校及基北區官方公告查詢,
