學校代碼,學校名稱,學制分類,縣市,區,科系與名額,最低錄取分數,分數年度,分數來源備註,資料性質
060322,國立中興大學附屬高級中學,高中,臺中市,大里區,普通科:454(不限),4A1B10+作文5級分,113,115學年度中投區高級中等學校免試入學委員會「招生名額查詢」；一般生實際招生名額；擷取時間：2026/8/10 16:44:26,非官方整理
060323,國立中科實驗高級中學,高中,臺中市,大雅區,普通科:76(不限),5A4+作文4級分 國A+數A++,113,115學年度中投區高級中等學校免試入學委員會「招生名額查詢」；一般生實際招生名額；擷取時間：2026/8/10 16:44:26,非官方整理
061309,臺中市私立致用高級中學,高中,臺中市,大甲區,普通科:40(不限)；機械科:65(不限)；汽車科:64(不限)；資訊科:80(不限)；資料處理科:40(不限)；餐飲管理科:39(不限)；美容科:63(不限)；照顧服務科(產特):25(不限),4B1C3+,112,115學年度中投區高級中等學校免試入學委員會「招生名額查詢」；一般生實際招生名額；擷取時間：2026/8/10 16:44:26,非官方整理
061313,臺中市私立明道高級中學,高中,臺中市,烏日區,普通科:111(不限)；資訊科:69(不限)；電子科:69(不限)；美工科:44(不限)；商業經營科:128(不限)；廣告設計科:86(不限)；觀光事業科:27(不限)；餐飲管理科:86(不限)；應用英語科:49(不限),3A2B8+ 作 文 4,113,115學年度中投區高級中等學校免試入學委員會「招生名額查詢」；一般生實際招生名額；擷取時間：2026/8/10 16:44:26,非官方整理
061314,臺中市私立僑泰高級中學,高中,臺中市,大里區,普通科:302(不限)；機械科:71(不限)；汽車科:64(不限)；資訊科:32(不限)；電子科:75(不限)；商業經營科:75(不限)；廣告設計科:32(不限)；觀光事業科:32(不限)；餐飲管理科:98(不限)；多媒體設計科:70(不限)；應用英語科:32(不限)；應用日語科:32(不限)；幼兒保育科:31(不限)；美容科:72(不限)；室內設計科:60(不限),83-93 (28-88),110,115學年度中投區高級中等學校免試入學委員會「招生名額查詢」；一般生實際招生名額；擷取時間：2026/8/10 16:44:26,非官方整理
061318,臺中市私立立人高級中學,高中,臺中市,大里區,普通科:660(不限),87-91 (40-73),110,115學年度中投區高級中等學校免試入學委員會「招生名額查詢」；一般生實際招生名額；擷取時間：2026/8/10 16:44:26,非官方整理
061B14,臺中市私立僑泰高級中學進修部,高中,臺中市,大里區,汽車科(夜間班):40(不限)；觀光事業科(夜間班):40(不限)；餐飲管理科(夜間班):80(不限)；美容科(夜間班):80(不限)；流行服飾科(夜間班):40(不限),83-93 (28-88),110,115學年度中投區高級中等學校免試入學委員會「招生名額查詢」；一般生實際招生名額；擷取時間：2026/8/10 16:44:26,非官方整理
063303,臺中市立大甲高級中等學校,高中,臺中市,大甲區,綜合高中:410(不限)；美工科:33(不限),5B2+作文4級分,113,115學年度中投區高級中等學校免試入學委員會「招生名額查詢」；一般生實際招生名額；擷取時間：2026/8/10 16:44:26,非官方整理
063305,臺中市立清水高級中等學校,高中,臺中市,清水區,普通科:452(不限),1A4B6+作文4級分,113,115學年度中投區高級中等學校免試入學委員會「招生名額查詢」；一般生實際招生名額；擷取時間：2026/8/10 16:44:26,非官方整理
063312,臺中市立豐原高級中等學校,高中,臺中市,豐原區,普通科:470(不限),1A4B5+作文4級分,113,115學年度中投區高級中等學校免試入學委員會「招生名額查詢」；一般生實際招生名額；擷取時間：2026/8/10 16:44:26,非官方整理
063407,臺中市立沙鹿工業高級中等學校,技高,臺中市,沙鹿區,機械科:34(不限)；汽車科:68(不限)；資訊科:33(不限)；電子科:33(不限)；化工科:70(不限)；紡織科(產特):70(不限)；染整科(產特):35(不限)；製圖科:33(不限)；資料處理科:35(不限),5B2+,112,115學年度中投區高級中等學校免試入學委員會「招生名額查詢」；一般生實際招生名額；擷取時間：2026/8/10 16:44:26,非官方整理
063C07,臺中市立沙鹿工業高級中等學校進修部,技高,臺中市,沙鹿區,機械科(夜間班):36(不限)；汽車科(夜間班):36(不限)；電子科(夜間班):36(不限)；紡織科(產特)(夜間班):36(不限),5B2+,112,115學年度中投區高級中等學校免試入學委員會「招生名額查詢」；一般生實際招生名額；擷取時間：2026/8/10 16:44:26,非官方整理
064308,臺中市立后綜高級中學,高中,臺中市,后里區,普通科:264(不限),4B1C8+作文3級分,113,115學年度中投區高級中等學校免試入學委員會「招生名額查詢」；一般生實際招生名額；擷取時間：2026/8/10 16:44:26,非官方整理
064324,臺中市立大里高級中學,高中,臺中市,大里區,普通科:188(不限),2A3B4+作文4級分,113,115學年度中投區高級中等學校免試入學委員會「招生名額查詢」；一般生實際招生名額；擷取時間：2026/8/10 16:44:26,非官方整理
064328,臺中市立新社高級中學,高中,臺中市,新社區,普通科:130(不限)；農場經營科(產特):30(不限)；園藝科(產特):29(不限)；商業經營科:33(不限)；資料處理科:30(不限),4B1C3+作文4級分,113,115學年度中投區高級中等學校免試入學委員會「招生名額查詢」；一般生實際招生名額；擷取時間：2026/8/10 16:44:26,非官方整理
064336,臺中市立長億高級中學,高中,臺中市,太平區,普通科:195(不限),1A4B5+作文4級分,113,115學年度中投區高級中等學校免試入學委員會「招生名額查詢」；一般生實際招生名額；擷取時間：2026/8/10 16:44:26,非官方整理
064342,臺中市立中港高級中學,高中,臺中市,梧棲區,普通科:198(不限),5B7+作文4級分,113,115學年度中投區高級中等學校免試入學委員會「招生名額查詢」；一般生實際招生名額；擷取時間：2026/8/10 16:44:26,非官方整理
064350,臺中市立龍津高級中等學校,高中,臺中市,龍井區,普通科:118(不限),5B3+作文3級分,113,115學年度中投區高級中等學校免試入學委員會「招生名額查詢」；一般生實際招生名額；擷取時間：2026/8/10 16:44:26,非官方整理
064B08,臺中市立后綜高級中學進修部,高中,臺中市,后里區,普通科(夜間班):25(不限),4B1C8+作文3級分,113,115學年度中投區高級中等學校免試入學委員會「招生名額查詢」；一般生實際招生名額；擷取時間：2026/8/10 16:44:26,非官方整理
080305,國立中興高級中學,高中,南投縣,南投市,普通科:350(不限),89 (60),110,115學年度中投區高級中等學校免試入學委員會「招生名額查詢」；一般生實際招生名額；擷取時間：2026/8/10 16:44:26,非官方整理
080308,國立暨南國際大學附屬高級中學,高中,南投縣,埔里鎮,綜合高中:198(不限)；商業經營科:24(不限)；國際貿易科:26(不限)；資料處理科:27(不限)；電子商務科:23(不限),83 (28),110,115學年度中投區高級中等學校免試入學委員會「招生名額查詢」；一般生實際招生名額；擷取時間：2026/8/10 16:44:26,非官方整理
080410,國立水里高級商工職業學校,技高,南投縣,水里鄉,普通科:26(不限)；資訊科:30(不限)；電機科:24(不限)；商業經營科:29(不限)；觀光事業科:28(不限)；餐飲管理科:16(不限)；應用日語科:27(不限),83 (28),110,115學年度中投區高級中等學校免試入學委員會「招生名額查詢」；一般生實際招生名額；擷取時間：2026/8/10 16:44:26,非官方整理
080B05,國立中興高級中學進修部,高中,南投縣,南投市,商業經營科(夜間班):38(不限)；資料處理科(夜間班):38(不限),89 (60),110,115學年度中投區高級中等學校免試入學委員會「招生名額查詢」；一般生實際招生名額；擷取時間：2026/8/10 16:44:26,非官方整理
080B08,國立暨南國際大學附屬高級中學進修部,高中,南投縣,埔里鎮,商業經營科(夜間班):18(不限)；資料處理科(夜間班):18(不限),83 (28),110,115學年度中投區高級中等學校免試入學委員會「招生名額查詢」；一般生實際招生名額；擷取時間：2026/8/10 16:44:26,非官方整理
080C10,國立水里高級商工職業學校進修部,技高,南投縣,水里鄉,餐飲管理科(夜間班):20(不限),83 (28),110,115學年度中投區高級中等學校免試入學委員會「招生名額查詢」；一般生實際招生名額；擷取時間：2026/8/10 16:44:26,非官方整理
084309,南投縣立旭光高級中學,高中,南投縣,草屯鎮,普通科:152(不限),85 (37),110,115學年度中投區高級中等學校免試入學委員會「招生名額查詢」；一般生實際招生名額；擷取時間：2026/8/10 16:44:26,非官方整理
191302,葳格學校財團法人臺中市葳格高級中學,高中,臺中市,北屯區,普通科:45(不限)；餐飲管理科:44(不限),87 (49),110,115學年度中投區高級中等學校免試入學委員會「招生名額查詢」；一般生實際招生名額；擷取時間：2026/8/10 16:44:26,非官方整理
191305,臺中市私立新民高級中學,高中,臺中市,北區,普通科:363(不限)；機械科:45(不限)；資訊科:94(不限)；電子科:45(不限)；電機科:90(不限)；機電科:45(不限)；商業經營科:121(不限)；資料處理科:37(不限)；廣告設計科:45(不限)；觀光事業科:79(不限)；多媒體設計科:93(不限)；應用英語科:81(不限)；應用日語科:74(不限)；室內設計科:45(不限)；表演藝術科:27(不限),87 (44),110,115學年度中投區高級中等學校免試入學委員會「招生名額查詢」；一般生實際招生名額；擷取時間：2026/8/10 16:44:26,非官方整理
191309,明德學校財團法人臺中市明德高級中學,高中,臺中市,南區,普通科:166(不限)；商業經營科:47(不限)；餐飲管理科:117(不限)；多媒體設計科:45(不限)；幼兒保育科:74(不限)；美容科:117(不限),85-91 (37-71),110,115學年度中投區高級中等學校免試入學委員會「招生名額查詢」；一般生實際招生名額；擷取時間：2026/8/10 16:44:26,非官方整理
191311,臺中市私立衛道高級中學,高中,臺中市,北屯區,普通科:180(不限),3A2B5+作文4,113,115學年度中投區高級中等學校免試入學委員會「招生名額查詢」；一般生實際招生名額；擷取時間：2026/8/10 16:44:26,非官方整理
191313,臺中市私立曉明女子高級中學,高中,臺中市,北區,普通科:137(女生),3A2B5+作文5,113,115學年度中投區高級中等學校免試入學委員會「招生名額查詢」；一般生實際招生名額；擷取時間：2026/8/10 16:44:26,非官方整理
191314,臺中市私立嶺東高級中學,高中,臺中市,南屯區,普通科:248(不限)；汽車科:77(不限)；資訊科:35(不限)；電子科:32(不限)；建築科:35(不限)；商業經營科:35(不限)；廣告設計科:34(不限)；觀光事業科:78(不限)；餐飲管理科:34(不限)；多媒體設計科:77(不限)；應用英語科:35(不限),85 (33),110,115學年度中投區高級中等學校免試入學委員會「招生名額查詢」；一般生實際招生名額；擷取時間：2026/8/10 16:44:26,非官方整理
191B05,臺中市私立新民高級中學進修部,高中,臺中市,北區,普通科(日間班):40(不限)；機械科(夜間班):40(不限)；電機科(夜間班):40(不限)；商業經營科(夜間班):40(不限)；觀光事業科(夜間班):40(不限)；多媒體設計科(夜間班):40(不限)；應用英語科(夜間班):40(不限)；應用日語科(夜間班):40(不限),87 (44),110,115學年度中投區高級中等學校免試入學委員會「招生名額查詢」；一般生實際招生名額；擷取時間：2026/8/10 16:44:26,非官方整理
191B14,臺中市私立嶺東高級中學進修部,高中,臺中市,南屯區,資訊科(夜間班):40(不限)；商業經營科(夜間班):40(不限)；資料處理科(夜間班):40(不限)；觀光事業科(夜間班):80(不限),85 (33),110,115學年度中投區高級中等學校免試入學委員會「招生名額查詢」；一般生實際招生名額；擷取時間：2026/8/10 16:44:26,非官方整理
193301,臺中市立臺中女子高級中等學校,高中,臺中市,西區,普通科:613(女生),5A4+作文5級分 國A數英A++,113,115學年度中投區高級中等學校免試入學委員會「招生名額查詢」；一般生實際招生名額；擷取時間：2026/8/10 16:44:26,非官方整理
193302,臺中市立臺中第一高級中等學校,高中,臺中市,北區,普通科:795(男生),5A6+作文4級分 國A++,113,115學年度中投區高級中等學校免試入學委員會「招生名額查詢」；一般生實際招生名額；擷取時間：2026/8/10 16:44:26,非官方整理
193303,臺中市立忠明高級中學,高中,臺中市,西區,普通科:244(不限),3A2B3+作文4級分,113,115學年度中投區高級中等學校免試入學委員會「招生名額查詢」；一般生實際招生名額；擷取時間：2026/8/10 16:44:26,非官方整理
193313,臺中市立西苑高級中學,高中,臺中市,西屯區,普通科:241(不限),2A3B6+作文4級分,113,115學年度中投區高級中等學校免試入學委員會「招生名額查詢」；一般生實際招生名額；擷取時間：2026/8/10 16:44:26,非官方整理
193315,臺中市立東山高級中學,高中,臺中市,北屯區,普通科:199(不限),2A3B6+作文4級分,113,115學年度中投區高級中等學校免試入學委員會「招生名額查詢」；一般生實際招生名額；擷取時間：2026/8/10 16:44:26,非官方整理
193316,臺中市立惠文高級中學,高中,臺中市,南屯區,普通科:294(不限),4A1B4+作文4級分,113,115學年度中投區高級中等學校免試入學委員會「招生名額查詢」；一般生實際招生名額；擷取時間：2026/8/10 16:44:26,非官方整理
193407,臺中市立臺中工業高級中等學校,技高,臺中市,南區,機械科:67(不限)；汽車科:67(不限)；板金科(產特):34(不限)；資訊科:70(不限)；電子科:65(不限)；控制科:66(不限)；電機科:66(不限)；冷凍空調科:67(不限)；建築科:33(不限)；化工科:66(不限)；土木科(產特):32(不限)；圖文傳播科:67(不限)；電腦機械製圖科:69(不限),93 (73-77),110,115學年度中投區高級中等學校免試入學委員會「招生名額查詢」；一般生實際招生名額；擷取時間：2026/8/10 16:44:26,非官方整理
193C07,臺中市立臺中工業高級中等學校進修部,技高,臺中市,南區,機械科(夜間班):22(不限)；汽車科(夜間班):22(不限)；電機科(夜間班):21(不限)；建築科(夜間班):20(不限),93 (73-77),110,115學年度中投區高級中等學校免試入學委員會「招生名額查詢」；一般生實際招生名額；擷取時間：2026/8/10 16:44:26,非官方整理
194303,臺中市立臺中第二高級中等學校,高中,臺中市,北區,普通科:740(不限),3A2B6+作文4,113,115學年度中投區高級中等學校免試入學委員會「招生名額查詢」；一般生實際招生名額；擷取時間：2026/8/10 16:44:26,非官方整理
194315,臺中市立文華高級中等學校,高中,臺中市,西屯區,普通科:279(男生)；普通科:369(女生),4A1B7+作文4級分,113,115學年度中投區高級中等學校免試入學委員會「招生名額查詢」；一般生實際招生名額；擷取時間：2026/8/10 16:44:26,非官方整理
